StockNumber,Make,Model,Badge,RegoNum,VIN,Price,Year,Odometer,Body,Color,EngineSize,GearType,FuelType,StandardFeatures,OptionalFeatures,AdvDescription,YardCode,Series,NVIC,SpecialPrice,IsDemo,IsSpecial,IsPrestiged,StockType,IsUsed,RegoExpiry,VideoLink,Drive,DoorNum,Cylinders,RedbookCode,IsMiles,ShortDescription,InteriorColour,RegoState,BuildDate,ComplianceDate,GCM,GVM,Tare,SleepingCapacity,Toilet,Shower,AirConditioning,Fridge,Stereo,IsDAP,StockStatus,EngineNumber,GearCount,EnginePower,PowerkW,Powerhp,EngineMake,GPS,SerialNumber,WheelSize,TowBallWeight,Warranty,Wheels,AxleConfiguration,Seats
100383,Toyota,Sienta,Hybrid G,,6ZZHNHP1707112678,16995.0000,2017,92668,Van,Purple,1500,Auto,Hybrid,"Power Window,Power Steering,Air Condition,Fog Lights,Winker Mirror,Alloy Wheels,Rear Spoiler,Reverse Camera,Seats Adjustment,Half Leather Seats,Power Slide Doors,Collision Brakes,Keep Lane Assist,Climate Control,Eco Mode,Traction Control",,"Toyota Sienta 2017 <br />Stock No: 100383<br />Mileage: 92,668 km<br /><br />Looking for a reliable, high-quality vehicle? This carefully selected Japanese import offers excellent value, comfort, and practicality.<br /><br />Every vehicle is sourced directly from Japan and selected to meet our high standards of quality and condition.<br /><br />Odometer Verified<br /><br />The odometer reading is verified through official Japanese Auction Sheets and Import Documentation, available for your reference and peace of mind.<br /><br />Price Includes:<br /><br />Roadworthy Certificate (RWC)<br />Registration<br />Transfer Fees<br /><br />Additional Services Available:<br /><br />Video Walkaround Inspections<br />Finance & Car Loan Options<br />GST Invoice Available<br />15 Year Extended Warranty<br />Australia-Wide Delivery Available<br /><br />Why Buy From UKA Japan Motors?<br /><br />Trusted Japanese Import Specialists<br />Quality Vehicles Direct from Japan<br />Verified Odometer Readings<br />Competitive Finance Solutions<br />Extended Warranty Options<br />Friendly & Experienced Team<br /><br /><br /><br />Maidstone Yard<br />205 Ballarat Rd, Maidstone VIC 3012, Australiaa<br />Phone: 03 4329 0786<br />Email: sales.maidstone@ukajapan.com.au<br />View Stock: www.ukajapan.com.au<br /><br />LMCT: 4933717<br /><br />Note: Vehicle specifications and features may be automatically generated by third-party platforms. Please confirm all features, options, and specifications with our sales team prior to purchase.<br /><br /><br /><br /><br />100709",1,NHP170,,,False,False,False,A,True,,,2WD,5,4,,False,NHP170-7112678,Gray,VIC,12/17,03/25,,,,,,,Yes,,,False,In_Stock,0000,,,,,,,,0,,,,,7
100430,Toyota,Raize,Hybrid G,,6ZZN0A202A0021459,23995.0000,2022,73550,SUV,Sky Blue,1200,Auto,Hybrid,"Power Steering,Power Window,Air Condition,Push Start,Winker Mirror,Alloy Wheel,Parking Sensor,Reverse Camera,Rear Spoiler,Climate Control,Collision Control,Traction Control,Auto Headlights,ABS Brakes,Eco Mode,Dash Camera,Seats Adjustment",,"Toyota Raize 2022<br />Stock No: 100430<br />Mileage: 73,550 km<br /><br />Looking for a reliable, high-quality vehicle? This carefully selected Japanese import offers excellent value, comfort, and practicality.<br /><br />Every vehicle is sourced directly from Japan and selected to meet our high standards of quality and condition.<br /><br />Odometer Verified<br /><br />The odometer reading is verified through official Japanese Auction Sheets and Import Documentation, available for your reference and peace of mind.<br /><br />Price Includes:<br /><br />Roadworthy Certificate (RWC)<br />Registration<br />Transfer Fees<br /><br />Additional Services Available:<br /><br />Video Walkaround Inspections<br />Finance & Car Loan Options<br />GST Invoice Available<br />1-5 Year Extended Warranty<br />Australia-Wide Delivery Available<br /><br />Why Buy From UKA Japan Motors?<br /><br />Trusted Japanese Import Specialists<br />Quality Vehicles Direct from Japan<br />Verified Odometer Readings<br />Competitive Finance Solutions<br />Extended Warranty Options<br />Friendly & Experienced Team<br /><br /><br /><br />Maidstone Yard<br />205 Ballarat Rd, Maidstone VIC 3012, Australiaa<br />Phone: 03 4329 0786<br />Email: sales.maidstone@ukajapan.com.au<br />View Stock: www.ukajapan.com.au<br /><br />LMCT: 0012708<br /><br />Note: Vehicle specifications and features may be automatically generated by third-party platforms. Please confirm all features, options, and specifications with our sales team prior to purchase.",1,A202A,,22995.0000,False,False,False,A,True,,,2WD,5,4,,False,A202A-0021459,Gray,VIC,03/22,04/25,,,,,,,Yes,,,False,In_Stock,000,,,,,,,,0,,,,,5
100431,Toyota,Crown,Royal saloon,,6ZZFAWS2106088536,20995.0000,2015,114353,Sedan,Silver,2500,Auto,Hybrid,"Power Steering,Power Window,Air Condition,Reverse Camera,Push Start,Winker Mirror,Fog Lights,Alloy Wheel,Parking Sensor,Leather Seats,Ev Mode,Traction Control,Heated Seats,Cruise Control,Power Mirror,Dash Camera,Folding Side Mirror,Electric Seats Adjustment,Multi Zone Climate Control",,"Toyota Crown 2015 <br />Stock No: 100431<br />Mileage: 114,353 km<br /><br />Looking for a reliable, high-quality vehicle? This carefully selected Japanese import offers excellent value, comfort, and practicality.<br /><br />Every vehicle is sourced directly from Japan and selected to meet our high standards of quality and condition.<br /><br />Odometer Verified<br /><br />The odometer reading is verified through official Japanese Auction Sheets and Import Documentation, available for your reference and peace of mind.<br /><br />Price Includes:<br /><br />Roadworthy Certificate (RWC)<br />Registration<br />Transfer Fees<br /><br />Additional Services Available:<br /><br />Video Walkaround Inspections<br />Finance & Car Loan Options<br />GST Invoice Available<br />1-5 Year Extended Warranty<br />Australia-Wide Delivery Available<br /><br />Why Buy From UKA Japan Motors?<br /><br />Trusted Japanese Import Specialists<br />Quality Vehicles Direct from Japan<br />Verified Odometer Readings<br />Competitive Finance Solutions<br />Extended Warranty Options<br />Friendly & Experienced Team<br /><br /><br /><br />Maidstone Yard<br />205 Ballarat Rd, Maidstone VIC 3012, Australiaa<br />Phone: 03 4329 0786<br />Email: sales.maidstone@ukajapan.com.au<br />View Stock: www.ukajapan.com.au<br /><br />LMCT: 0012708<br /><br />Note: Vehicle specifications and features may be automatically generated by third-party platforms. Please confirm all features, options, and specifications with our sales team prior to purchase.",1,AWS210,,,False,False,False,A,True,,,2WD,4,4,,False,AWS210-6088536,Gray,VIC,04/15,07/05,,,,,,,Yes,,,False,In_Stock,0000,,,,,,,,0,,,,,5
100508,Toyota,Corolla Fielder,HYBRID EX,,6ZZMNKE1657243101,19995.0000,2021,116255,Station Wagon,White,1500,Auto,Hybrid,"Power Steering,Power Window,Winker Mirror,ABS Brakes,Air Condition,Push Start,Fog Light,Reverse Camera,Rear Spoiler,Seats Adjustment,Dash Cam,Climate Control,ECO Mode,Traction Control,EV Mode,Collision Braking,Keep Lane Assist",,"Toyota Corolla Fielder 2021 <br /> Stock No:  [100508]<br /> Mileage:   [116,255 km ]<br /><br /><br /><br /><br /><br /><br /><br />Looking for a reliable, high-quality vehicle? This carefully selected Japanese import offers excellent value, comfort, and practicality.<br /><br />Every vehicle is sourced directly from Japan and selected to meet our high standards of quality and condition.<br /><br />Odometer Verified<br /><br />The odometer reading is verified through official Japanese Auction Sheets and Import Documentation, available for your reference and peace of mind.<br /><br />Price Includes:<br /><br />Roadworthy Certificate (RWC)<br />Registration<br />Transfer Fees<br /><br />Additional Services Available:<br /><br />Video Walkaround Inspections<br />Finance & Car Loan Options<br />GST Invoice Available<br />1-5 Year Extended Warranty<br />Australia-Wide Delivery Available<br /><br />Why Buy From UKA Japan Motors?<br /><br />Trusted Japanese Import Specialists<br />Quality Vehicles Direct from Japan<br />Verified Odometer Readings<br />Competitive Finance Solutions<br />Extended Warranty Options<br />Friendly & Experienced Team<br /><br /><br /><br />Mordialloc Yard<br />247 Boundary Road, Mordialloc VIC 3195 <br />Phone: 03 7065 6403<br />sales.mordialloc@ukajapan.com.au<br />View Stock: www.ukajapan.com.au<br /><br />LMCT: 0012708<br /><br />Note: Vehicle specifications and features may be automatically generated by third-party platforms. Please confirm all features, options, and specifications with our sales team prior to purchase.",2,NKE165,,18995.0000,False,False,False,A,True,,,2WD,5,4,,False,NKE165-7243101,Gray,VIC,02/21,06/25,,,,,,,Yes,,,False,In_Stock,0000,,,,,,,,0,,,,,5
100555,Honda,Odyssey,HYBRID HONDA SENSING,,6ZZG000RC41001886,19995.0000,2016,145172,Van,Black,2000,Auto,Hybrid,"Power Steering,Power Window,Winker Mirror,ABS Brakes,Air Condition,Alloy Wheel,Push Start,Traction Control,Keep Lane Assist,Collision Braking,Cruise Control,Dash Camera,Rear Spoiler,Climate Control,Seats Adjustment,Folding Side Mirror",,"Honda Odyssey 2016<br />Stock No: 100555<br />Mileage: 145,172  km<br /><br />Looking for a reliable, high-quality vehicle? This carefully selected Japanese import offers excellent value, comfort, and practicality.<br /><br />Every vehicle is sourced directly from Japan and selected to meet our high standards of quality and condition.<br /><br />Odometer Verified<br /><br />The odometer reading is verified through official Japanese Auction Sheets and Import Documentation, available for your reference and peace of mind.<br /><br />Price Includes:<br /><br />Roadworthy Certificate (RWC)<br />Registration<br />Transfer Fees<br /><br />Additional Services Available:<br /><br />Video Walkaround Inspections<br />Finance & Car Loan Options<br />GST Invoice Available<br />1-5 Year Extended Warranty<br />Australia-Wide Delivery Available<br /><br />Why Buy From UKA Japan Motors?<br /><br />Trusted Japanese Import Specialists<br />Quality Vehicles Direct from Japan<br />Verified Odometer Readings<br />Competitive Finance Solutions<br />Extended Warranty Options<br />Friendly & Experienced Team<br /><br /><br /><br />Maidstone Yard<br />205 Ballarat Rd, Maidstone VIC 3012, Australiaa<br />Phone: 03 4329 0786<br />Email: sales.maidstone@ukajapan.com.au<br />View Stock: www.ukajapan.com.au<br /><br />LMCT: 0012708<br /><br />Note: Vehicle specifications and features may be automatically generated by third-party platforms. Please confirm all features, options, and specifications with our sales team prior to purchase.",1,RC4,,,False,False,False,A,True,,,2WD,5,4,,False,RC4-1001886,Gray,VIC,02/16,06/25,,,,,,,Yes,,,False,In_Stock,00000,,,,,,,,0,,,,,7
100596,Honda,Grace,Hybrid Dx,,6ZZH000GM41110484,15995.0000,2017,73855,Sedan,Silver,1500,Auto,Hybrid,"Power Steering,Power Window,Air Condition,Winker Mirror,ABS Brakes,Alloy Wheel,Dash Camera,Climate Control,Push Start,Traction Control,Parking Sensor,Seats Adjustment",,"Honda Grace 2017 <br />Stock No: 100596<br />Mileage: 73,855 km<br /><br />Looking for a reliable, high-quality vehicle? This carefully selected Japanese import offers excellent value, comfort, and practicality.<br /><br />Every vehicle is sourced directly from Japan and selected to meet our high standards of quality and condition.<br /><br />Odometer Verified<br /><br />The odometer reading is verified through official Japanese Auction Sheets and Import Documentation, available for your reference and peace of mind.<br /><br />Price Includes:<br /><br />Roadworthy Certificate (RWC)<br />Registration<br />Transfer Fees<br /><br />Additional Services Available:<br /><br />Video Walkaround Inspections<br />Finance & Car Loan Options<br />GST Invoice Available<br />1-5 Year Extended Warranty<br />Australia-Wide Delivery Available<br /><br />Why Buy From UKA Japan Motors?<br /><br />Trusted Japanese Import Specialists<br />Quality Vehicles Direct from Japan<br />Verified Odometer Readings<br />Competitive Finance Solutions<br />Extended Warranty Options<br />Friendly & Experienced Team<br /><br /><br /><br />Maidstone Yard<br />205 Ballarat Rd, Maidstone VIC 3012, Australiaa<br />Phone: 03 4329 0786<br />Email: sales.maidstone@ukajapan.com.au<br />View Stock: www.ukajapan.com.au<br /><br />LMCT: 0012708<br /><br />Note: Vehicle specifications and features may be automatically generated by third-party platforms. Please confirm all features, options, and specifications with our sales team prior to purchase.",1,GM4,,,False,False,False,A,True,,,2WD,4,4,,False,GM4-1110484,Gray,VIC,05/17,09/25,,,,,,,Yes,,,False,In_Stock,0,,,,,,,,0,,,,,5
100600,Suzuki,Swift,HYBRID RS,002RM3 5,6ZZJ00ZC53S113550,15995.0000,2018,72047,Hatchback,Black,1200,Auto,Hybrid,"Power Window,Power Steering,Air Condition,Alloy Wheel,Winker Mirror,Rear Spoiler,Push Start,Fog Lights,Seats Adjustment,Traction Control,Collision Braking,Keep Lane Assist,Climate Control,Dash Camera",,"Suzuki Swift 2018<br />Stock No: 100600<br />Mileage: 72,047 km<br /><br />Looking for a reliable, high-quality vehicle? This carefully selected Japanese import offers excellent value, comfort, and practicality.<br /><br />Every vehicle is sourced directly from Japan and selected to meet our high standards of quality and condition.<br /><br />Odometer Verified<br /><br />The odometer reading is verified through official Japanese Auction Sheets and Import Documentation, available for your reference and peace of mind.<br /><br />Price Includes:<br /><br />Roadworthy Certificate (RWC)<br />Registration<br />Transfer Fees<br /><br />Additional Services Available:<br /><br />Video Walkaround Inspections<br />Finance & Car Loan Options<br />GST Invoice Available<br />1-5 Year Extended Warranty<br />Australia-Wide Delivery Available<br /><br />Why Buy From UKA Japan Motors?<br /><br />Trusted Japanese Import Specialists<br />Quality Vehicles Direct from Japan<br />Verified Odometer Readings<br />Competitive Finance Solutions<br />Extended Warranty Options<br />Friendly & Experienced Team<br /><br /><br /><br />Mordialloc Yard<br />247 Boundary Road, Mordialloc VIC 3195 <br />Phone: 03 7065 6403<br />sales.mordialloc@ukajapan.com.au<br />View Stock: www.ukajapan.com.au<br /><br />LMCT: 0012708<br /><br />Note: Vehicle specifications and features may be automatically generated by third-party platforms. Please confirm all features, options, and specifications with our sales team prior to purchase.",2,ZC53S,,,False,False,False,A,True,,,2WD,5,4,,False,ZC53S-113550,Gray,VIC,06/18,09/25,,,,,,,Yes,,,False,On_Offer,K12C5404672,,,,,,,,0,,,,,5
100603,Suzuki,Swift,HYBRID RS,,6ZZJ00ZC53S113759,17495.0000,2018,107264,Hatchback,Pearl White,1200,Auto,Hybrid,"Power Steering,Power Widow,Air Condition,Alloy Wheel,Fog Light,Winker Mirror,Rear Spoiler,Seats Adjustment,Traction Control,Push Start,Dash Camera,Climate Control",,"Suzuki Swift 2018<br />Stock No: 100603<br />Mileage: 107,264 km<br /><br />Looking for a reliable, high-quality vehicle? This carefully selected Japanese import offers excellent value, comfort, and practicality.<br /><br />Every vehicle is sourced directly from Japan and selected to meet our high standards of quality and condition.<br /><br />Odometer Verified<br /><br />The odometer reading is verified through official Japanese Auction Sheets and Import Documentation, available for your reference and peace of mind.<br /><br />Price Includes:<br /><br />Roadworthy Certificate (RWC)<br />Registration<br />Transfer Fees<br /><br />Additional Services Available:<br /><br />Video Walkaround Inspections<br />Finance & Car Loan Options<br />GST Invoice Available<br />1-5 Year Extended Warranty<br />Australia-Wide Delivery Available<br /><br />Why Buy From UKA Japan Motors?<br /><br />Trusted Japanese Import Specialists<br />Quality Vehicles Direct from Japan<br />Verified Odometer Readings<br />Competitive Finance Solutions<br />Extended Warranty Options<br />Friendly & Experienced Team<br /><br /><br /><br />Maidstone Yard<br />205 Ballarat Rd, Maidstone VIC 3012, Australiaa<br />Phone: 03 4329 0786<br />Email: sales.maidstone@ukajapan.com.au<br />View Stock: www.ukajapan.com.au<br /><br />LMCT: 0012708<br /><br />Note: Vehicle specifications and features may be automatically generated by third-party platforms. Please confirm all features, options, and specifications with our sales team prior to purchase.",1,ZC53S,,,False,False,False,A,True,,,2WD,5,4,,False,ZC53S-113759,Gray,VIC,01/18,09/25,,,,,,,Yes,,,False,In_Stock,0,,,,,,,,0,,,,,5
100608,Nissan,Note E-Power,S,,6ZZN0000E13061094,18995.0000,2022,57112,Hatchback,Silver,1200,Auto,Hybrid,"Power Steering,Power Window,Power Mirror,Air Condition,ABS Brakes,Reverse Camera,Rear Spoiler,Seats Adjustment,Dash Camera,Climate Control,EV Mode,Parking Sensor",,"Nissan Note E-Power 2022<br />Stock No: 100608<br />Mileage: 57,112km<br /><br /><br />Looking for a reliable, high-quality vehicle? This carefully selected Japanese import offers excellent value, comfort, and practicality.<br /><br />Every vehicle is sourced directly from Japan and selected to meet our high standards of quality and condition.<br /><br />Odometer Verified<br /><br />The odometer reading is verified through official Japanese Auction Sheets and Import Documentation, available for your reference and peace of mind.<br /><br />Price Includes:<br /><br />Roadworthy Certificate (RWC)<br />Registration<br />Transfer Fees<br /><br />Additional Services Available:<br /><br />Video Walkaround Inspections<br />Finance & Car Loan Options<br />GST Invoice Available<br />1-5 Year Extended Warranty<br />Australia-Wide Delivery Available<br /><br />Why Buy From UKA Japan Motors?<br /><br />Trusted Japanese Import Specialists<br />Quality Vehicles Direct from Japan<br />Verified Odometer Readings<br />Competitive Finance Solutions<br />Extended Warranty Options<br />Friendly & Experienced Team<br /><br /><br /><br />Mordialloc Yard<br />247 Boundary Road, Mordialloc VIC 3195 <br />Phone: 03 7065 6403<br />sales.mordialloc@ukajapan.com.au<br />View Stock: www.ukajapan.com.au<br /><br />LMCT: 0012708<br /><br />Note: Vehicle specifications and features may be automatically generated by third-party platforms. Please confirm all features, options, and specifications with our sales team prior to purchase.",2,E13,,,False,False,False,A,True,,,2WD,5,4,,False,E13-061094,Gray,VIC,03/22,11/25,,,,,,,Yes,,,False,On_Offer,0,,,,,,,,0,,,,,5
100609,Honda,Grace,D X,2FU1XX,6ZZH000GM41110274,15800.0000,2017,43187,Sedan,Pearl White,1500,Auto,Hybrid,"Power Steering,Power Window,Winker Mirror,ABS Brakes,Push Start,Traction Control,Parking Sensor,Dash Camera,Seats Adjustment",,"Honda Grace 2017<br />Stock No: 100609<br />Mileage: 43,187 km<br /><br />Looking for a reliable, high-quality vehicle? This carefully selected Japanese import offers excellent value, comfort, and practicality.<br /><br />Every vehicle is sourced directly from Japan and selected to meet our high standards of quality and condition.<br /><br />Odometer Verified<br /><br />The odometer reading is verified through official Japanese Auction Sheets and Import Documentation, available for your reference and peace of mind.<br /><br />Price Includes:<br /><br />Roadworthy Certificate (RWC)<br />Registration<br />Transfer Fees<br /><br />Additional Services Available:<br /><br />Video Walkaround Inspections<br />Finance & Car Loan Options<br />GST Invoice Available<br />1-5 Year Extended Warranty<br />Australia-Wide Delivery Available<br /><br />Why Buy From UKA Japan Motors?<br /><br />Trusted Japanese Import Specialists<br />Quality Vehicles Direct from Japan<br />Verified Odometer Readings<br />Competitive Finance Solutions<br />Extended Warranty Options<br />Friendly & Experienced Team<br /><br /><br /><br />Maidstone Yard<br />205 Ballarat Rd, Maidstone VIC 3012, Australiaa<br />Phone: 03 4329 0786<br />Email: sales.maidstone@ukajapan.com.au<br />View Stock: www.ukajapan.com.au<br /><br />LMCT: 0012708<br /><br />Note: Vehicle specifications and features may be automatically generated by third-party platforms. Please confirm all features, options, and specifications with our sales team prior to purchase.",1,GM4,,,False,False,False,A,True,16/12/2026,,2WD,4,4,,False,GM4-1110274,Gray,VIC,05/17,09/26,,,,,,,Yes,,,True,On_Offer,LEB5260297,,,,,,,,0,,,,,5
100610,Honda,Grace,Hybrid LX,,6ZZF000GM41101475,14495.0000,2015,95642,Sedan,Black,1500,Auto,Hybrid,"Power Steering,Power Window,Winker Mirror,ABS Brakes,Air Condition,Push Start,Reverse Camera,Cruise Control,Traction Control,Parking Sensor,Seats Adjustment,Alloy Wheel,Fog Lights",,"Honda Grace 2015<br />Stock No: 100610<br />Mileage: 95,642 km<br /><br />Looking for a reliable, high-quality vehicle? This carefully selected Japanese import offers excellent value, comfort, and practicality.<br /><br />Every vehicle is sourced directly from Japan and selected to meet our high standards of quality and condition.<br /><br />Odometer Verified<br /><br />The odometer reading is verified through official Japanese Auction Sheets and Import Documentation, available for your reference and peace of mind.<br /><br />Price Includes:<br /><br />Roadworthy Certificate (RWC)<br />Registration<br />Transfer Fees<br /><br />Additional Services Available:<br /><br />Video Walkaround Inspections<br />Finance & Car Loan Options<br />GST Invoice Available<br />1-5 Year Extended Warranty<br />Australia-Wide Delivery Available<br /><br />Why Buy From UKA Japan Motors?<br /><br />Trusted Japanese Import Specialists<br />Quality Vehicles Direct from Japan<br />Verified Odometer Readings<br />Competitive Finance Solutions<br />Extended Warranty Options<br />Friendly & Experienced Team<br /><br /><br /><br />Mordialloc Yard<br />247 Boundary Road, Mordialloc VIC 3195 <br />Phone: 03 7065 6403<br />sales.mordialloc@ukajapan.com.au<br />View Stock: www.ukajapan.com.au<br /><br />LMCT: 0012708<br /><br />Note: Vehicle specifications and features may be automatically generated by third-party platforms. Please confirm all features, options, and specifications with our sales team prior to purchase.",2,GM4,,,False,False,False,A,True,,,2WD,4,4,,False,GM4-1101475,Gray,VIC,12/15,08/25,,,,,,,Yes,,,True,On_Offer,0000,,,,,,,,0,,,,,5
100613,Toyota,Corolla Fielder,Hybrid EX,,6ZZMNKE1657244941,18995.0000,2021,112238,Station Wagon,Black,1500,Auto,Hybrid,"Power Steering,Power Window,Winker Mirror,ABS Brakes,Air Condition,Push Start,Rear Spoiler,Seats Adjustment,Keep Lane Assist,Collision Braking,Dual Zone Climate Control",,"Toyota Corolla Fielder 2021<br />Stock No: 100613<br />Mileage: 112,238 km<br /><br />Looking for a reliable, high-quality vehicle? This carefully selected Japanese import offers excellent value, comfort, and practicality.<br /><br />Every vehicle is sourced directly from Japan and selected to meet our high standards of quality and condition.<br /><br />Odometer Verified<br /><br />The odometer reading is verified through official Japanese Auction Sheets and Import Documentation, available for your reference and peace of mind.<br /><br />Price Includes:<br /><br />Roadworthy Certificate (RWC)<br />Registration<br />Transfer Fees<br /><br />Additional Services Available:<br /><br />Video Walkaround Inspections<br />Finance & Car Loan Options<br />GST Invoice Available<br />1-5 Year Extended Warranty<br />Australia-Wide Delivery Available<br /><br />Why Buy From UKA Japan Motors?<br /><br />Trusted Japanese Import Specialists<br />Quality Vehicles Direct from Japan<br />Verified Odometer Readings<br />Competitive Finance Solutions<br />Extended Warranty Options<br />Friendly & Experienced Team<br /><br /><br /><br />Maidstone Yard<br />205 Ballarat Rd, Maidstone VIC 3012, Australiaa<br />Phone: 03 4329 0786<br />Email: sales.maidstone@ukajapan.com.au<br />View Stock: www.ukajapan.com.au<br /><br />LMCT: 0012708<br /><br />Note: Vehicle specifications and features may be automatically generated by third-party platforms. Please confirm all features, options, and specifications with our sales team prior to purchase.",1,NKE165,,,False,False,False,A,True,,,2WD,5,4,,False,NKE165-7244941,Gray,VIC,04/21,08/25,,,,,,,Yes,,,False,In_Stock,0,,,,,,,,0,,,,,5
100614,Toyota,Corolla Fielder,Hybrid EX,,6ZZMNKE1657252041,19995.0000,2021,118970,Station Wagon,Pearl White,1500,Auto,Hybrid,"Power Steering,Power Window,Winker Mirror,ABS Brakes,Air Condition,Push Start,Dual Zone Climate Control,Seats Adjustment,Rear Spoiler,Reverse Camera,Parking Sensor,Keep Lane Assist,Collision Braking,Folding Side Mirror,Ev Mode",,"Toyota Corolla Fielder 2021<br />Stock No: 100614<br />Mileage: 118,970 km<br /><br />Looking for a reliable, high-quality vehicle? This carefully selected Japanese import offers excellent value, comfort, and practicality.<br /><br />Every vehicle is sourced directly from Japan and selected to meet our high standards of quality and condition.<br /><br />Odometer Verified<br /><br />The odometer reading is verified through official Japanese Auction Sheets and Import Documentation, available for your reference and peace of mind.<br /><br />Price Includes:<br /><br />Roadworthy Certificate (RWC)<br />Registration<br />Transfer Fees<br /><br />Additional Services Available:<br /><br />Video Walkaround Inspections<br />Finance & Car Loan Options<br />GST Invoice Available<br />1-5 Year Extended Warranty<br />Australia-Wide Delivery Available<br /><br />Why Buy From UKA Japan Motors?<br /><br />Trusted Japanese Import Specialists<br />Quality Vehicles Direct from Japan<br />Verified Odometer Readings<br />Competitive Finance Solutions<br />Extended Warranty Options<br />Friendly & Experienced Team<br /><br /><br /><br />Maidstone Yard<br />205 Ballarat Rd, Maidstone VIC 3012, Australiaa<br />Phone: 03 4329 0786<br />Email: sales.maidstone@ukajapan.com.au<br />View Stock: www.ukajapan.com.au<br /><br />LMCT: 0012708<br /><br />Note: Vehicle specifications and features may be automatically generated by third-party platforms. Please confirm all features, options, and specifications with our sales team prior to purchase.",1,NKE165,,,False,False,False,A,True,,,2WD,5,4,,False,NKE165-7252041,Gray,VIC,11/21,02/19,,,,,,,Yes,,,False,In_Stock,0,,,,,,,,0,,,,,5
100634,Honda,Fit,F,,6ZZJ000GP51319708,15495.0000,2018,80887,Hatchback,White,1500,Auto,Hybrid,"Power Steering,Power Window,Air Condition,ABS Braking,Push Start,Winker Mirror,Alloy Wheel,Rear Spoiler,Reverse Camera,Traction Control,Parking Sensor,Seats Adjustment,Dash Camera,Climate Control",,"Honda Fit 2018<br />Stock No: 100634<br />Mileage: 80,887 km<br /><br />Looking for a reliable, high-quality vehicle? This carefully selected Japanese import offers excellent value, comfort, and practicality.<br /><br />Every vehicle is sourced directly from Japan and selected to meet our high standards of quality and condition.<br /><br />Odometer Verified<br /><br />The odometer reading is verified through official Japanese Auction Sheets and Import Documentation, available for your reference and peace of mind.<br /><br />Price Includes:<br /><br />Roadworthy Certificate (RWC)<br />Registration<br />Transfer Fees<br /><br />Additional Services Available:<br /><br />Video Walkaround Inspections<br />Finance & Car Loan Options<br />GST Invoice Available<br />1-5 Year Extended Warranty<br />Australia-Wide Delivery Available<br /><br />Why Buy From UKA Japan Motors?<br /><br />Trusted Japanese Import Specialists<br />Quality Vehicles Direct from Japan<br />Verified Odometer Readings<br />Competitive Finance Solutions<br />Extended Warranty Options<br />Friendly & Experienced Team<br /><br /><br /><br />Maidstone Yard<br />205 Ballarat Rd, Maidstone VIC 3012, Australiaa<br />Phone: 03 4329 0786<br />Email: sales.maidstone@ukajapan.com.au<br />View Stock: www.ukajapan.com.au<br /><br />LMCT: 0012708<br /><br />Note: Vehicle specifications and features may be automatically generated by third-party platforms. Please confirm all features, options, and specifications with our sales team prior to purchase.",1,GP5,,,False,False,False,A,True,,,2WD,5,4,,False,GP5-1319708,Gray,VIC,03/18,10/25,,,,,,,Yes,,,False,In_Stock,0,,,,,,,,0,,,,,5
100654,Suzuki,Alto,L SAFETY SUPPORT,,6ZZM00HA36S611615,11495.0000,2021,92530,Hatchback,Pearl White,660,Auto,Petrol,"Power Steering,Power Window,Air Condition,ABS Braking,Parking Sensor,Climate Control,Seats Adjustment,Traction Control,Heated Seats,Key Start",,"Suzuki Alto 2021<br />Stock No: 100654<br />Mileage: 92,530 km<br /><br />Looking for a reliable, high-quality vehicle? This carefully selected Japanese import offers excellent value, comfort, and practicality.<br /><br />Every vehicle is sourced directly from Japan and selected to meet our high standards of quality and condition.<br /><br />Odometer Verified<br /><br />The odometer reading is verified through official Japanese Auction Sheets and Import Documentation, available for your reference and peace of mind.<br /><br />Price Includes:<br /><br />Roadworthy Certificate (RWC)<br />Registration<br />Transfer Fees<br /><br />Additional Services Available:<br /><br />Video Walkaround Inspections<br />Finance & Car Loan Options<br />GST Invoice Available<br />1-5 Year Extended Warranty<br />Australia-Wide Delivery Available<br /><br />Why Buy From UKA Japan Motors?<br /><br />Trusted Japanese Import Specialists<br />Quality Vehicles Direct from Japan<br />Verified Odometer Readings<br />Competitive Finance Solutions<br />Extended Warranty Options<br />Friendly & Experienced Team<br /><br /><br /><br />Maidstone Yard<br />205 Ballarat Rd, Maidstone VIC 3012, Australiaa<br />Phone: 03 4329 0786<br />Email: sales.maidstone@ukajapan.com.au<br />View Stock: www.ukajapan.com.au<br /><br />LMCT: 0012708<br /><br />Note: Vehicle specifications and features may be automatically generated by third-party platforms. Please confirm all features, options, and specifications with our sales team prior to purchase.",1,HA36S,,,False,False,False,A,True,,,4WD,5,3,,False,HA36S-611615,Gray,VIC,03/21,12/25,,,,,,,Yes,,,False,In_Stock,00000,,,,,,,,0,,,,,4
100655,Toyota,Land Cruiser,VX LTD,,6ZZXHDJ1010012965,29995.0000,1999,256875,SUV,Pearl White,4200,Auto,Diesel,"Power Steering,Power Window,Air Condition,ABS Brakes,Push Start,Fog Lights,Ally Wheel,Reverse Camera,Seats Adjustment,Dual Zone Climate Control,Dash Camera",,"Toyota Land Cruiser 1999<br />Stock No: 100655<br />Mileage: 256,875km<br /><br /><br />Looking for a reliable, high-quality vehicle? This carefully selected Japanese import offers excellent value, comfort, and practicality.<br /><br />Every vehicle is sourced directly from Japan and selected to meet our high standards of quality and condition.<br /><br />Odometer Verified<br /><br />The odometer reading is verified through official Japanese Auction Sheets and Import Documentation, available for your reference and peace of mind.<br /><br />Price Includes:<br /><br />Roadworthy Certificate (RWC)<br />Registration<br />Transfer Fees<br /><br />Additional Services Available:<br /><br />Video Walkaround Inspections<br />Finance & Car Loan Options<br />GST Invoice Available<br />1-5 Year Extended Warranty<br />Australia-Wide Delivery Available<br /><br />Why Buy From UKA Japan Motors?<br /><br />Trusted Japanese Import Specialists<br />Quality Vehicles Direct from Japan<br />Verified Odometer Readings<br />Competitive Finance Solutions<br />Extended Warranty Options<br />Friendly & Experienced Team<br /><br /><br /><br />Mordialloc Yard<br />247 Boundary Road, Mordialloc VIC 3195 <br />Phone: 03 7065 6403<br />sales.mordialloc@ukajapan.com.au<br />View Stock: www.ukajapan.com.au<br /><br />LMCT: 0012708<br /><br />Note: Vehicle specifications and features may be automatically generated by third-party platforms. Please confirm all features, options, and specifications with our sales team prior to purchase.",2,HDJ101K,,,False,False,False,A,True,,,4WD,5,6,,False,HDJ101K-0012965,Gray,VIC,03/99,10/25,,,,,,,Yes,,,False,In_Stock,0,,,,,,,,0,,,,,5
100692,Toyota,Corolla Axio,Hybrid EX,2FX3SF,6ZZNNKE1657258465,24995.0000,2022,24193,Sedan,White,1500,Auto,Hybrid,"Power Steering,Power Window,Winker Mirror,ABS Brakes,Reverse Camera,Air Conditon,Parking Sensor,Seats Adjustment,Collision Braking,Keep Lane Assist,Push Start",,"Toyota Corolla Axio 2022<br />Stock No: 100692<br />Mileage: 24,193km<br /><br />Looking for a reliable, high-quality vehicle? This carefully selected Japanese import offers excellent value, comfort, and practicality.<br /><br />Every vehicle is sourced directly from Japan and selected to meet our high standards of quality and condition.<br /><br />Odometer Verified<br /><br />The odometer reading is verified through official Japanese Auction Sheets and Import Documentation, available for your reference and peace of mind.<br /><br />Price Includes:<br /><br />Roadworthy Certificate (RWC)<br />Registration<br />Transfer Fees<br /><br />Additional Services Available:<br /><br />Video Walkaround Inspections<br />Finance & Car Loan Options<br />GST Invoice Available<br />1-5 Year Extended Warranty<br />Australia-Wide Delivery Available<br /><br />Why Buy From UKA Japan Motors?<br /><br />Trusted Japanese Import Specialists<br />Quality Vehicles Direct from Japan<br />Verified Odometer Readings<br />Competitive Finance Solutions<br />Extended Warranty Options<br />Friendly & Experienced Team<br /><br /><br /><br />Mordialloc Yard<br />247 Boundary Road, Mordialloc VIC 3195 <br />Phone: 03 7065 6403<br />sales.mordialloc@ukajapan.com.au<br />View Stock: www.ukajapan.com.au<br /><br />LMCT: 0012708<br /><br />Note: Vehicle specifications and features may be automatically generated by third-party platforms. Please confirm all features, options, and specifications with our sales team prior to purchase.",2,NKE165,,22995.0000,False,False,False,A,True,15/09/2026,,2WD,5,4,,False,NKE165-7258465,Gray,VIC,04/22,10/25,,,,,,,Yes,,,False,On_Offer,1nz9402838,,,,,,,,0,,,,,5
100709,Honda,Vezel,HYBRID Z,,6ZZE000RU31063173,16999.0000,2014,90318,SUV,Black,1500,Auto,Hybrid,"Power Steering,Power Window,Air Condition,Reverse Camera,Fog Lights,Alloy Wheel,Winker Mirror,Rear Spoiler,Push Start,Dash Camera,Cruise Control,Climate Control,Seats Adjudtment,Traction Conrtol,Parking Sensor",,"Honda Vezel 2014<br />Stock No: 100709<br />Mileage: 90,318 km<br /><br /><br />Looking for a reliable, high-quality vehicle? This carefully selected Japanese import offers excellent value, comfort, and practicality.<br /><br />Every vehicle is sourced directly from Japan and selected to meet our high standards of quality and condition.<br /><br />Odometer Verified<br /><br />The odometer reading is verified through official Japanese Auction Sheets and Import Documentation, available for your reference and peace of mind.<br /><br />Price Includes:<br /><br />Roadworthy Certificate (RWC)<br />Registration<br />Transfer Fees<br /><br />Additional Services Available:<br /><br />Video Walkaround Inspections<br />Finance & Car Loan Options<br />GST Invoice Available<br />1-5 Year Extended Warranty<br />Australia-Wide Delivery Available<br /><br />Why Buy From UKA Japan Motors?<br /><br />Trusted Japanese Import Specialists<br />Quality Vehicles Direct from Japan<br />Verified Odometer Readings<br />Competitive Finance Solutions<br />Extended Warranty Options<br />Friendly & Experienced Team<br /><br /><br /><br />Mordialloc Yard<br />247 Boundary Road, Mordialloc VIC 3195<br />Phone: 03 7065 6403<br />sales.mordialloc@ukajapan.com.au<br />View Stock: www.ukajapan.com.au<br /><br />LMCT: 0012708<br /><br />Note: Vehicle specifications and features may be automatically generated by third-party platforms. Please confirm all features, options, and specifications with our sales team prior to purchase.",2,RU3,,,False,False,False,A,True,,,2WD,5,4,,False,RU3-1063173,Gray,VIC,11/14,01/26,,,,,,,Yes,,,True,In_Stock,00000,,,,,,,,0,,,,,5
100711,Honda,Fit,Hybrid L-Honda Sensing,,6ZZH000GP51308093,16995.0000,2017,94806,Hatchback,Silver,1500,Auto,Hybrid,"Power Steering,Power Window,Air Condition,ABS Braking,Push Start,Climate Control,Cruise Control,Winker Mirror,Rear Spoiler,Alloy Wheel,Fog Lights,Traction Control,Collision Braking,Keep Lane Assist,Parking Sensor,Seats Adjustment",,"Honda Fit 2017<br />Stock No: 100711<br />Mileage: 94,806 km<br /><br />Looking for a reliable, high-quality vehicle? This carefully selected Japanese import offers excellent value, comfort, and practicality.<br /><br />Every vehicle is sourced directly from Japan and selected to meet our high standards of quality and condition.<br /><br />Odometer Verified<br /><br />The odometer reading is verified through official Japanese Auction Sheets and Import Documentation, available for your reference and peace of mind.<br /><br />Price Includes:<br /><br />Roadworthy Certificate (RWC)<br />Registration<br />Transfer Fees<br /><br />Additional Services Available:<br /><br />Video Walkaround Inspections<br />Finance & Car Loan Options<br />GST Invoice Available<br />1-5 Year Extended Warranty<br />Australia-Wide Delivery Available<br /><br />Why Buy From UKA Japan Motors?<br /><br />Trusted Japanese Import Specialists<br />Quality Vehicles Direct from Japan<br />Verified Odometer Readings<br />Competitive Finance Solutions<br />Extended Warranty Options<br />Friendly & Experienced Team<br /><br /><br /><br />Mordialloc Yard<br />247 Boundary Road, Mordialloc VIC 3195<br />Phone: 03 7065 6403<br />sales.mordialloc@ukajapan.com.au<br />View Stock: www.ukajapan.com.au<br /><br />LMCT: 0012708<br /><br />Note: Vehicle specifications and features may be automatically generated by third-party platforms. Please confirm all features, options, and specifications with our sales team prior to purchase.",2,GP5,,15500.0000,False,False,False,A,True,,,2WD,5,4,,False,GP5-1308093,Gray,VIC,10/17,09/25,,,,,,,Yes,,,False,In_Stock,0000,,,,,,,,0,,,,,5
100722,Toyota,Corolla Cross,Hybrid G,,6ZZM0ZVG111030470,33999.0000,2022,48727,SUV,Black,1800,Auto,Hybrid,"Power Steering,Power Window,Air Condition,ABS Brakes,Winker Mirror,Seats Adjustment,Cruise Control,Collision Braking,Keep Lane Assist,Dual Zone Climate Control,Dash Cam,EV Mode,Traction Control,Electronic Brake,Drive Mode,Reverse Camera,Parking Sensor,Push Start",,"Toyota Corolla Cross 2022<br />Stock No: 100722<br />Mileage: 48,727 km<br /><br />Looking for a reliable, high-quality vehicle? This carefully selected Japanese import offers excellent value, comfort, and practicality.<br /><br />Every vehicle is sourced directly from Japan and selected to meet our high standards of quality and condition.<br /><br />Odometer Verified<br /><br />The odometer reading is verified through official Japanese Auction Sheets and Import Documentation, available for your reference and peace of mind.<br /><br />Price Includes:<br /><br />Roadworthy Certificate (RWC)<br />Registration<br />Transfer Fees<br /><br />Additional Services Available:<br /><br />Video Walkaround Inspections<br />Finance & Car Loan Options<br />GST Invoice Available<br />1-5 Year Extended Warranty<br />Australia-Wide Delivery Available<br /><br />Why Buy From UKA Japan Motors?<br /><br />Trusted Japanese Import Specialists<br />Quality Vehicles Direct from Japan<br />Verified Odometer Readings<br />Competitive Finance Solutions<br />Extended Warranty Options<br />Friendly & Experienced Team<br /><br /><br /><br />Mordialloc Yard<br />247 Boundary Road, Mordialloc VIC 3195 <br />Phone: 03 7065 6403<br />sales.mordialloc@ukajapan.com.au<br />View Stock: www.ukajapan.com.au<br /><br />LMCT: 0012708<br /><br />Note: Vehicle specifications and features may be automatically generated by third-party platforms. Please confirm all features, options, and specifications with our sales team prior to purchase.",2,ZVG11,,33999.0000,False,False,False,A,True,,,2WD,5,4,,False,ZVG11-1030470,Gray,VIC,12/21,10/25,,,,,,,Yes,,,True,In_Stock,00000,,,,,,,,0,,,,,5
100726,Toyota,Corolla Axio,HYBRID EX,,6ZZMNKE1657243592,20495.0000,2021,99053,Sedan,Silver,2000,Auto,Hybrid,"Power Steering,Power Window,Air Condition,Reverse Camera,Push Start,Winker Mirror,Keep Lane Assist,Collision Braking,Power Mirrors,Dash Camera,Climate Control,EV Mode,Eco Mode,Traction Control,Seats Adjustment",,"Toyota Corolla Axio 2021<br />Stock No: 100726<br />Mileage: 99,053 km<br /><br />Looking for a reliable, high-quality vehicle? This carefully selected Japanese import offers excellent value, comfort, and practicality.<br /><br />Every vehicle is sourced directly from Japan and selected to meet our high standards of quality and condition.<br /><br />Odometer Verified<br /><br />The odometer reading is verified through official Japanese Auction Sheets and Import Documentation, available for your reference and peace of mind.<br /><br />Price Includes:<br /><br />Roadworthy Certificate (RWC)<br />Registration<br />Transfer Fees<br /><br />Additional Services Available:<br /><br />Video Walkaround Inspections<br />Finance & Car Loan Options<br />GST Invoice Available<br />1-5 Year Extended Warranty<br />Australia-Wide Delivery Available<br /><br />Why Buy From UKA Japan Motors?<br /><br />Trusted Japanese Import Specialists<br />Quality Vehicles Direct from Japan<br />Verified Odometer Readings<br />Competitive Finance Solutions<br />Extended Warranty Options<br />Friendly & Experienced Team<br /><br /><br /><br />Maidstone Yard<br />205 Ballarat Rd, Maidstone VIC 3012, Australiaa<br />Phone: 03 4329 0786<br />Email: sales.maidstone@ukajapan.com.au<br />View Stock: www.ukajapan.com.au<br /><br />LMCT: 0012708<br /><br />Note: Vehicle specifications and features may be automatically generated by third-party platforms. Please confirm all features, options, and specifications with our sales team prior to purchase.",1,NKE165,,,False,False,False,A,True,,,2WD,4,4,,False,NKE165-7243592,Gray,VIC,03/21,03/26,,,,,,,Yes,,,False,In_Stock,0,,,,,,,,0,,,,,5
100742,Toyota,Prius Alpha,S,,6ZZJ0ZVW410072200,24995.0000,2018,17820,Station Wagon,Blue,1800,Auto,Hybrid,"Power Steering,Power Window,Air Condition,Keep lane Assist,Auto Headlight,Traction Control,Alloy wheels,Winker Mirror,Fog Lights,Rear Spoiler,Ev Mode,Eco Mode,Power mode,Climate Control,Parking Sensor,Reverse Camera,Seats Adjustment",,"Toyota Prius Alpha 2018<br />Stock No: 100742<br />Mileage: 17,820 km<br /><br />Looking for a reliable, high-quality vehicle? This carefully selected Japanese import offers excellent value, comfort, and practicality.<br /><br />Every vehicle is sourced directly from Japan and selected to meet our high standards of quality and condition.<br /><br />Odometer Verified<br /><br />The odometer reading is verified through official Japanese Auction Sheets and Import Documentation, available for your reference and peace of mind.<br /><br />Price Includes:<br /><br />Roadworthy Certificate (RWC)<br />Registration<br />Transfer Fees<br /><br />Additional Services Available:<br /><br />Video Walkaround Inspections<br />Finance & Car Loan Options<br />GST Invoice Available<br />1-5 Year Extended Warranty<br />Australia-Wide Delivery Available<br /><br />Why Buy From UKA Japan Motors?<br /><br />Trusted Japanese Import Specialists<br />Quality Vehicles Direct from Japan<br />Verified Odometer Readings<br />Competitive Finance Solutions<br />Extended Warranty Options<br />Friendly & Experienced Team<br /><br /><br /><br />Maidstone Yard<br />205 Ballarat Rd, Maidstone VIC 3012, Australiaa<br />Phone: 03 4329 0786<br />Email: sales.maidstone@ukajapan.com.au<br />View Stock: www.ukajapan.com.au<br /><br />LMCT: 0012708<br /><br />Note: Vehicle specifications and features may be automatically generated by third-party platforms. Please confirm all features, options, and specifications with our sales team prior to purchase.",1,ZVW41,,23995.0000,False,False,False,A,True,,,2WD,5,4,,False,ZVW41-0072200,Gray,VIC,06/18,02/26,,,,,,,Yes,,,False,In_Stock,00000,,,,,,,,0,,,,,5
100747,Toyota,Prius Alpha,S Welcabe,,6ZZB0ZVW413003710,14995.0000,2011,120040,Station Wagon,Silver,1800,Auto,Hybrid,"Power Window,Power Steering,Air Condition,ABS Brakes,Rear Spoiler,Fog Lights,Reverse Camera,Climate Control,Power Mode,Ev Mode,Eco Mode,Seats Adjustment,Alloy Wheel,Winker Mirror",,"Toyota Prius Alpha 2011<br />Stock No: 100747<br />Mileage: 120040 km<br /><br />Looking for a reliable, high-quality vehicle? This carefully selected Japanese import offers excellent value, comfort, and practicality.<br /><br />Every vehicle is sourced directly from Japan and selected to meet our high standards of quality and condition.<br /><br />Odometer Verified<br /><br />The odometer reading is verified through official Japanese Auction Sheets and Import Documentation, available for your reference and peace of mind.<br /><br />Price Includes:<br /><br />Roadworthy Certificate (RWC)<br />Registration<br />Transfer Fees<br /><br />Additional Services Available:<br /><br />Video Walkaround Inspections<br />Finance & Car Loan Options<br />GST Invoice Available<br />1-5 Year Extended Warranty<br />Australia-Wide Delivery Available<br /><br />Why Buy From UKA Japan Motors?<br /><br />Trusted Japanese Import Specialists<br />Quality Vehicles Direct from Japan<br />Verified Odometer Readings<br />Competitive Finance Solutions<br />Extended Warranty Options<br />Friendly & Experienced Team<br /><br /><br /><br />Mordialloc Yard<br />247 Boundary Road, Mordialloc VIC 3195 <br />Phone: 03 7065 6403<br />sales.mordialloc@ukajapan.com.au<br />View Stock: www.ukajapan.com.au<br /><br />LMCT: 0012708<br /><br />Note: Vehicle specifications and features may be automatically generated by third-party platforms. Please confirm all features, options, and specifications with our sales team prior to purchase.",2,ZVW41,,13995.0000,False,False,False,A,True,,,2WD,5,4,,False,ZVW41-3003710,Gray,VIC,07/11,04/26,,,,,,,Yes,,,False,In_Stock,0,,,,,,,,0,,,,,5
100749,Toyota,Estima,G WELCAB,,6ZZ70GSR507014490,14495.0000,2007,71387,Van,Silver,3500,Auto,Petrol,"Power Window,Power Steering,ABS Brakes,Alloy Wheel,Winker Mirror,Rear Spoiler,Fog Lights,Reverse Camera,Seats Adjustment,Climate Control,Dash Camera,Push Start,Cruise Control",,"Toyota Estima 2007<br />Stock No: 100749<br />Mileage: 71,387 km<br /><br />Looking for a reliable, high-quality vehicle? This carefully selected Japanese import offers excellent value, comfort, and practicality.<br /><br />Every vehicle is sourced directly from Japan and selected to meet our high standards of quality and condition.<br /><br />Odometer Verified<br /><br />The odometer reading is verified through official Japanese Auction Sheets and Import Documentation, available for your reference and peace of mind.<br /><br />Price Includes:<br /><br />Roadworthy Certificate (RWC)<br />Registration<br />Transfer Fees<br /><br />Additional Services Available:<br /><br />Video Walkaround Inspections<br />Finance & Car Loan Options<br />GST Invoice Available<br />1-5 Year Extended Warranty<br />Australia-Wide Delivery Available<br /><br />Why Buy From UKA Japan Motors?<br /><br />Trusted Japanese Import Specialists<br />Quality Vehicles Direct from Japan<br />Verified Odometer Readings<br />Competitive Finance Solutions<br />Extended Warranty Options<br />Friendly & Experienced Team<br /><br /><br /><br />Maidstone Yard<br />205 Ballarat Rd, Maidstone VIC 3012, Australiaa<br />Phone: 03 4329 0786<br />Email: sales.maidstone@ukajapan.com.au<br />View Stock: www.ukajapan.com.au<br /><br />LMCT: 0012708<br /><br />Note: Vehicle specifications and features may be automatically generated by third-party platforms. Please confirm all features, options, and specifications with our sales team prior to purchase.",1,GSR50,,,False,False,False,A,True,,,2WD,5,6,,False,GSR50-7014490,Gray,VIC,06/07,01/26,,,,,,,Yes,,,False,In_Stock,0,,,,,,,,0,,,,,7
100755,Toyota,Prius,A PREMIUM,2FT1YI,6ZZJ0ZVW558067745,22995.0000,2018,85236,Hatchback,Silver,1800,Auto,Hybrid,"Power Steering,Power Window,Air Condition,ABS Brakes,Push Start,Traction Control,Winker Mirror,Alloy Wheel,Keep Lane Assist,EV Mode,Climate Control,Eco Mode,Dash Camera,Parking Sensor,Reverse Camera,Fog Lights,Heated Seats",,"Toyota Prius 2018<br />Stock No: 100755<br />Mileage: 85,236 km<br /><br />Looking for a reliable, high-quality vehicle? This carefully selected Japanese import offers excellent value, comfort, and practicality.<br /><br />Every vehicle is sourced directly from Japan and selected to meet our high standards of quality and condition.<br /><br />Odometer Verified<br /><br />The odometer reading is verified through official Japanese Auction Sheets and Import Documentation, available for your reference and peace of mind.<br /><br />Price Includes:<br /><br />Roadworthy Certificate (RWC)<br />Registration<br />Transfer Fees<br /><br />Additional Services Available:<br /><br />Video Walkaround Inspections<br />Finance & Car Loan Options<br />GST Invoice Available<br />1-5 Year Extended Warranty<br />Australia-Wide Delivery Available<br /><br />Why Buy From UKA Japan Motors?<br /><br />Trusted Japanese Import Specialists<br />Quality Vehicles Direct from Japan<br />Verified Odometer Readings<br />Competitive Finance Solutions<br />Extended Warranty Options<br />Friendly & Experienced Team<br /><br /><br /><br />Mordialloc Yard<br />247 Boundary Road, Mordialloc VIC 3195 <br />Phone: 03 7065 6403<br />sales.mordialloc@ukajapan.com.au<br />View Stock: www.ukajapan.com.au<br /><br />LMCT: 0012708<br /><br />Note: Vehicle specifications and features may be automatically generated by third-party platforms. Please confirm all features, options, and specifications with our sales team prior to purchase.",2,ZVW55,,,False,False,False,A,True,10/12/2026,,4WD,5,4,,False,ZVW55-8067745,Gray,VIC,10/18,11/25,,,,,,,Yes,,,False,On_Offer,2ZR2C28824,,,,,,,,0,,,,,5
100768,Toyota,Mark X,Premium,,6ZZAGRX1336001756,13995.0000,2010,73767,Sedan,Silver,3500,Auto,Petrol,"Power Window,Power Steering,Air Condition,Push Start,Alloy Wheel,Winker Mirror,Fog Lights,Seats Adjustment,Climate Control,Eco Mode,Heated Seats",,"Toyota Mark X 2010<br />Stock No: 100768<br />Mileage: 73,767 km<br /><br />Looking for a reliable, high-quality vehicle? This carefully selected Japanese import offers excellent value, comfort, and practicality.<br /><br />Every vehicle is sourced directly from Japan and selected to meet our high standards of quality and condition.<br /><br />Odometer Verified<br /><br />The odometer reading is verified through official Japanese Auction Sheets and Import Documentation, available for your reference and peace of mind.<br /><br />Price Includes:<br /><br />Roadworthy Certificate (RWC)<br />Registration<br />Transfer Fees<br /><br />Additional Services Available:<br /><br />Video Walkaround Inspections<br />Finance & Car Loan Options<br />GST Invoice Available<br />1-5 Year Extended Warranty<br />Australia-Wide Delivery Available<br /><br />Why Buy From UKA Japan Motors?<br /><br />Trusted Japanese Import Specialists<br />Quality Vehicles Direct from Japan<br />Verified Odometer Readings<br />Competitive Finance Solutions<br />Extended Warranty Options<br />Friendly & Experienced Team<br /><br /><br /><br />Maidstone Yard<br />205 Ballarat Rd, Maidstone VIC 3012, Australiaa<br />Phone: 03 4329 0786<br />Email: sales.maidstone@ukajapan.com.au<br />View Stock: www.ukajapan.com.au<br /><br />LMCT: 0012708<br /><br />Note: Vehicle specifications and features may be automatically generated by third-party platforms. Please confirm all features, options, and specifications with our sales team prior to purchase.",1,GRX133,,,False,False,False,A,True,,,2WD,4,4,,False,GRX133-6001756,Grave,VIC,09/10,01/26,,,,,,,Yes,,,False,In_Stock,0,,,,,,,,0,,,,,5
100772,Toyota,Prius Alpha,S Touring Selection Well Cab,,6ZZF0ZVW410028158,17995.0000,2015,113333,Station Wagon,Black,1800,Auto,Hybrid,"Power Steering,Power Window,Air Condition,Alloy wheel,Rear Spoiler,Push Start,Fog Lights,Reverse Camera,Seats Adjustment,Climate Control,Eco Mode,Ev Mode",,"Toyota Prius Alpha 2015<br />Stock No: 100772<br />Mileage: 113,333 km<br /><br />Looking for a reliable, high-quality vehicle? This carefully selected Japanese import offers excellent value, comfort, and practicality.<br /><br />Every vehicle is sourced directly from Japan and selected to meet our high standards of quality and condition.<br /><br />Odometer Verified<br /><br />The odometer reading is verified through official Japanese Auction Sheets and Import Documentation, available for your reference and peace of mind.<br /><br />Price Includes:<br /><br />Roadworthy Certificate (RWC)<br />Registration<br />Transfer Fees<br /><br />Additional Services Available:<br /><br />Video Walkaround Inspections<br />Finance & Car Loan Options<br />GST Invoice Available<br />1-5 Year Extended Warranty<br />Australia-Wide Delivery Available<br /><br />Why Buy From UKA Japan Motors?<br /><br />Trusted Japanese Import Specialists<br />Quality Vehicles Direct from Japan<br />Verified Odometer Readings<br />Competitive Finance Solutions<br />Extended Warranty Options<br />Friendly & Experienced Team<br /><br /><br /><br />Maidstone Yard<br />205 Ballarat Rd, Maidstone VIC 3012, Australiaa<br />Phone: 03 4329 0786<br />Email: sales.maidstone@ukajapan.com.au<br />View Stock: www.ukajapan.com.au<br /><br />LMCT: 0012708<br /><br />Note: Vehicle specifications and features may be automatically generated by third-party platforms. Please confirm all features, options, and specifications with our sales team prior to purchase.",1,ZVW41,,,False,False,False,A,True,,,2WD,5,4,,False,ZVW41-0028158,Gray,VIC,04/15,01/26,,,,,,,Yes,,,False,In_Stock,0,,,,,,,,0,,,,,5
100775,Toyota,Prius Alpha,S TOURING SELECTION,,6ZZB0ZVW413009528,15495.0000,2011,42000,Station Wagon,Black,1800,Auto,Hybrid,"Power Steering,Power Window,Winker Mirror,Alloy Wheel,Fog Light,Air Condition,Climate Control,Push Start,Ev Mode,Eco Mode,Power Mode,Seats Adjustment,Rear Spoiler,Reverse Camera,Fog Lights",,"Toyota Prius Alpha 2011<br />Stock No: 100775<br />Mileage: 42,000 km<br /><br />Looking for a reliable, high-quality vehicle? This carefully selected Japanese import offers excellent value, comfort, and practicality.<br /><br />Every vehicle is sourced directly from Japan and selected to meet our high standards of quality and condition.<br /><br />Odometer Verified<br /><br />The odometer reading is verified through official Japanese Auction Sheets and Import Documentation, available for your reference and peace of mind.<br /><br />Price Includes:<br /><br />Roadworthy Certificate (RWC)<br />Registration<br />Transfer Fees<br /><br />Additional Services Available:<br /><br />Video Walkaround Inspections<br />Finance & Car Loan Options<br />GST Invoice Available<br />1-5 Year Extended Warranty<br />Australia-Wide Delivery Available<br /><br />Why Buy From UKA Japan Motors?<br /><br />Trusted Japanese Import Specialists<br />Quality Vehicles Direct from Japan<br />Verified Odometer Readings<br />Competitive Finance Solutions<br />Extended Warranty Options<br />Friendly & Experienced Team<br /><br /><br /><br />Maidstone Yard<br />205 Ballarat Rd, Maidstone VIC 3012, Australiaa<br />Phone: 03 4329 0786<br />Email: sales.maidstone@ukajapan.com.au<br />View Stock: www.ukajapan.com.au<br /><br />LMCT: 0012708<br /><br />Note: Vehicle specifications and features may be automatically generated by third-party platforms. Please confirm all features, options, and specifications with our sales team prior to purchase.",1,ZVW41,,,False,False,False,A,True,,,2WD,5,4,,False,ZVW41-3009528,Gray,VIC,08/11,04/26,,,,,,,Yes,,,False,On_Offer,0000,,,,,,,,0,,,,,5
100784,Daihatsu,Hi-jet Truck,Standard,,6ZZK0S500P0097175,15995.0000,2019,66338,Mini Pickup,Pearl White,660,Auto,Petrol,"Power Window,Power Steering,Air Condition,Key Start",,"Daihatsu Hijet Truck 2019<br />Stock No: 100784<br />Mileage: 66,338 km<br /><br />Looking for a reliable, high-quality vehicle? This carefully selected Japanese import offers excellent value, comfort, and practicality.<br /><br />Every vehicle is sourced directly from Japan and selected to meet our high standards of quality and condition.<br /><br />Odometer Verified<br /><br />The odometer reading is verified through official Japanese Auction Sheets and Import Documentation, available for your reference and peace of mind.<br /><br />Price Includes:<br /><br />Roadworthy Certificate (RWC)<br />Registration<br />Transfer Fees<br /><br />Additional Services Available:<br /><br />Video Walkaround Inspections<br />Finance & Car Loan Options<br />GST Invoice Available<br />1-5 Year Extended Warranty<br />Australia-Wide Delivery Available<br /><br />Why Buy From UKA Japan Motors?<br /><br />Trusted Japanese Import Specialists<br />Quality Vehicles Direct from Japan<br />Verified Odometer Readings<br />Competitive Finance Solutions<br />Extended Warranty Options<br />Friendly & Experienced Team<br /><br /><br /><br />Maidstone Yard<br />205 Ballarat Rd, Maidstone VIC 3012, Australiaa<br />Phone: 03 4329 0786<br />Email: sales.maidstone@ukajapan.com.au<br />View Stock: www.ukajapan.com.au<br /><br />LMCT: 0012708<br /><br />Note: Vehicle specifications and features may be automatically generated by third-party platforms. Please confirm all features, options, and specifications with our sales team prior to purchase.",1,S500P,,,False,False,False,A,True,,,2WD,2,3,,False,S500P-0097175,Gray,VIC,03/19,08/26,,,,,,,Yes,,,False,In_Stock,0,,,,,,,,0,,,,,2
100825,Toyota,Corolla Axio,Hybrid EX,,6ZZNNKE1657257234,20995.0000,2022,115265,Sedan,Pearl White,1500,Auto,Hybrid,"Power Door,Power Steering,Air Condition,ABS Brakes,Winker Mirror,Seats Adjustment,Fog Lights,Reverse Camera,Dash Camera,Climate Control,Ev Mode,Eco Mode,Traction Control,Keep Lane Assist,Collision Braking,Push Start",,"Toyota Corolla Axio 2022<br />Stock No: 100825<br />Mileage: 115265km<br /><br />Looking for a reliable, high-quality vehicle? This carefully selected Japanese import offers excellent value, comfort, and practicality.<br /><br />Every vehicle is sourced directly from Japan and selected to meet our high standards of quality and condition.<br /><br />Odometer Verified<br /><br />The odometer reading is verified through official Japanese Auction Sheets and Import Documentation, available for your reference and peace of mind.<br /><br />Price Includes:<br /><br />Roadworthy Certificate (RWC)<br />Registration<br />Transfer Fees<br /><br />Additional Services Available:<br /><br />Video Walkaround Inspections<br />Finance & Car Loan Options<br />GST Invoice Available<br />1-5 Year Extended Warranty<br />Australia-Wide Delivery Available<br /><br />Why Buy From UKA Japan Motors?<br /><br />Trusted Japanese Import Specialists<br />Quality Vehicles Direct from Japan<br />Verified Odometer Readings<br />Competitive Finance Solutions<br />Extended Warranty Options<br />Friendly & Experienced Team<br /><br /><br /><br />Mordialloc Yard<br />247 Boundary Road, Mordialloc VIC 3195 <br />Phone: 03 7065 6403<br />sales.mordialloc@ukajapan.com.au<br />View Stock: www.ukajapan.com.au<br /><br />LMCT: 0012708<br /><br />Note: Vehicle specifications and features may be automatically generated by third-party platforms. Please confirm all features, options, and specifications with our sales team prior to purchase.",2,NKE165,,18995.0000,False,False,False,A,True,,,2WD,4,4,,False,NKE165-7257234,Gray,VIC,04/22,02/25,,,,,,,Yes,,,False,In_Stock,00000,,,,,,,,0,,,,,5
100839,Toyota,Corolla Axio,HYBRID EX,,6ZZLNKE1657239261,19995.0000,2020,89972,Sedan,Silver,1500,Auto,Hybrid,"Power Steering,Power Window,Air Condition,ABS Brakes,Power Mirror,Push Start,Winker Mirror,Dash Camera,Keep Lane Assist,Collision Braking,Climate Control,Reverse Camera,EV Mode,Eco Mode,Traction Control,Seats Adjustment",,"Toyota Corolla Axio 2020<br />Stock No: 100839<br />Mileage: 89,972km<br /><br />Looking for a reliable, high-quality vehicle? This carefully selected Japanese import offers excellent value, comfort, and practicality.<br /><br />Every vehicle is sourced directly from Japan and selected to meet our high standards of quality and condition.<br /><br />Odometer Verified<br /><br />The odometer reading is verified through official Japanese Auction Sheets and Import Documentation, available for your reference and peace of mind.<br /><br />Price Includes:<br /><br />Roadworthy Certificate (RWC)<br />Registration<br />Transfer Fees<br /><br />Additional Services Available:<br /><br />Video Walkaround Inspections<br />Finance & Car Loan Options<br />GST Invoice Available<br />1-5 Year Extended Warranty<br />Australia-Wide Delivery Available<br /><br />Why Buy From UKA Japan Motors?<br /><br />Trusted Japanese Import Specialists<br />Quality Vehicles Direct from Japan<br />Verified Odometer Readings<br />Competitive Finance Solutions<br />Extended Warranty Options<br />Friendly & Experienced Team<br /><br /><br /><br />Maidstone Yard<br />205 Ballarat Rd, Maidstone VIC 3012, Australiaa<br />Phone: 03 4329 0786<br />Email: sales.maidstone@ukajapan.com.au<br />View Stock: www.ukajapan.com.au<br /><br />LMCT: 0012708<br /><br />Note: Vehicle specifications and features may be automatically generated by third-party platforms. Please confirm all features, options, and specifications with our sales team prior to purchase.",1,NKE165,,,False,False,False,A,True,,,2WD,4,4,,False,NKE165-7239261,Gray,VIC,10/20,03/26,,,,,,,Yes,,,False,In_Stock,0,,,,,,,,0,,,,,5
100855,Honda,Vezel,HYBRID Z,,6ZZE000RU31040517,18995.0000,2014,80486,SUV,Blue,1500,Auto,Hybrid,"Power Steering,Power Window,Air Condition,ABS Brakes,Power Mirror,Push Start,Traction Control,Reverse Camera,Climate Control,Heated Seats,Cruise Control,Sport Mode,Half Leather Seats,Seats Adjustment,Alloy wheel,Rear Spoiler,Winker Mirror,Fog Lights",,"Honda Vezel 2014<br />Stock No: 100855<br />Mileage: 80,486km<br /><br />Looking for a reliable, high-quality vehicle? This carefully selected Japanese import offers excellent value, comfort, and practicality.<br /><br />Every vehicle is sourced directly from Japan and selected to meet our high standards of quality and condition.<br /><br />Odometer Verified<br /><br />The odometer reading is verified through official Japanese Auction Sheets and Import Documentation, available for your reference and peace of mind.<br /><br />Price Includes:<br /><br />Roadworthy Certificate (RWC)<br />Registration<br />Transfer Fees<br /><br />Additional Services Available:<br /><br />Video Walkaround Inspections<br />Finance & Car Loan Options<br />GST Invoice Available<br />1-5 Year Extended Warranty<br />Australia-Wide Delivery Available<br /><br />Why Buy From UKA Japan Motors?<br /><br />Trusted Japanese Import Specialists<br />Quality Vehicles Direct from Japan<br />Verified Odometer Readings<br />Competitive Finance Solutions<br />Extended Warranty Options<br />Friendly & Experienced Team<br /><br /><br /><br />Maidstone Yard<br />205 Ballarat Rd, Maidstone VIC 3012, Australiaa<br />Phone: 03 4329 0786<br />Email: sales.maidstone@ukajapan.com.au<br />View Stock: www.ukajapan.com.au<br /><br />LMCT: 0012708<br /><br />Note: Vehicle specifications and features may be automatically generated by third-party platforms. Please confirm all features, options, and specifications with our sales team prior to purchase.",1,RU3,,,False,False,False,A,True,,,2WD,5,4,,False,RU3-1040517,Gray,VIC,08/14,04/26,,,,,,,Yes,,,False,In_Stock,0,,,,,,,,0,,,,,5
100867,Toyota,Estima,X,,6ZZAAHR20W7047797,15995.0000,2010,113070,Van,Black,2400,Auto,Hybrid,"Power Steering,Power window,Air Condition,ABS Brakes,Power Mirror,Push Start,Power Slide Doors,Dual Zone C;limate Control,Reverse Camera,Cruise Control,Snow Mode,Seats Adjustment,Power Doors,Rear Spoiler,Alloy Wheel,E-Four,Winker Mirror,Fog Light",,"Toyota Estima 2010<br />Stock No: 100867<br />Mileage: 113,070 km<br /><br />Looking for a reliable, high-quality vehicle? This carefully selected Japanese import offers excellent value, comfort, and practicality.<br /><br />Every vehicle is sourced directly from Japan and selected to meet our high standards of quality and condition.<br /><br />Odometer Verified<br /><br />The odometer reading is verified through official Japanese Auction Sheets and Import Documentation, available for your reference and peace of mind.<br /><br />Price Includes:<br /><br />Roadworthy Certificate (RWC)<br />Registration<br />Transfer Fees<br /><br />Additional Services Available:<br /><br />Video Walkaround Inspections<br />Finance & Car Loan Options<br />GST Invoice Available<br />1-5 Year Extended Warranty<br />Australia-Wide Delivery Available<br /><br />Why Buy From UKA Japan Motors?<br /><br />Trusted Japanese Import Specialists<br />Quality Vehicles Direct from Japan<br />Verified Odometer Readings<br />Competitive Finance Solutions<br />Extended Warranty Options<br />Friendly & Experienced Team<br /><br /><br /><br />Mordialloc Yard<br />247 Boundary Road, Mordialloc VIC 3195 <br />Phone: 03 7065 6403<br />sales.mordialloc@ukajapan.com.au<br />View Stock: www.ukajapan.com.au<br /><br />LMCT: 0012708<br /><br />Note: Vehicle specifications and features may be automatically generated by third-party platforms. Please confirm all features, options, and specifications with our sales team prior to purchase.",2,AHR20,,,False,False,False,A,True,,,4WD,5,4,,False,AHR20-7047797,Gray,VIC,04/10,04/26,,,,,,,Yes,,,False,In_Stock,0,,,,,,,,0,,,,,7
100879,Honda,Vezel,Hybrid Z Honda Sensing,,6ZZJ000RU31308781,21495.0000,2018,95240,SUV,Black,1500,Auto,Hybrid,"Power Steering,Power Window,Push Start,Air Condition,Alloy WHeel,Leather Seats,ABS Brakes,Power Mirror,Reverse Camera,Heated Seats,Sport Mode,Folding Side Mirror,Cruise Control,Keep Lane Assist,Collision Braking,Traction Control,Econ Mode,Seats Adjustment,Winker Mirror,Fog Light,Alloy Wheel,Rear Spoiler",,"Honda Vezel 2018<br />Stock No: 100879<br />Mileage: 95,240km<br /><br />Looking for a reliable, high-quality vehicle? This carefully selected Japanese import offers excellent value, comfort, and practicality.<br /><br />Every vehicle is sourced directly from Japan and selected to meet our high standards of quality and condition.<br /><br />Odometer Verified<br /><br />The odometer reading is verified through official Japanese Auction Sheets and Import Documentation, available for your reference and peace of mind.<br /><br />Price Includes:<br /><br />Roadworthy Certificate (RWC)<br />Registration<br />Transfer Fees<br /><br />Additional Services Available:<br /><br />Video Walkaround Inspections<br />Finance & Car Loan Options<br />GST Invoice Available<br />1-5 Year Extended Warranty<br />Australia-Wide Delivery Available<br /><br />Why Buy From UKA Japan Motors?<br /><br />Trusted Japanese Import Specialists<br />Quality Vehicles Direct from Japan<br />Verified Odometer Readings<br />Competitive Finance Solutions<br />Extended Warranty Options<br />Friendly & Experienced Team<br /><br />Brisbane Yard<br />33 Randall Street, Slacks Creek QLD 4127<br />Phone: 07 2147 6999<br />Email: sales.brisbane@ukajapan.com.au<br />View Stock: www.ukajapan.com.au<br /><br />LMCT: 4933717<br /><br />Note: Vehicle specifications and features may be automatically generated by third-party platforms. Please confirm all features, options, and specifications with our sales team prior to purchase.",4,RU3,,,False,False,False,A,True,,,2WD,5,4,,False,RU3-1308781,Gray,VIC,03/18,,,,,,,,Yes,,,False,In_Stock,,,,,,,,,0,,,,,5
100880,Toyota,Prius PHV,S SAFETY PACKAGE,,6ZZL0ZVW523161881,24995.0000,2020,79611,Hatchback,Blue,1800,Auto,Plug-In Hybrid,"Power Window,Power Steering,Air Condition,ABS Brakes,Push Start,Power Mirror,Reverse Camera,Alloy Wheel,Eco Mode,Climate Control,Keep Lane Assist,Cruise Control,Dash Camera,Winker Mirror,Parking Sensor,Traction Control,Seat Adjustment,Fog Lights",,"Toyota Prius PHV 2020 <br />Stock No: 100880<br />Mileage: 79,611 km<br /><br />Looking for a reliable, high-quality vehicle? This carefully selected Japanese import offers excellent value, comfort, and practicality.<br /><br />Every vehicle is sourced directly from Japan and selected to meet our high standards of quality and condition.<br /><br />Odometer Verified<br /><br />The odometer reading is verified through official Japanese Auction Sheets and Import Documentation, available for your reference and peace of mind.<br /><br />Price Includes:<br /><br />Roadworthy Certificate (RWC)<br />Registration<br />Transfer Fees<br /><br />Additional Services Available:<br /><br />Video Walkaround Inspections<br />Finance & Car Loan Options<br />GST Invoice Available<br />1-5 Year Extended Warranty<br />Australia-Wide Delivery Available<br /><br />Why Buy From UKA Japan Motors?<br /><br />Trusted Japanese Import Specialists<br />Quality Vehicles Direct from Japan<br />Verified Odometer Readings<br />Competitive Finance Solutions<br />Extended Warranty Options<br />Friendly & Experienced Team<br /><br />Brisbane Yard<br />33 Randall Street, Slacks Creek QLD 4127<br />Phone: 07 2147 6999<br />Email: sales.brisbane@ukajapan.com.au<br />View Stock: www.ukajapan.com.au<br /><br />LMCT: 4933717<br /><br />Note: Vehicle specifications and features may be automatically generated by third-party platforms. Please confirm all features, options, and specifications with our sales team prior to purchase.",4,ZVW52,,,False,False,False,A,True,,,2WD,5,4,,False,ZVW52-3161881,Gray,VIC,05/20,,,,,,,,Yes,,,False,In_Stock,,,,,,,,,0,,,,,5
100893,Toyota,Estima,G,,6ZZA0AHR207051454,16500.0000,2010,94436,Van,Silver,2400,Auto,Hybrid,"Power Steering,Power Window,Air Condition,ABS Brakes,Reveres Camera,Power Doors,AFS Mode,Folding Side Mirror,Snow Mode,Ev Mode,Heated Seats,Dual Zone Climate Control,Push Start,Cruise Control,E-Four,Seats Adjustment,Alloy Wheel,Rear Spoiler,Winker Mirror,Reverse Camera,Fog Lights",,"Toyota Estima 2010<br />Stock No: 100893<br />Mileage: 94436 km<br /><br />Looking for a reliable, high-quality vehicle? This carefully selected Japanese import offers excellent value, comfort, and practicality.<br /><br />Every vehicle is sourced directly from Japan and selected to meet our high standards of quality and condition.<br /><br />Odometer Verified<br /><br />The odometer reading is verified through official Japanese Auction Sheets and Import Documentation, available for your reference and peace of mind.<br /><br />Price Includes:<br /><br />Roadworthy Certificate (RWC)<br />Registration<br />Transfer Fees<br /><br />Additional Services Available:<br /><br />Video Walkaround Inspections<br />Finance & Car Loan Options<br />GST Invoice Available<br />1-5 Year Extended Warranty<br />Australia-Wide Delivery Available<br /><br />Why Buy From UKA Japan Motors?<br /><br />Trusted Japanese Import Specialists<br />Quality Vehicles Direct from Japan<br />Verified Odometer Readings<br />Competitive Finance Solutions<br />Extended Warranty Options<br />Friendly & Experienced Team<br /><br /><br /><br />Mordialloc Yard<br />247 Boundary Road, Mordialloc VIC 3195 <br />Phone: 03 7065 6403<br />sales.mordialloc@ukajapan.com.au<br />View Stock: www.ukajapan.com.au<br /><br />LMCT: 0012708<br /><br />Note: Vehicle specifications and features may be automatically generated by third-party platforms. Please confirm all features, options, and specifications with our sales team prior to purchase.",2,AHR20,,,False,False,False,A,True,,,4WD,5,4,,False,AHR20-7051454,Gray,VIC,08/10,00/00,,,,,,,Yes,,,True,On_Offer,0000,,,,,,,,0,,,,,8
100895,Honda,Fit Shuttle,HYBRID HONDA SENSING,,6ZZL000GP72122647,16995.0000,2020,91706,Station Wagon,Gray,1500,Auto,Hybrid,"Power Steering,Power Window,Air Condition,Power Mirror,Push Start,ABS Brakes,Reverse Camera,Traction Control,Collision Braking,Keep Lane Assist,Folding Side Mirror,Climate Control,Cruise Control,Sports Mode,Seats Adjustment,Rear Spoiler,Winker Mirror",,"Honda Fit Shuttle 2020<br />Stock No: 100895<br />Mileage: 91,706km<br /><br />Looking for a reliable, high-quality vehicle? This carefully selected Japanese import offers excellent value, comfort, and practicality.<br /><br />Every vehicle is sourced directly from Japan and selected to meet our high standards of quality and condition.<br /><br />Odometer Verified<br /><br />The odometer reading is verified through official Japanese Auction Sheets and Import Documentation, available for your reference and peace of mind.<br /><br />Price Includes:<br /><br />Roadworthy Certificate (RWC)<br />Registration<br />Transfer Fees<br /><br />Additional Services Available:<br /><br />Video Walkaround Inspections<br />Finance & Car Loan Options<br />GST Invoice Available<br />1-5 Year Extended Warranty<br />Australia-Wide Delivery Available<br /><br />Why Buy From UKA Japan Motors?<br /><br />Trusted Japanese Import Specialists<br />Quality Vehicles Direct from Japan<br />Verified Odometer Readings<br />Competitive Finance Solutions<br />Extended Warranty Options<br />Friendly & Experienced Team<br /><br /><br /><br />Maidstone Yard<br />205 Ballarat Rd, Maidstone VIC 3012, Australiaa<br />Phone: 03 4329 0786<br />Email: sales.maidstone@ukajapan.com.au<br />View Stock: www.ukajapan.com.au<br /><br />LMCT: 0012708<br /><br />Note: Vehicle specifications and features may be automatically generated by third-party platforms. Please confirm all features, options, and specifications with our sales team prior to purchase.",1,GP7,,,False,False,False,A,True,,,2WD,5,4,,False,GP7-2122647,Gray,VIC,09/20,03/25,,,,,,,Yes,,,False,In_Stock,0000,,,,,,,,0,,,,,5
100908,Toyota,Estima,x,,6ZZA0AHR207053094,15995.0000,2010,81864,VAN,Pearl White,2400,Auto,Hybrid,"Power Steering,Power Window,Air Condition,ABS Brakes,Power Mirror,Reverse Camera,Seats Adjustment,Folding Side Mirror,Power Slide Doors,Rear Spoiler,Alloy wheels,Winker Mirror,Fog Lights",,"Toyota Estima 2010<br />Stock No: 100908<br />Mileage: 81,864 km<br /><br />Looking for a reliable, high-quality vehicle? This carefully selected Japanese import offers excellent value, comfort, and practicality.<br /><br />Every vehicle is sourced directly from Japan and selected to meet our high standards of quality and condition.<br /><br />Odometer Verified<br /><br />The odometer reading is verified through official Japanese Auction Sheets and Import Documentation, available for your reference and peace of mind.<br /><br />Price Includes:<br /><br />Roadworthy Certificate (RWC)<br />Registration<br />Transfer Fees<br /><br />Additional Services Available:<br /><br />Video Walkaround Inspections<br />Finance & Car Loan Options<br />GST Invoice Available<br />1-5 Year Extended Warranty<br />Australia-Wide Delivery Available<br /><br />Why Buy From UKA Japan Motors?<br /><br />Trusted Japanese Import Specialists<br />Quality Vehicles Direct from Japan<br />Verified Odometer Readings<br />Competitive Finance Solutions<br />Extended Warranty Options<br />Friendly & Experienced Team<br /><br /><br /><br />Maidstone Yard<br />205 Ballarat Rd, Maidstone VIC 3012, Australiaa<br />Phone: 03 4329 0786<br />Email: sales.maidstone@ukajapan.com.au<br />View Stock: www.ukajapan.com.au<br /><br />LMCT: 0012708<br /><br />Note: Vehicle specifications and features may be automatically generated by third-party platforms. Please confirm all features, options, and specifications with our sales team prior to purchase.",1,AHR20,,,False,False,False,A,True,,,4WD,5,4,,False,AHR20-7053094,Beige,VIC,10/10,08/26,,,,,,,Yes,,,False,In_Stock,0,,,,,,,,0,,,,,8
100920,Toyota,C-HR,,,6ZZJ0ZYX102141894,22495.0000,2018,100565,SUV,Black,1800,Auto,Hybrid,"Power Window,Power Steering,Air Condition,ABS Brakes,Reverse Camera,Push Start,Seats Adjustment,EV Mode,Traction Control,Eco Mode,Dual Zone Climate Control,Cruise Control,Keep Lane Assist,Winker Mirror,Alloy wheel,Rear Spoiler",,"Toyota C-HR 2018<br />Stock No: 100920<br />Mileage: 100,958 km<br /><br />Looking for a reliable, high-quality vehicle? This carefully selected Japanese import offers excellent value, comfort, and practicality.<br /><br />Every vehicle is sourced directly from Japan and selected to meet our high standards of quality and condition.<br /><br />Odometer Verified<br /><br />The odometer reading is verified through official Japanese Auction Sheets and Import Documentation, available for your reference and peace of mind.<br /><br />Price Includes:<br /><br />Roadworthy Certificate (RWC)<br />Registration<br />Transfer Fees<br /><br />Additional Services Available:<br /><br />Video Walkaround Inspections<br />Finance & Car Loan Options<br />GST Invoice Available<br />1-5 Year Extended Warranty<br />Australia-Wide Delivery Available<br /><br />Why Buy From UKA Japan Motors?<br /><br />Trusted Japanese Import Specialists<br />Quality Vehicles Direct from Japan<br />Verified Odometer Readings<br />Competitive Finance Solutions<br />Extended Warranty Options<br />Friendly & Experienced Team<br /><br />Brisbane Yard<br />33 Randall Street, Slacks Creek QLD 4127<br />Phone: 07 2147 6999<br />Email: sales.brisbane@ukajapan.com.au<br />View Stock: www.ukajapan.com.au<br /><br />LMCT: 4933717<br /><br />Note: Vehicle specifications and features may be automatically generated by third-party platforms. Please confirm all features, options, and specifications with our sales team prior to purchase.",4,ZYX10,,,False,False,False,A,True,,,2WD,5,4,,False,ZYX10-2141894,Gray,VIC,07/18,,,,,,,,Yes,,,False,In_Stock,,,,,,,,,0,,,,,5
100924,Toyota,Harrier,Z,,6ZZMAXUH800027833,38995.0000,2021,106151,SUV,White,2500,Auto,Hybrid,"Power Window,Power Steering,Push Start,Air Condition,ABS Brakes,Power Mirror,Reverse Camera,Parking Sensor,Alloy Wheels,Winker Mirror,Rear Spoiler,Leather Seats,Electric Seats Adjustment,Traction Control,Auto Boot,Cruise Control,Climate Control,Keep Lane Assist",,"Toyota Harrier 2021<br />Stock No: 100924<br />Mileage: 106,151 km<br /><br />Looking for a reliable, high-quality vehicle? This carefully selected Japanese import offers excellent value, comfort, and practicality.<br /><br />Every vehicle is sourced directly from Japan and selected to meet our high standards of quality and condition.<br /><br />Odometer Verified<br /><br />The odometer reading is verified through official Japanese Auction Sheets and Import Documentation, available for your reference and peace of mind.<br /><br />Price Includes:<br /><br />Roadworthy Certificate (RWC)<br />Registration<br />Transfer Fees<br /><br />Additional Services Available:<br /><br />Video Walkaround Inspections<br />Finance & Car Loan Options<br />GST Invoice Available<br />1-5 Year Extended Warranty<br />Australia-Wide Delivery Available<br /><br />Why Buy From UKA Japan Motors?<br /><br />Trusted Japanese Import Specialists<br />Quality Vehicles Direct from Japan<br />Verified Odometer Readings<br />Competitive Finance Solutions<br />Extended Warranty Options<br />Friendly & Experienced Team<br /><br />Brisbane Yard<br />33 Randall Street, Slacks Creek QLD 4127<br />Phone: 07 2147 6999<br />Email: sales.brisbane@ukajapan.com.au<br />View Stock: www.ukajapan.com.au<br /><br />LMCT: 4933717<br /><br />Note: Vehicle specifications and features may be automatically generated by third-party platforms. Please confirm all features, options, and specifications with our sales team prior to purchase.",4,AXUH80,,35995.0000,False,False,False,A,True,,,2WD,5,4,,False,AXUH80-0027833,Gray,VIC,05/21,,,,,,,,Yes,,,False,In_Stock,,,,,,,,,0,,,,,5
100930,Toyota,Vellfire,2.4Z,,6ZZC0ANH208200165,18995.0000,2012,116915,Van,Black,2400,Auto,Petrol,"Power Window,Power Steering,Air Condition,Power Slide Doors,Push Start,Reverse Camera,Dual Zone Climate Control,Traction COntrol,Eco mode,Nanoe Mode,Folding Side Mirror,Seats Adjustment,Rear Spoiler,Parking Sensor,Alloy Wheel,Winker Mirror,Fog Lights",,"Toyota Vellfire 2012<br />Stock No: 100930<br />Mileage: 116,915 km<br /><br />Looking for a reliable, high-quality vehicle? This carefully selected Japanese import offers excellent value, comfort, and practicality.<br /><br />Every vehicle is sourced directly from Japan and selected to meet our high standards of quality and condition.<br /><br />Odometer Verified<br /><br />The odometer reading is verified through official Japanese Auction Sheets and Import Documentation, available for your reference and peace of mind.<br /><br />Price Includes:<br /><br />Roadworthy Certificate (RWC)<br />Registration<br />Transfer Fees<br /><br />Additional Services Available:<br /><br />Video Walkaround Inspections<br />Finance & Car Loan Options<br />GST Invoice Available<br />1-5 Year Extended Warranty<br />Australia-Wide Delivery Available<br /><br />Why Buy From UKA Japan Motors?<br /><br />Trusted Japanese Import Specialists<br />Quality Vehicles Direct from Japan<br />Verified Odometer Readings<br />Competitive Finance Solutions<br />Extended Warranty Options<br />Friendly & Experienced Team<br /><br /><br /><br />Maidstone Yard<br />205 Ballarat Rd, Maidstone VIC 3012, Australiaa<br />Phone: 03 4329 0786<br />Email: sales.maidstone@ukajapan.com.au<br />View Stock: www.ukajapan.com.au<br /><br />LMCT: 0012708<br /><br />Note: Vehicle specifications and features may be automatically generated by third-party platforms. Please confirm all features, options, and specifications with our sales team prior to purchase.",1,ANH20,,17995.0000,False,False,False,A,True,,,4WD,5,4,,False,ANH20-8200165,Gray,VIC,01/12,04/26,,,,,,,Yes,,,False,In_Stock,0000,,,,,,,,0,,,,,7
100931,Subaru,Legacy,2.0GT DIT Eyesight,,6ZZD0000BRG007080,14995.0000,2013,82784,Station Wagon,Dark Gray,2000,Auto,Petrol,"Power Window,Power Steering,Air Condition,Power Mirror,Push Start,Electric Seats Adjustment,Alloy Wheels,Reverse Camera,Cruise Control,Sport Intelligence Mode,Traction Control,Rear Spoiler,Climate Control,Ventilated Mode,Half Leather Seats,Winker Mirror,Alloy Wheel,Fog Lights",,"Subaru Legacy 2013<br />Stock No: 100931<br />Mileage: 82,784 km<br /><br />Looking for a reliable, high-quality vehicle? This carefully selected Japanese import offers excellent value, comfort, and practicality.<br /><br />Every vehicle is sourced directly from Japan and selected to meet our high standards of quality and condition.<br /><br />Odometer Verified<br /><br />The odometer reading is verified through official Japanese Auction Sheets and Import Documentation, available for your reference and peace of mind.<br /><br />Price Includes:<br /><br />Roadworthy Certificate (RWC)<br />Registration<br />Transfer Fees<br /><br />Additional Services Available:<br /><br />Video Walkaround Inspections<br />Finance & Car Loan Options<br />GST Invoice Available<br />1-5 Year Extended Warranty<br />Australia-Wide Delivery Available<br /><br />Why Buy From UKA Japan Motors?<br /><br />Trusted Japanese Import Specialists<br />Quality Vehicles Direct from Japan<br />Verified Odometer Readings<br />Competitive Finance Solutions<br />Extended Warranty Options<br />Friendly & Experienced Team<br /><br />Brisbane Yard<br />33 Randall Street, Slacks Creek QLD 4127<br />Phone: 07 2147 6999<br />Email: sales.brisbane@ukajapan.com.au<br />View Stock: www.ukajapan.com.au<br /><br />LMCT: 4933717<br /><br />Note: Vehicle specifications and features may be automatically generated by third-party platforms. Please confirm all features, options, and specifications with our sales team prior to purchase.",4,BRG,,,False,False,False,A,True,,,4WD,5,4,,False,BRG-007080,Gray,VIC,03/13,,,,,,,,Yes,,,False,In_Stock,,,,,,,,,0,,,,,5
100939,Nissan,Elgrand,250 HIGHWAY STAR,,6ZZA000TE52008163,15995.0000,2010,87222,Van,Black,2500,Auto,Petrol,"Power Window,power Steering,Air Condition,Push Start,Dash Camera,Dual Zone Climate Control,Seats adjustment,Half Leather Seats,Tractio Control,Power Slide Doors,Rear Spoiler,Reverse Camera,Parking Sensor,Alloy Wheels,Winker Mirror,Fog Lights",,"Nissan Elgrand 2010<br />Stock No: 100939<br />Mileage: 87,222km<br /><br />Looking for a reliable, high-quality vehicle? This carefully selected Japanese import offers excellent value, comfort, and practicality.<br /><br />Every vehicle is sourced directly from Japan and selected to meet our high standards of quality and condition.<br /><br />Odometer Verified<br /><br />The odometer reading is verified through official Japanese Auction Sheets and Import Documentation, available for your reference and peace of mind.<br /><br />Price Includes:<br /><br />Roadworthy Certificate (RWC)<br />Registration<br />Transfer Fees<br /><br />Additional Services Available:<br /><br />Video Walkaround Inspections<br />Finance & Car Loan Options<br />GST Invoice Available<br />1-5 Year Extended Warranty<br />Australia-Wide Delivery Available<br /><br />Why Buy From UKA Japan Motors?<br /><br />Trusted Japanese Import Specialists<br />Quality Vehicles Direct from Japan<br />Verified Odometer Readings<br />Competitive Finance Solutions<br />Extended Warranty Options<br />Friendly & Experienced Team<br /><br /><br /><br />Maidstone Yard<br />205 Ballarat Rd, Maidstone VIC 3012, Australiaa<br />Phone: 03 4329 0786<br />Email: sales.maidstone@ukajapan.com.au<br />View Stock: www.ukajapan.com.au<br /><br />LMCT: 0012708<br /><br />Note: Vehicle specifications and features may be automatically generated by third-party platforms. Please confirm all features, options, and specifications with our sales team prior to purchase.",1,TE52,,,False,False,False,A,True,,,2WD,5,4,,False,TE52-008163,Gray,VIC,11/10,04/26,,,,,,,Yes,,,False,In_Stock,0000,,,,,,,,0,,,,,7
100945,Toyota,Vellfire,2.4Z PLATINUM SELECTION,,6ZZB0ANH208167017,19995.0000,2011,107789,Van,Pearl White,2400,Auto,Petrol,"Power Window,Power Steering,Push Start,Reverse Camera,Power Slide Doors,Air Condition,Climate Control,Dual Zoe Climate Control,Folding Side Mirror,Seats Adjustment,Rear Spoiler,Parking Sensor,Alloy Wheels,Winker Mirror,Fog Light",,"Toyota Vellfire 2011<br />Stock No: 100945<br />Mileage: 107,789 km<br /><br />Looking for a reliable, high-quality vehicle? This carefully selected Japanese import offers excellent value, comfort, and practicality.<br /><br />Every vehicle is sourced directly from Japan and selected to meet our high standards of quality and condition.<br /><br />Odometer Verified<br /><br />The odometer reading is verified through official Japanese Auction Sheets and Import Documentation, available for your reference and peace of mind.<br /><br />Price Includes:<br /><br />Roadworthy Certificate (RWC)<br />Registration<br />Transfer Fees<br /><br />Additional Services Available:<br /><br />Video Walkaround Inspections<br />Finance & Car Loan Options<br />GST Invoice Available<br />1-5 Year Extended Warranty<br />Australia-Wide Delivery Available<br /><br />Why Buy From UKA Japan Motors?<br /><br />Trusted Japanese Import Specialists<br />Quality Vehicles Direct from Japan<br />Verified Odometer Readings<br />Competitive Finance Solutions<br />Extended Warranty Options<br />Friendly & Experienced Team<br /><br /><br /><br />Maidstone Yard<br />205 Ballarat Rd, Maidstone VIC 3012, Australiaa<br />Phone: 03 4329 0786<br />Email: sales.maidstone@ukajapan.com.au<br />View Stock: www.ukajapan.com.au<br /><br />LMCT: 0012708<br /><br />Note: Vehicle specifications and features may be automatically generated by third-party platforms. Please confirm all features, options, and specifications with our sales team prior to purchase.",1,ANH20,,18995.0000,False,False,False,A,True,,,2WD,5,4,,False,ANH20-8167017,Gray,VIC,01/11,03/25,,,,,,,Yes,,,False,In_Stock,0000,,,,,,,,0,,,,,7
100946,Toyota,Prius Alpha,S,,6ZZB0ZVW413028373,16495.0000,2011,45667,Station Wagon,Light Blue,1800,Auto,Hybrid,"Power Steering,Power Window,Air Condition,ABS Brakes,Push Start,Seats Adjustment,Climate Control,EV Mode,Eco Mode,Folding Side Mirror,Rear Spoiler,Winker Mirror,Reverse Camera,Alloy Wheel,Fog Lights",,"Toyota Prius Alpha 2011<br />Stock No: 100946<br />Mileage: 45,667km<br /><br />Looking for a reliable, high-quality vehicle? This carefully selected Japanese import offers excellent value, comfort, and practicality.<br /><br />Every vehicle is sourced directly from Japan and selected to meet our high standards of quality and condition.<br /><br />Odometer Verified<br /><br />The odometer reading is verified through official Japanese Auction Sheets and Import Documentation, available for your reference and peace of mind.<br /><br />Price Includes:<br /><br />Roadworthy Certificate (RWC)<br />Registration<br />Transfer Fees<br /><br />Additional Services Available:<br /><br />Video Walkaround Inspections<br />Finance & Car Loan Options<br />GST Invoice Available<br />1-5 Year Extended Warranty<br />Australia-Wide Delivery Available<br /><br />Why Buy From UKA Japan Motors?<br /><br />Trusted Japanese Import Specialists<br />Quality Vehicles Direct from Japan<br />Verified Odometer Readings<br />Competitive Finance Solutions<br />Extended Warranty Options<br />Friendly & Experienced Team<br /><br />Brisbane Yard<br />33 Randall Street, Slacks Creek QLD 4127<br />Phone: 07 2147 6999<br />Email: sales.brisbane@ukajapan.com.au<br />View Stock: www.ukajapan.com.au<br /><br />LMCT: 4933717<br /><br />Note: Vehicle specifications and features may be automatically generated by third-party platforms. Please confirm all features, options, and specifications with our sales team prior to purchase.",4,ZVW41,,,False,False,False,A,True,,,2WD,5,4,,False,ZVW41-3028373,Gray,VIC,10/11,,,,,,,,Yes,,,False,In_Stock,,,,,,,,,0,,,,,5
100950,Toyota,Vellfire,2.4Z PLATINUM SELECTION 2,,6ZZA0ANH208153191,18995.0000,2010,120862,Van,Pearl White,2400,Auto,Petrol,"Power Steering,Power Window,Air Condition,ABS Brakes,Power Mirror,Push Start,Power Slide Door,Alloy Wheel,Dual Zone Climate Control,Traction Control,Seats Adjustment,Dash Camera,Parking Sensor,Winker Mirror,Rear Spoiler,Reverse Camera",,"Toyota Vellfire 2010<br />Stock No: 100950<br />Mileage: 120,986km<br /><br />Looking for a reliable, high-quality vehicle? This carefully selected Japanese import offers excellent value, comfort, and practicality.<br /><br />Every vehicle is sourced directly from Japan and selected to meet our high standards of quality and condition.<br /><br />Odometer Verified<br /><br />The odometer reading is verified through official Japanese Auction Sheets and Import Documentation, available for your reference and peace of mind.<br /><br />Price Includes:<br /><br />Video Walkaround Inspections<br />Finance & Car Loan Options<br />GST Invoice Available<br />1-5 Year Extended Warranty<br />Australia-Wide Delivery Available<br /><br />Why Buy From UKA Japan Motors?<br /><br />Trusted Japanese Import Specialists<br />Quality Vehicles Direct from Japan<br />Verified Odometer Readings<br />Competitive Finance Solutions<br />Extended Warranty Options<br />Friendly & Experienced Team<br /><br /><br /><br />Mordialloc Yard<br />247 Boundary Road, Mordialloc VIC 3195 <br />Phone: 03 7065 6403<br />sales.mordialloc@ukajapan.com.au<br />View Stock: www.ukajapan.com.au<br /><br />LMCT: 0012708<br /><br />Note: Vehicle specifications and features may be automatically generated by third-party platforms. Please confirm all features, options, and specifications with our sales team prior to purchase.",2,ANH20,,,False,False,False,A,True,,,2WD,5,4,,False,ANH20-8153191,Gray,VIC,10/10,06/26,,,,,,,Yes,,,False,In_Stock,0000,,,,,,,,0,,,,,7
100958,Nissan,Serena,XV,,6ZZM00GNC27031946,22995.0000,2021,99431,Van,Silver,2000,Auto,Hybrid,"Power Window,Power Steering,Air Condition,Power Mirror,Reverse Camera,Push Start,Power Slide Doors,Winker Mirror,Alloy Wheel,Parking Sensor,Seats Adjustment,Climate Control,Cruise Control",,"Nissan Serena 2021<br />Stock No: 100958<br />Mileage: 99,431 km<br /><br />Looking for a reliable, high-quality vehicle? This carefully selected Japanese import offers excellent value, comfort, and practicality.<br /><br />Every vehicle is sourced directly from Japan and selected to meet our high standards of quality and condition.<br /><br />Odometer Verified<br /><br />The odometer reading is verified through official Japanese Auction Sheets and Import Documentation, available for your reference and peace of mind.<br /><br />Price Includes:<br /><br />Roadworthy Certificate (RWC)<br />Registration<br />Transfer Fees<br /><br />Additional Services Available:<br /><br />Video Walkaround Inspections<br />Finance & Car Loan Options<br />GST Invoice Available<br />1-5 Year Extended Warranty<br />Australia-Wide Delivery Available<br /><br />Why Buy From UKA Japan Motors?<br /><br />Trusted Japanese Import Specialists<br />Quality Vehicles Direct from Japan<br />Verified Odometer Readings<br />Competitive Finance Solutions<br />Extended Warranty Options<br />Friendly & Experienced Team<br /><br />Brisbane Yard<br />33 Randall Street, Slacks Creek QLD 4127<br />Phone: 07 2147 6999<br />Email: sales.brisbane@ukajapan.com.au<br />View Stock: www.ukajapan.com.au<br /><br />LMCT: 4933717<br /><br />Note: Vehicle specifications and features may be automatically generated by third-party platforms. Please confirm all features, options, and specifications with our sales team prior to purchase.",4,GNC27,,21995.0000,False,False,False,A,True,,,4WD,5,4,,False,GNC27-031946,Gray,VIC,07/23,,,,,,,,Yes,,,False,In_Stock,,,,,,,,,0,,,,,8
100962,Nissan,Elgrand,250 Highway Star,,6ZZD000TE52056580,16995.0000,2012,98079,Van,Pearl White,2500,Auto,Petrol,"Power Window,Power Steering,Power Mirror,Air Condition,Push Start,Eco Mode,Traction Control,Power Slide Doors,Climate Control,Seats Adjustment,Half Leather Seats,Winker Mirror,Alloy wheels,Rear Spoiler",,"Nissan Elgrand 2012 <br />Stock No: 100962<br />Mileage: 98,079 km<br /><br />Looking for a reliable, high-quality vehicle? This carefully selected Japanese import offers excellent value, comfort, and practicality.<br /><br />Every vehicle is sourced directly from Japan and selected to meet our high standards of quality and condition.<br /><br />Odometer Verified<br /><br />The odometer reading is verified through official Japanese Auction Sheets and Import Documentation, available for your reference and peace of mind.<br /><br />Price Includes:<br /><br />Roadworthy Certificate (RWC)<br />Registration<br />Transfer Fees<br /><br />Additional Services Available:<br /><br />Video Walkaround Inspections<br />Finance & Car Loan Options<br />GST Invoice Available<br />1-5 Year Extended Warranty<br />Australia-Wide Delivery Available<br /><br />Why Buy From UKA Japan Motors?<br /><br />Trusted Japanese Import Specialists<br />Quality Vehicles Direct from Japan<br />Verified Odometer Readings<br />Competitive Finance Solutions<br />Extended Warranty Options<br />Friendly & Experienced Team<br /><br /><br /><br />Mordialloc Yard<br />247 Boundary Road, Mordialloc VIC 3195 <br />Phone: 03 7065 6403<br />sales.mordialloc@ukajapan.com.au<br />View Stock: www.ukajapan.com.au<br /><br />LMCT: 0012708<br /><br />Note: Vehicle specifications and features may be automatically generated by third-party platforms. Please confirm all features, options, and specifications with our sales team prior to purchase.",2,TE52,,,False,False,False,A,True,,,2WD,5,4,,False,TE52-056580,Gray,VIC,10/13,05/26,,,,,,,Yes,,,False,In_Stock,0000,,,,,,,,0,,,,,7
100971,Toyota,Vellfire,2.4Z,,6ZZB0ANH208169599,19995.0000,2011,111000,Van,Black,2400,Auto,Petrol,"Power Steering,Power Window,Winker Mirror,ABS Brakes,Air Condition,Fog Light,Parking Sensor,Alloy Wheel,Rear Spoiler,Power Seat Adjustment Controls,Dash Cam,Japanese Radar Detector / GPS Receiver,Dual Zone Climate Control,Traction Control,Rear Monitor,Push Start",,"Toyota Vellfire 2011<br />Stock No: 100971<br />Mileage: 111,000km<br /><br />Looking for a reliable, high-quality vehicle? This carefully selected Japanese import offers excellent value, comfort, and practicality.<br /><br />Every vehicle is sourced directly from Japan and selected to meet our high standards of quality and condition.<br /><br />Odometer Verified<br /><br />The odometer reading is verified through official Japanese Auction Sheets and Import Documentation, available for your reference and peace of mind.<br /><br />Price Includes:<br /><br />Roadworthy Certificate (RWC)<br />Registration<br />Transfer Fees<br /><br />Additional Services Available:<br /><br />Video Walkaround Inspections<br />Finance & Car Loan Options<br />GST Invoice Available<br />15 Year Extended Warranty<br />Australia-Wide Delivery Available<br /><br />Why Buy From UKA Japan Motors?<br /><br />Trusted Japanese Import Specialists<br />Quality Vehicles Direct from Japan<br />Verified Odometer Readings<br />Competitive Finance Solutions<br />Extended Warranty Options<br />Friendly & Experienced Team<br /><br /><br /><br />Maidstone Yard<br />205 Ballarat Rd, Maidstone VIC 3012, Australiaa<br />Phone: 03 4329 0786<br />Email: sales.maidstone@ukajapan.com.au<br />View Stock: www.ukajapan.com.au<br /><br />LMCT: 4933717<br /><br />Note: Vehicle specifications and features may be automatically generated by third-party platforms. Please confirm all features, options, and specifications with our sales team prior to purchase.",2,ANH20,,17995.0000,False,False,False,A,True,,,2WD,5,4,,False,ANH20-8169599,Gray,VIC,01/11,04/26,,,,,,,Yes,,,False,In_Stock,0000,,,,,,,,0,,,,,7
100972,Toyota,Mark X,Premium,,6ZZBGRX1336002301,14995.0000,2011,62507,Sedan,White,3500,Auto,Petrol,"Power Window,Power Steering,Air Condition,ABS Brakes,Power Mirror,Fog Lights,Reverse Camera,Push Start,Fog Lamps,Alloy Wheels,Winkor Mirror,Auto Adjustable Mirror,Electric Seats,Rear AC,Sports Mode,Heated Seats,ECO Mode,Dual Zone Climate Control,Electronic Steering",,"Toyota Mark X 2011 <br />Stock No: 100972<br />Mileage: 62,507 km<br /><br />Looking for a reliable, high-quality vehicle? This carefully selected Japanese import offers excellent value, comfort, and practicality.<br /><br />Every vehicle is sourced directly from Japan and selected to meet our high standards of quality and condition.<br /><br />Odometer Verified<br /><br />The odometer reading is verified through official Japanese Auction Sheets and Import Documentation, available for your reference and peace of mind.<br /><br />Price Includes:<br /><br />Roadworthy Certificate (RWC)<br />Registration<br />Transfer Fees<br /><br />Additional Services Available:<br /><br />Video Walkaround Inspections<br />Finance & Car Loan Options<br />GST Invoice Available<br />1-5 Year Extended Warranty<br />Australia-Wide Delivery Available<br /><br />Why Buy From UKA Japan Motors?<br /><br />Trusted Japanese Import Specialists<br />Quality Vehicles Direct from Japan<br />Verified Odometer Readings<br />Competitive Finance Solutions<br />Extended Warranty Options<br />Friendly & Experienced Team<br /><br /><br /><br />Mordialloc Yard<br />247 Boundary Road, Mordialloc VIC 3195 <br />Phone: 03 7065 6403<br />sales.mordialloc@ukajapan.com.au<br />View Stock: www.ukajapan.com.au<br /><br />LMCT: 0012708<br /><br />Note: Vehicle specifications and features may be automatically generated by third-party platforms. Please confirm all features, options, and specifications with our sales team prior to purchase.",2,GRX133,,13995.0000,False,False,False,A,True,,,2WD,4,6,,False,GRX133-6002301,Gray,VIC,07/11,05/26,,,,,,,Yes,,,False,In_Stock,00000,,,,,,,,0,,,,,5
100974,Toyota,Alphard,Hybrid SR,,6ZZD0ATH208026348,21995.0000,2013,132038,Van,Purple,2400,Auto,Hybrid,"Power Window,Power Steering,Air Condition,Power Mirror,Reverse Camera,Push Start,Power Slide Doors,Cruise Control,Eco Mode,Ev Mode,Dual Zone Climate COntrol,Room Lights,Nanoe Mode,Electric Seats Adjustment,Roof Screen,Winker Mirror,Alloy Wheel,Rear Spoiler,Parking Sensor,Fog Lights",,"Toyota Alphard 2013<br />Stock No: 100974<br />Mileage: 132,038 km<br /><br />Looking for a reliable, high-quality vehicle? This carefully selected Japanese import offers excellent value, comfort, and practicality.<br /><br />Every vehicle is sourced directly from Japan and selected to meet our high standards of quality and condition.<br /><br />Odometer Verified<br /><br />The odometer reading is verified through official Japanese Auction Sheets and Import Documentation, available for your reference and peace of mind.<br /><br />Price Includes:<br /><br />Roadworthy Certificate (RWC)<br />Registration<br />Transfer Fees<br /><br />Additional Services Available:<br /><br />Video Walkaround Inspections<br />Finance & Car Loan Options<br />GST Invoice Available<br />1-5 Year Extended Warranty<br />Australia-Wide Delivery Available<br /><br />Why Buy From UKA Japan Motors?<br /><br />Trusted Japanese Import Specialists<br />Quality Vehicles Direct from Japan<br />Verified Odometer Readings<br />Competitive Finance Solutions<br />Extended Warranty Options<br />Friendly & Experienced Team<br /><br /><br /><br />Mordialloc Yard<br />247 Boundary Road, Mordialloc VIC 3195<br />Phone: 03 7065 6403<br />sales.mordialloc@ukajapan.com.au<br />View Stock: www.ukajapan.com.au<br /><br />LMCT: 0012708<br /><br />Note: Vehicle specifications and features may be automatically generated by third-party platforms. Please confirm all features, options, and specifications with our sales team prior to purchase.",2,ATH20,,20995.0000,False,False,False,A,True,,,4WD,5,4,,False,ATH20-8026348,Gray,VIC,02/13,05/26,,,,,,,Yes,,,False,On_Offer,00000,,,,,,,,0,,,,,7
100984,Toyota,Estima,X,,6ZZA0AHR207046028,14995.0000,2010,148717,Van,Pearl White,2400,Auto,Hybrid,"Power Window,Power Steering,Air Condition,ABS Brakes,Reverse Camera,Push Start,Power Slide Doors,Cruise Control,Power Mirror,Folding Side Mirror,AFS mode,Snow Mode,EV Mode,Dual Zone Climate Control,Dash Camera,Seats Adjustment,Rear Spoiler,Alloy Wheels,Parking Sensor,Winker Mirror,Fog Lights",,"Toyota Estima 2010<br />Stock No: 100984<br />Mileage: 148,717km<br /><br />Looking for a reliable, high-quality vehicle? This carefully selected Japanese import offers excellent value, comfort, and practicality.<br /><br />Every vehicle is sourced directly from Japan and selected to meet our high standards of quality and condition.<br /><br />Odometer Verified<br /><br />The odometer reading is verified through official Japanese Auction Sheets and Import Documentation, available for your reference and peace of mind.<br /><br />Price Includes:<br /><br />Roadworthy Certificate (RWC)<br />Registration<br />Transfer Fees<br /><br />Additional Services Available:<br /><br />Video Walkaround Inspections<br />Finance & Car Loan Options<br />GST Invoice Available<br />1-5 Year Extended Warranty<br />Australia-Wide Delivery Available<br /><br />Why Buy From UKA Japan Motors?<br /><br />Trusted Japanese Import Specialists<br />Quality Vehicles Direct from Japan<br />Verified Odometer Readings<br />Competitive Finance Solutions<br />Extended Warranty Options<br />Friendly & Experienced Team<br /><br /><br /><br />Maidstone Yard<br />205 Ballarat Rd, Maidstone VIC 3012, Australiaa<br />Phone: 03 4329 0786<br />Email: sales.maidstone@ukajapan.com.au<br />View Stock: www.ukajapan.com.au<br /><br />LMCT: 0012708<br /><br />Note: Vehicle specifications and features may be automatically generated by third-party platforms. Please confirm all features, options, and specifications with our sales team prior to purchase.",1,AHR20,,,False,False,False,A,True,,,4WD,5,4,,False,AHR20-7046028,Gray,VIC,02/10,04/26,,,,,,,Yes,,,False,In_Stock,0000,,,,,,,,0,,,,,7
100985,Toyota,Vellfire,2.4Z,,6ZZA0ANH208156498,16995.0000,2010,78459,Van,Black,2400,Auto,Petrol,"Power Window,Power Steering,Power Mirror,Winker Mirror,Parking Sensor,Fog Light,Rear Spoiler,Reverse Camera,Alloy Wheel,Leather Seats,Seats Adjustment,Dual Zone Climate Control,Traction Control,Push Start",,"Toyota Vellfire 2010 <br />Stock No: 100985<br />Mileage: 78,459km<br /><br />Looking for a reliable, high-quality vehicle? This carefully selected Japanese import offers excellent value, comfort, and practicality.<br /><br />Every vehicle is sourced directly from Japan and selected to meet our high standards of quality and condition.<br /><br />Odometer Verified<br /><br />The odometer reading is verified through official Japanese Auction Sheets and Import Documentation, available for your reference and peace of mind.<br /><br />Price Includes:<br /><br />Roadworthy Certificate (RWC)<br />Registration<br />Transfer Fees<br /><br />Additional Services Available:<br /><br />Video Walkaround Inspections<br />Finance & Car Loan Options<br />GST Invoice Available<br />1-5 Year Extended Warranty<br />Australia-Wide Delivery Available<br /><br />Why Buy From UKA Japan Motors?<br /><br />Trusted Japanese Import Specialists<br />Quality Vehicles Direct from Japan<br />Verified Odometer Readings<br />Competitive Finance Solutions<br />Extended Warranty Options<br />Friendly & Experienced Team<br /><br /><br /><br />Maidstone Yard<br />205 Ballarat Rd, Maidstone VIC 3012, Australiaa<br />Phone: 03 4329 0786<br />Email: sales.maidstone@ukajapan.com.au<br />View Stock: www.ukajapan.com.au<br /><br />LMCT: 0012708<br /><br />Note: Vehicle specifications and features may be automatically generated by third-party platforms. Please confirm all features, options, and specifications with our sales team prior to purchase.",1,ANH20,,,False,False,False,A,True,,,2WD,5,4,,False,ANH20-8156498,Gray,VIC,11/10,07/26,,,,,,,Yes,,,False,In_Stock,0,,,,,,,,0,,,,,8
100986,Toyota,Vellfire,2.4V,,6ZZC0ANH208217665,17459.0000,2012,115665,Van,Black,2400,Auto,Petrol,"Power Steering,Power Window,Air Condition,Power Mirror,Reverse Camera,Folding Side Mirror,Memory Seats,Traction Control,Eco Mode,Push Start,Nanoe Mode,Dual Zone Climate Control,Cruise Control,Sears Adjustment,Auto Boot,Alloy Wheels,Rear Spoiler,Winker Mirror,Fog Lights",,"Toyota Vellfire 2012 <br />Stock No: 100986<br />Mileage: 115,665 km<br /><br />Looking for a reliable, high-quality vehicle? This carefully selected Japanese import offers excellent value, comfort, and practicality.<br /><br />Every vehicle is sourced directly from Japan and selected to meet our high standards of quality and condition.<br /><br />Odometer Verified<br /><br />The odometer reading is verified through official Japanese Auction Sheets and Import Documentation, available for your reference and peace of mind.<br /><br />Price Includes:<br /><br />Roadworthy Certificate (RWC)<br />Registration<br />Transfer Fees<br /><br />Additional Services Available:<br /><br />Video Walkaround Inspections<br />Finance & Car Loan Options<br />GST Invoice Available<br />1-5 Year Extended Warranty<br />Australia-Wide Delivery Available<br /><br />Why Buy From UKA Japan Motors?<br /><br />Trusted Japanese Import Specialists<br />Quality Vehicles Direct from Japan<br />Verified Odometer Readings<br />Competitive Finance Solutions<br />Extended Warranty Options<br />Friendly & Experienced Team<br /><br /><br /><br />Mordialloc Yard<br />247 Boundary Road, Mordialloc VIC 3195 <br />Phone: 03 7065 6403<br />sales.mordialloc@ukajapan.com.au<br />View Stock: www.ukajapan.com.au<br /><br />LMCT: 0012708<br /><br />Note: Vehicle specifications and features may be automatically generated by third-party platforms. Please confirm all features, options, and specifications with our sales team prior to purchase.",2,ANH20,,,False,False,False,A,True,,,2WD,5,4,,False,ANH20-8217665,Gray,VIC,03/12,05/26,,,,,,,Yes,,,False,In_Stock,0000,,,,,,,,0,,,,,7
100990,Toyota,Estima,Aeras,2FU2QL,6ZZE0AHR207081402,20999.0000,2014,138183,Van,Blue,2400,Auto,Hybrid,"Power Window,Power Steering,Power Mirror,Air Condition,ABS Brakes,Push Start,Reverse Camera,Seats Adjusmtent,Rear Monitor,Power Slide Doors,Auto Boot,Folding Side Mirror,Cruise Control,Dual Zone Climate COntrol,Snow Mode,Ev Mode,ODO Trip,Rear Spoiler,E-Four,Alloy Wheels,Fog Lights",,"Toyota Estima 2014 <br />Stock No: 100990<br />Mileage: 138,183 km<br /><br /><br />Looking for a reliable, high-quality vehicle? This carefully selected Japanese import offers excellent value, comfort, and practicality.<br /><br />Every vehicle is sourced directly from Japan and selected to meet our high standards of quality and condition.<br /><br />Odometer Verified<br /><br />The odometer reading is verified through official Japanese Auction Sheets and Import Documentation, available for your reference and peace of mind.<br /><br />Price Includes:<br /><br />Roadworthy Certificate (RWC)<br />Registration<br />Transfer Fees<br /><br />Additional Services Available:<br /><br />Video Walkaround Inspections<br />Finance & Car Loan Options<br />GST Invoice Available<br />1-5 Year Extended Warranty<br />Australia-Wide Delivery Available<br /><br />Why Buy From UKA Japan Motors?<br /><br />Trusted Japanese Import Specialists<br />Quality Vehicles Direct from Japan<br />Verified Odometer Readings<br />Competitive Finance Solutions<br />Extended Warranty Options<br />Friendly & Experienced Team<br /><br /><br /><br />Mordialloc Yard<br />247 Boundary Road, Mordialloc VIC 3195<br />Phone: 03 7065 6403<br />sales.mordialloc@ukajapan.com.au<br />View Stock: www.ukajapan.com.au<br /><br />LMCT: 0012708<br /><br />Note: Vehicle specifications and features may be automatically generated by third-party platforms. Please confirm all features, options, and specifications with our sales team prior to purchase.",2,AHR20,,,False,False,False,A,True,09/12/2026,,4WD,5,4,,False,AHR20-7081402,Gray,VIC,04/14,09/26,,,,,,,Yes,,,False,On_Offer,2AZJ085790,,,,,,,,0,,,,,7
100993,Subaru,XV,2.0I L EYESIGHT,,6ZZF0000GPE023131,14495.0000,2015,97478,SUV,Black,2000,Auto,Hybrid,"Power Steering,Power Window,Winker Mirror,ABS Brakes,Air Condition,Fog Light,Alloy Wheel,Reverse Camera,Roof Rails,Seats Adjustment,Climate Control,Cruise Control,Traction Control,Keep Lane Assist,Collision Braking,Push Start",,"Subaru XV 2015<br />Stock No: 100993<br />Mileage: 97,478km<br /><br />Looking for a reliable, high-quality vehicle? This carefully selected Japanese import offers excellent value, comfort, and practicality.<br /><br />Every vehicle is sourced directly from Japan and selected to meet our high standards of quality and condition.<br /><br />Odometer Verified<br /><br />The odometer reading is verified through official Japanese Auction Sheets and Import Documentation, available for your reference and peace of mind.<br /><br />Price Includes:<br /><br />Roadworthy Certificate (RWC)<br />Registration<br />Transfer Fees<br /><br />Additional Services Available:<br /><br />Video Walkaround Inspections<br />Finance & Car Loan Options<br />GST Invoice Available<br />15 Year Extended Warranty<br />Australia-Wide Delivery Available<br /><br />Why Buy From UKA Japan Motors?<br /><br />Trusted Japanese Import Specialists<br />Quality Vehicles Direct from Japan<br />Verified Odometer Readings<br />Competitive Finance Solutions<br />Extended Warranty Options<br />Friendly & Experienced Team<br /><br />Brisbane Yard<br />33 Randall Street, Slacks Creek QLD 4127<br />Phone: 07 2147 6999<br />Email: sales.brisbane@ukajapan.com.au<br />View Stock: www.ukajapan.com.au<br /><br />LMCT: 4933717<br /><br />Note: Vehicle specifications and features may be automatically generated by third-party platforms. Please confirm all features, options, and specifications with our sales team prior to purchase.",4,GPE,,,False,False,False,A,True,,,4WD,5,4,,False,GPE-023131,Gray,VIC,02/15,,,,,,,,Yes,,,False,In_Stock,,,,,,,,,0,,,,,5
100995,Honda,Fit,,,6ZZL000GR31049134,18995.0000,2020,98672,Hatchback,Silver,1500,Auto,Hybrid,"Power Steering,Power Window,Power Mirror,Parking Sensor,Seats Adjustment,Cruise Control,Climate Control,Traction Control,Electronic Brake,Push Start,Air Condition",,"Honda Fit 2020<br />Stock No: 100995<br />Mileage: 98,672 km<br /><br />Looking for a reliable, high-quality vehicle? This carefully selected Japanese import offers excellent value, comfort, and practicality.<br /><br />Every vehicle is sourced directly from Japan and selected to meet our high standards of quality and condition.<br /><br />Odometer Verified<br /><br />The odometer reading is verified through official Japanese Auction Sheets and Import Documentation, available for your reference and peace of mind.<br /><br />Price Includes:<br /><br />Roadworthy Certificate (RWC)<br />Registration<br />Transfer Fees<br /><br />Additional Services Available:<br /><br />Video Walkaround Inspections<br />Finance & Car Loan Options<br />GST Invoice Available<br />1-5 Year Extended Warranty<br />Australia-Wide Delivery Available<br /><br />Why Buy From UKA Japan Motors?<br /><br />Trusted Japanese Import Specialists<br />Quality Vehicles Direct from Japan<br />Verified Odometer Readings<br />Competitive Finance Solutions<br />Extended Warranty Options<br />Friendly & Experienced Team<br /><br />Brisbane Yard<br />33 Randall Street, Slacks Creek QLD 4127<br />Phone: 07 2147 6999<br />Email: sales.brisbane@ukajapan.com.au<br />View Stock: www.ukajapan.com.au<br /><br />LMCT: 4933717<br /><br />Note: Vehicle specifications and features may be automatically generated by third-party platforms. Please confirm all features, options, and specifications with our sales team prior to purchase.",4,GR3,,,False,False,False,A,True,,,2WD,5,4,,False,GR3-1049134,Gray,VIC,11/20,,,,,,,,Yes,,,False,In_Stock,,,,,,,,,0,,,,,5
101001,Honda,STEPWGN,E:HEV Spada G Honda Sen,,6ZZM000RP51210864,34995.0000,2021,91255,Van,Gray,2000,Auto,Hybrid,"Power Window,Power Steering,Air Condition,Ev Mode,Dual Zone  Climate Control,Reverse Camera,Cruise Conrtrol,Keep Lane Assist,Folding Side Mirror,Alloy Wheels,Push Start,Seats Adjustment,Traction Control,Collision Brakes,Power Slide Doors,Rear Spoiler,Winker Mirror",,"Honda STEPWGN 2021 <br />Stock No: 101001<br />Mileage: 91,255 km<br /><br />Looking for a reliable, high-quality vehicle? This carefully selected Japanese import offers excellent value, comfort, and practicality.<br /><br />Every vehicle is sourced directly from Japan and selected to meet our high standards of quality and condition.<br /><br />Odometer Verified<br /><br />The odometer reading is verified through official Japanese Auction Sheets and Import Documentation, available for your reference and peace of mind.<br /><br />Price Includes:<br /><br />Roadworthy Certificate (RWC)<br />Registration<br />Transfer Fees<br /><br />Additional Services Available:<br /><br />Video Walkaround Inspections<br />Finance & Car Loan Options<br />GST Invoice Available<br />15 Year Extended Warranty<br />Australia-Wide Delivery Available<br /><br />Why Buy From UKA Japan Motors?<br /><br />Trusted Japanese Import Specialists<br />Quality Vehicles Direct from Japan<br />Verified Odometer Readings<br />Competitive Finance Solutions<br />Extended Warranty Options<br />Friendly & Experienced Team<br /><br />Brisbane Yard<br />33 Randall Street, Slacks Creek QLD 4127<br />Phone: 07 2147 6999<br />Email: sales.brisbane@ukajapan.com.au<br />View Stock: www.ukajapan.com.au<br /><br />LMCT: 4933717<br /><br />Note: Vehicle specifications and features may be automatically generated by third-party platforms. Please confirm all features, options, and specifications with our sales team prior to purchase.",4,RP5,,,False,False,False,A,True,,,2WD,5,4,,False,RP5-1210864,Gray,VIC,02/21,,,,,,,,Yes,,,False,In_Stock,,,,,,,,,0,,,,,7
101014,Toyota,Crown,Majesta  C TYPE,,6ZZBURS2061005314,16995.0000,2011,87578,Sedan,Silver,4608,Auto,Petrol,"Power Window,Power Steering,Air Condition,Alloy Wheel,Push Start,Winker Mirror,Fog Lights,Alloy Wheels,Parking Sensor,Reverse Camera,Electric Seats Adjustment,Cruise Control,Dual Zone Climate Control,Sunroof,Power Slide Mirror,Dash Camera",,"Nissan Elgrand 2013  <br />Stock No: 101222<br />Mileage: 67,340 km<br /><br />Looking for a reliable, high-quality vehicle? This carefully selected Japanese import offers excellent value, comfort, and practicality.<br /><br />Every vehicle is sourced directly from Japan and selected to meet our high standards of quality and condition.<br /><br />Odometer Verified<br /><br />The odometer reading is verified through official Japanese Auction Sheets and Import Documentation, available for your reference and peace of mind.<br /><br />Price Includes:<br /><br />Roadworthy Certificate (RWC)<br />Registration<br />Transfer Fees<br /><br />Additional Services Available:<br /><br />Video Walkaround Inspections<br />Finance & Car Loan Options<br />GST Invoice Available<br />1-5 Year Extended Warranty<br />Australia-Wide Delivery Available<br /><br />Why Buy From UKA Japan Motors?<br /><br />Trusted Japanese Import Specialists<br />Quality Vehicles Direct from Japan<br />Verified Odometer Readings<br />Competitive Finance Solutions<br />Extended Warranty Options<br />Friendly & Experienced Team<br /><br /><br /><br />Mordialloc Yard<br />247 Boundary Road, Mordialloc VIC 3195<br />Phone: 03 7065 6403<br />sales.mordialloc@ukajapan.com.au<br />View Stock: www.ukajapan.com.au<br /><br />LMCT: 0012708<br /><br />Note: Vehicle specifications and features may be automatically generated by third-party platforms. Please confirm all features, options, and specifications with our sales team prior to purchase.",2,URS206,,,False,False,False,A,True,,,Rear Wheel Drive,4,8,,False,URS206-1005314,Gray,VIC,02/11,08/26,,,,,,,,,,False,In_Stock,0,8,259,259,347.06,,,,0,,,,,5
101016,Toyota,Vellfire,2.4X,,6ZZB0ANH208174195,19995.0000,2011,104093,Van,Black,2400,Auto,Petrol,"Power window,Power Steering,Air Condition,ABVS Brakes,Push Start,Reverse Camera,Dual Zone Climate Control,Folding Side Mirror,Alloy Wheel,Seats Adjustment,Traction Control,Room Lights,Winker Mirror,Fog Lights,Rear Spoiler,Parking Sensor",,"Toyota Vellfire 2011<br />Stock No: 101016<br />Mileage: 104,093 km<br /><br />Looking for a reliable, high-quality vehicle? This carefully selected Japanese import offers excellent value, comfort, and practicality.<br /><br />Every vehicle is sourced directly from Japan and selected to meet our high standards of quality and condition.<br /><br />Odometer Verified<br /><br />The odometer reading is verified through official Japanese Auction Sheets and Import Documentation, available for your reference and peace of mind.<br /><br />Price Includes:<br /><br />Roadworthy Certificate (RWC)<br />Registration<br />Transfer Fees<br /><br />Additional Services Available:<br /><br />Video Walkaround Inspections<br />Finance & Car Loan Options<br />GST Invoice Available<br />1-5 Year Extended Warranty<br />Australia-Wide Delivery Available<br /><br />Why Buy From UKA Japan Motors?<br /><br />Trusted Japanese Import Specialists<br />Quality Vehicles Direct from Japan<br />Verified Odometer Readings<br />Competitive Finance Solutions<br />Extended Warranty Options<br />Friendly & Experienced Team<br /><br />Brisbane Yard<br />33 Randall Street, Slacks Creek QLD 4127<br />Phone: 07 2147 6999<br />Email: sales.brisbane@ukajapan.com.au<br />View Stock: www.ukajapan.com.au<br /><br />LMCT: 4933717<br /><br />Note: Vehicle specifications and features may be automatically generated by third-party platforms. Please confirm all features, options, and specifications with our sales team prior to purchase.",4,ANH20,,,False,False,False,A,True,,,2WD,5,4,,False,ANH20-8174195,Gray,VIC,02/11,,,,,,,,Yes,,,False,In_Stock,,,,,,,,,0,,,,,7
101018,Nissan,Elgrand,350 HIGHWAY STAR,,6ZZB000PE52005314,14995.0000,2011,94739,Van,Black,3500,Auto,Petrol,"Power Window,Power Steering,Winker Mirror,Power Mirror,ABS Brakes,Fog Light,Parking Sensor,Alloy Wheel,Reverse Camera,Seats Adjustemnt,Half Leather Seats,Dual Zone Climate Control,ECO Mode,Traction Control,Power Door,Push Sart",,"Nissan Elgrand 2011<br />Stock No: 101018<br />Mileage: 94,739 km<br /><br />Looking for a reliable, high-quality vehicle? This carefully selected Japanese import offers excellent value, comfort, and practicality.<br /><br />Every vehicle is sourced directly from Japan and selected to meet our high standards of quality and condition.<br /><br />Odometer Verified<br /><br />The odometer reading is verified through official Japanese Auction Sheets and Import Documentation, available for your reference and peace of mind.<br /><br />Price Includes:<br /><br />Roadworthy Certificate (RWC)<br />Registration<br />Transfer Fees<br /><br />Additional Services Available:<br /><br />Video Walkaround Inspections<br />Finance & Car Loan Options<br />GST Invoice Available<br />1-5 Year Extended Warranty<br />Australia-Wide Delivery Available<br /><br />Why Buy From UKA Japan Motors?<br /><br />Trusted Japanese Import Specialists<br />Quality Vehicles Direct from Japan<br />Verified Odometer Readings<br />Competitive Finance Solutions<br />Extended Warranty Options<br />Friendly & Experienced Team<br /><br /><br /><br />Mordialloc Yard<br />247 Boundary Road, Mordialloc VIC 3195 <br />Phone: 03 7065 6403<br />sales.mordialloc@ukajapan.com.au<br />View Stock: www.ukajapan.com.au<br /><br />LMCT: 0012708<br /><br />Note: Vehicle specifications and features may be automatically generated by third-party platforms. Please confirm all features, options, and specifications with our sales team prior to purchase.",2,PE52,,,False,False,False,A,True,,,2WD,5,4,,False,PE52-005314,Gray,VIC,01/11,00/00,,,,,,,Yes,,,False,In_Stock,00000,,,,,,,,0,,,,,7
101020,Toyota,C-HR,S,,6ZZJ0ZYX102139021,22995.0000,2018,92889,SUV,Black,1800,Auto,Hybrid,"Power Steering,Power Window,Winker Mirror,Power Mirror,ABS Brakes,Alloy Wheel,Rear Spoiler,Reverse Camera,Seats Adjustment,EV Mode,Electronic Brake,Traction Control,Dual Zone Climate Control,ECO Heat / Cool,Keep Lane Assist,Cruise Control,Dash Camera,Push Start",,"Toyota C-HR 2018<br />Stock No: 101020<br />Mileage: 92,889 km<br /><br />Looking for a reliable, high-quality vehicle? This carefully selected Japanese import offers excellent value, comfort, and practicality.<br /><br />Every vehicle is sourced directly from Japan and selected to meet our high standards of quality and condition.<br /><br />Odometer Verified<br /><br />The odometer reading is verified through official Japanese Auction Sheets and Import Documentation, available for your reference and peace of mind.<br /><br />Price Includes:<br /><br />Roadworthy Certificate (RWC)<br />Registration<br />Transfer Fees<br /><br />Additional Services Available:<br /><br />Video Walkaround Inspections<br />Finance & Car Loan Options<br />GST Invoice Available<br />1-5 Year Extended Warranty<br />Australia-Wide Delivery Available<br /><br />Why Buy From UKA Japan Motors?<br /><br />Trusted Japanese Import Specialists<br />Quality Vehicles Direct from Japan<br />Verified Odometer Readings<br />Competitive Finance Solutions<br />Extended Warranty Options<br />Friendly & Experienced Team<br /><br />Brisbane Yard<br />33 Randall Street, Slacks Creek QLD 4127<br />Phone: 07 2147 6999<br />Email: sales.brisbane@ukajapan.com.au<br />View Stock: www.ukajapan.com.au<br /><br />LMCT: 4933717<br /><br />Note: Vehicle specifications and features may be automatically generated by third-party platforms. Please confirm all features, options, and specifications with our sales team prior to purchase.",4,ZYX10,,,False,False,False,A,False,,,2WD,5,4,,False,ZYX10-2139021,Gray,VIC,07/18,,,,,,,,Yes,,,False,In_Stock,,,,,,,,,0,,,,,5
101026,Toyota,C-HR,G,,6ZZJ0ZYX102163365,24459.0000,2018,100276,SUV,Silver,1800,Auto,Hybrid,"Power Window,Power Steering,Air Condition,Reverse Cmaera,Push start,Eco Mode - Heat/Cool Mode,Dual Zone Climate Control,Dash Camera,Leather Seats,Alloy Wheels,EV Mode,Seats Adjustment,Traction Control,Parking Sensor,Rear Spoiler,Cruise Control,Keep Lane Assist,ABS Brakes,Winker Mirror",,"Toyota C-HR 2018 <br />Stock No: 101026<br />Mileage: 100,276 km<br /><br /><br />Looking for a reliable, high-quality vehicle? This carefully selected Japanese import offers excellent value, comfort, and practicality.<br /><br />Every vehicle is sourced directly from Japan and selected to meet our high standards of quality and condition.<br /><br />Odometer Verified<br /><br />The odometer reading is verified through official Japanese Auction Sheets and Import Documentation, available for your reference and peace of mind.<br /><br />Price Includes:<br /><br />Roadworthy Certificate (RWC)<br />Registration<br />Transfer Fees<br /><br />Additional Services Available:<br /><br />Video Walkaround Inspections<br />Finance & Car Loan Options<br />GST Invoice Available<br />1-5 Year Extended Warranty<br />Australia-Wide Delivery Available<br /><br />Why Buy From UKA Japan Motors?<br /><br />Trusted Japanese Import Specialists<br />Quality Vehicles Direct from Japan<br />Verified Odometer Readings<br />Competitive Finance Solutions<br />Extended Warranty Options<br />Friendly & Experienced Team<br /><br /><br /><br />Mordialloc Yard<br />247 Boundary Road, Mordialloc VIC 3195<br />Phone: 03 7065 6403<br />sales.mordialloc@ukajapan.com.au<br />View Stock: www.ukajapan.com.au<br /><br />LMCT: 0012708<br /><br />Note: Vehicle specifications and features may be automatically generated by third-party platforms. Please confirm all features, options, and specifications with our sales team prior to purchase.",2,ZYX10,,,False,False,False,A,True,,,2WD,5,4,,False,ZYX10-2163365,Gray,VIC,12/18,00/00,,,,,,,Yes,,,False,In_Stock,000000,,,,,,,,0,,,,,5
101029,Toyota,Alphard,G L Package,,6ZZC0ATH208020645,23995.0000,2012,84418,Van,Pearl White,2400,Auto,Hybrid,"Power Window,Power Steering,Air Condition,Push Start,Sunroof,ABS Brakes,Power Slide Doors,Electric Seats Adjustment,Reverse Camera,Cruise Control,Folding Side Mirror,Alloy Wheels,Dual Zone Climate Control,Leather Seats,Room Lights,AFS Mode,Nanoe Mode,Rear Spoiler,Parking Sensor,Fog Lights,Winker Mirror",,"Toyota Alphard 2012 <br />Stock No: 101029<br />Mileage: 84,418 km<br /><br />Looking for a reliable, high-quality vehicle? This carefully selected Japanese import offers excellent value, comfort, and practicality.<br /><br />Every vehicle is sourced directly from Japan and selected to meet our high standards of quality and condition.<br /><br />Odometer Verified<br /><br />The odometer reading is verified through official Japanese Auction Sheets and Import Documentation, available for your reference and peace of mind.<br /><br />Price Includes:<br /><br />Roadworthy Certificate (RWC)<br />Registration<br />Transfer Fees<br /><br />Additional Services Available:<br /><br />Video Walkaround Inspections<br />Finance & Car Loan Options<br />GST Invoice Available<br />15 Year Extended Warranty<br />Australia-Wide Delivery Available<br /><br />Why Buy From UKA Japan Motors?<br /><br />Trusted Japanese Import Specialists<br />Quality Vehicles Direct from Japan<br />Verified Odometer Readings<br />Competitive Finance Solutions<br />Extended Warranty Options<br />Friendly & Experienced Team<br /><br />Brisbane Yard<br />33 Randall Street, Slacks Creek QLD 4127<br />Phone: 07 2147 6999<br />Email: sales.brisbane@ukajapan.com.au<br />View Stock: www.ukajapan.com.au<br /><br />LMCT: 4933717<br /><br />Note: Vehicle specifications and features may be automatically generated by third-party platforms. Please confirm all features, options, and specifications with our sales team prior to purchase.",4,ATH20,,,False,False,False,A,True,,,2WD,5,4,,False,ATH20-8020645,Gray,VIC,08/12,,,,,,,,Yes,,,False,On_Offer,,0,,,,,,,0,,,,,7
101031,Toyota,C-HR,G,,6ZZK0ZYX102178594,24995.0000,2019,77058,SUV,Black,1800,Auto,Hybrid,"Power Window,Power Steering,Power Mirror,Air Condition,Leather Seats,Alloy Wheel,ABS Brakes,Push start,Reverse Camera,Keep Lane Assist,Cruise Control,Eco Mode,Dual Zone Climate Control,Traction COntrol,EV Mode,Seats Adjustment,Rear Spoiler,Alloy Wheels,Winker Mirror,Parking Sensor",,"Toyota C-HR 2019<br />Stock No: 101031<br />Mileage: 77,058 km<br /><br />Looking for a reliable, high-quality vehicle? This carefully selected Japanese import offers excellent value, comfort, and practicality.<br /><br />Every vehicle is sourced directly from Japan and selected to meet our high standards of quality and condition.<br /><br />Odometer Verified<br /><br />The odometer reading is verified through official Japanese Auction Sheets and Import Documentation, available for your reference and peace of mind.<br /><br />Price Includes:<br /><br />Roadworthy Certificate (RWC)<br />Registration<br />Transfer Fees<br /><br />Additional Services Available:<br /><br />Video Walkaround Inspections<br />Finance & Car Loan Options<br />GST Invoice Available<br />15 Year Extended Warranty<br />Australia-Wide Delivery Available<br /><br />Why Buy From UKA Japan Motors?<br /><br />Trusted Japanese Import Specialists<br />Quality Vehicles Direct from Japan<br />Verified Odometer Readings<br />Competitive Finance Solutions<br />Extended Warranty Options<br />Friendly & Experienced Team<br /><br />Brisbane Yard<br />33 Randall Street, Slacks Creek QLD 4127<br />Phone: 07 2147 6999<br />Email: sales.brisbane@ukajapan.com.au<br />View Stock: www.ukajapan.com.au<br /><br />LMCT: 4933717<br /><br />Note: Vehicle specifications and features may be automatically generated by third-party platforms. Please confirm all features, options, and specifications with our sales team prior to purchase.",4,ZYX10,,,False,False,False,A,True,,,2WD,5,4,,False,ZYX10-2178594,Gray,VIC,04/19,,,,,,,,Yes,,,False,In_Stock,,,,,,,,,0,,,,,5
101035,Honda,Odyssey,Absolute H-Sen EX Pack,,6ZZH000RC41028104,24995.0000,2017,109117,Van,Pearl White,2000,Auto,Hybrid,"Power Window,Power Steering,Air Condition,ABS Brakes,Reverse Camera,Push Start,Alloy Wheel,Power Slide Doors,Fog Light,Winker Mirror,Rear Spoiler,Seats Adjustment,Half Leather Seats,Dual Zone Climate Control,Traction Control,Collision Braking,Keep Lane Assist,Cruise Control",,"Honda Odyssey 2017<br />Stock No: 101035<br />Mileage: 109,117 km<br /><br />Looking for a reliable, high-quality vehicle? This carefully selected Japanese import offers excellent value, comfort, and practicality.<br /><br />Every vehicle is sourced directly from Japan and selected to meet our high standards of quality and condition.<br /><br />Odometer Verified<br /><br />The odometer reading is verified through official Japanese Auction Sheets and Import Documentation, available for your reference and peace of mind.<br /><br />Price Includes:<br /><br />Roadworthy Certificate (RWC)<br />Registration<br />Transfer Fees<br /><br />Additional Services Available:<br /><br />Video Walkaround Inspections<br />Finance & Car Loan Options<br />GST Invoice Available<br />1-5 Year Extended Warranty<br />Australia-Wide Delivery Available<br /><br />Why Buy From UKA Japan Motors?<br /><br />Trusted Japanese Import Specialists<br />Quality Vehicles Direct from Japan<br />Verified Odometer Readings<br />Competitive Finance Solutions<br />Extended Warranty Options<br />Friendly & Experienced Team<br /><br />Brisbane Yard<br />33 Randall Street, Slacks Creek QLD 4127<br />Phone: 07 2147 6999<br />Email: sales.brisbane@ukajapan.com.au<br />View Stock: www.ukajapan.com.au<br /><br />LMCT: 4933717<br /><br />Note: Vehicle specifications and features may be automatically generated by third-party platforms. Please confirm all features, options, and specifications with our sales team prior to purchase.",4,RC4,,,False,False,False,A,True,,,2WD,5,4,,False,RC4-1028104,Gray,VIC,07/17,,,,,,,,Yes,,,False,In_Stock,,,,,,,,,0,,,,,7
101036,Toyota,Crown,SC Package,,6ZZLAZSH201056974,29995.0000,2020,115605,Sedan,Pearl White,2500,Auto,Hybrid,"Power Window,Power Steering,Air Condition,ABS Brakes,Push Start,Reverse Camera,Cruise Control,Electric Seats Adjustment,Alloy Weheels,EV Mode,Multi Zone Climate Control,Folding Side Mirror,Parking Sensor,Winker Mirror,Fog Lights,Keep Lane Assist,Traction Control",,"Toyota Crown 2020 <br />Stock No: 101036<br />Mileage: 115,605 km<br /><br />Looking for a reliable, high-quality vehicle? This carefully selected Japanese import offers excellent value, comfort, and practicality.<br /><br />Every vehicle is sourced directly from Japan and selected to meet our high standards of quality and condition.<br /><br />Odometer Verified<br /><br />The odometer reading is verified through official Japanese Auction Sheets and Import Documentation, available for your reference and peace of mind.<br /><br />Price Includes:<br /><br />Roadworthy Certificate (RWC)<br />Registration<br />Transfer Fees<br /><br />Additional Services Available:<br /><br />Video Walkaround Inspections<br />Finance & Car Loan Options<br />GST Invoice Available<br />1-5 Year Extended Warranty<br />Australia-Wide Delivery Available<br /><br />Why Buy From UKA Japan Motors?<br /><br />Trusted Japanese Import Specialists<br />Quality Vehicles Direct from Japan<br />Verified Odometer Readings<br />Competitive Finance Solutions<br />Extended Warranty Options<br />Friendly & Experienced Team<br /><br />Brisbane Yard<br />33 Randall Street, Slacks Creek QLD 4127<br />Phone: 07 2147 6999<br />Email: sales.brisbane@ukajapan.com.au<br />View Stock: www.ukajapan.com.au<br /><br />LMCT: 4933717<br /><br />Note: Vehicle specifications and features may be automatically generated by third-party platforms. Please confirm all features, options, and specifications with our sales team prior to purchase.",4,AZSH20,,,False,False,False,A,True,,,2WD,4,4,,False,AZSH20-1056974,Gray,VIC,02/20,,,,,,,,Yes,,,False,In_Stock,,,,,,,,,0,,,,,5
101037,Honda,Vezel,HYBRID X,,6ZZF000RU31115100,17995.0000,2015,87554,SUV,White,1500,Auto,Hybrid,"Power Window,Power Steering,Air Condition,Reverse camera,Sport Mode,Reverse Camera,Cruise Control,Folding Side Mirror,Alloy Wheels,Push Start,Seats Adjustment,Traction Control,Rear Spoiler,Winker Mirror,Fog Lights",,"Honda Vezel 2015 <br />Stock No: 101037<br />Mileage: 87,554 km<br /><br />Looking for a reliable, high-quality vehicle? This carefully selected Japanese import offers excellent value, comfort, and practicality.<br /><br />Every vehicle is sourced directly from Japan and selected to meet our high standards of quality and condition.<br /><br />Odometer Verified<br /><br />The odometer reading is verified through official Japanese Auction Sheets and Import Documentation, available for your reference and peace of mind.<br /><br />Price Includes:<br /><br />Roadworthy Certificate (RWC)<br />Registration<br />Transfer Fees<br /><br />Additional Services Available:<br /><br />Video Walkaround Inspections<br />Finance & Car Loan Options<br />GST Invoice Available<br />1-5 Year Extended Warranty<br />Australia-Wide Delivery Available<br /><br />Why Buy From UKA Japan Motors?<br /><br />Trusted Japanese Import Specialists<br />Quality Vehicles Direct from Japan<br />Verified Odometer Readings<br />Competitive Finance Solutions<br />Extended Warranty Options<br />Friendly & Experienced Team<br /><br />Brisbane Yard<br />33 Randall Street, Slacks Creek QLD 4127<br />Phone: 07 2147 6999<br />Email: sales.brisbane@ukajapan.com.au<br />View Stock: www.ukajapan.com.au<br /><br />LMCT: 4933717<br /><br />Note: Vehicle specifications and features may be automatically generated by third-party platforms. Please confirm all features, options, and specifications with our sales team prior to purchase.",4,RU3,,,False,False,False,A,True,,,2WD,5,4,,False,RU3-1115100,Gray,VIC,09/15,,,,,,,,Yes,,,False,In_Stock,,,,,,,,,0,,,,,5
101038,Toyota,Prius,WELCAB FUKUSHI,,6ZZB0ZVW305274043,13995.0000,2011,110326,Hatchback,Silver,1800,Auto,Hybrid,"Power Window,Power Steering,Air Condition,Alloy Wheel,ABS Brakes,Power Mirror,Reverse Camera,Push Start,Eco Mode,Dual Zone Climate Control,Alloy Wheels,Dash Camera,Electric Seats Adjustment,Folding Side Mirror,Fog Light,Winker Mirror",,"Toyota Prius 2011<br />Stock No: 101038<br />Mileage: 110,326 km<br /><br />Looking for a reliable, high-quality vehicle? This carefully selected Japanese import offers excellent value, comfort, and practicality.<br /><br />Every vehicle is sourced directly from Japan and selected to meet our high standards of quality and condition.<br /><br />Odometer Verified<br /><br />The odometer reading is verified through official Japanese Auction Sheets and Import Documentation, available for your reference and peace of mind.<br /><br />Price Includes:<br /><br />Roadworthy Certificate (RWC)<br />Registration<br />Transfer Fees<br /><br />Additional Services Available:<br /><br />Video Walkaround Inspections<br />Finance & Car Loan Options<br />GST Invoice Available<br />1-5 Year Extended Warranty<br />Australia-Wide Delivery Available<br /><br />Why Buy From UKA Japan Motors?<br /><br />Trusted Japanese Import Specialists<br />Quality Vehicles Direct from Japan<br />Verified Odometer Readings<br />Competitive Finance Solutions<br />Extended Warranty Options<br />Friendly & Experienced Team<br /><br />Brisbane Yard<br />33 Randall Street, Slacks Creek QLD 4127<br />Phone: 07 2147 6999<br />Email: sales.brisbane@ukajapan.com.au<br />View Stock: www.ukajapan.com.au<br /><br />LMCT: 4933717<br /><br />Note: Vehicle specifications and features may be automatically generated by third-party platforms. Please confirm all features, options, and specifications with our sales team prior to purchase.",4,ZVW30,,,False,False,False,A,True,,,2WD,5,4,,False,ZVW30-5274043,Gray,VIC,06/11,,,,,,,,Yes,,,False,In_Stock,,,,,,,,,0,,,,,5
101039,Toyota,C-HR,G LED Edition,,6ZZJ0ZYX102128417,22995.0000,2018,102155,SUV,Black,1800,Auto,Hybrid,"Power Steering,Power Window,Winker Mirror,Power Mirror,Fog Light,Alloy Wheel,Parking Sensor,Reverse Camera,Rear Spoiler,Leather Seats,Seats Adjustment,Dual Zone Climate Control,Electronic Brake,EV Mode,Traction Control,ECO Heat / Cool,Keep Lane Assist,Cruise Control,Push Start",,"Toyota C-HR 2018<br />Stock No: 101039<br />Mileage: 102,155 km<br /><br />Looking for a reliable, high-quality vehicle? This carefully selected Japanese import offers excellent value, comfort, and practicality.<br /><br />Every vehicle is sourced directly from Japan and selected to meet our high standards of quality and condition.<br /><br />Odometer Verified<br /><br />The odometer reading is verified through official Japanese Auction Sheets and Import Documentation, available for your reference and peace of mind.<br /><br />Price Includes:<br /><br />Roadworthy Certificate (RWC)<br />Registration<br />Transfer Fees<br /><br />Additional Services Available:<br /><br />Video Walkaround Inspections<br />Finance & Car Loan Options<br />GST Invoice Available<br />1-5 Year Extended Warranty<br />Australia-Wide Delivery Available<br /><br />Why Buy From UKA Japan Motors?<br /><br />Trusted Japanese Import Specialists<br />Quality Vehicles Direct from Japan<br />Verified Odometer Readings<br />Competitive Finance Solutions<br />Extended Warranty Options<br />Friendly & Experienced Team<br /><br />Brisbane Yard<br />33 Randall Street, Slacks Creek QLD 4127<br />Phone: 07 2147 6999<br />Email: sales.brisbane@ukajapan.com.au<br />View Stock: www.ukajapan.com.au<br /><br />LMCT: 4933717<br /><br />Note: Vehicle specifications and features may be automatically generated by third-party platforms. Please confirm all features, options, and specifications with our sales team prior to purchase.",4,ZYX10,,,False,False,False,A,True,,,2WD,5,4,,False,ZYX10-2128417,Gray,VIC,04/18,,,,,,,,Yes,,,False,In_Stock,,,,,,,,,0,,,,,5
101040,Toyota,C-HR,G,,6ZZJ0ZYX102137677,23995.0000,2018,103570,SUV,Pearl White,1800,Auto,Hybrid,"Power Window,Power Steering,Air Condition,Power Seats,Leather Seats,Reverse Camera,Push Start,Alloy Wheel,Dash Camera,Eco Mode,Dual Zone Climate Control,Heated Seats,Cruise Control,Keep Lane Assist,EV Mode,Traction Control,Seats Adjustment,Alloy Wheels,Rear Spoiler,Parking Sensor,Winker Mirror",,"Toyota C-HR 2018 <br />Stock No: 101040<br />Mileage: 103,570 km<br /><br />Looking for a reliable, high-quality vehicle? This carefully selected Japanese import offers excellent value, comfort, and practicality.<br /><br />Every vehicle is sourced directly from Japan and selected to meet our high standards of quality and condition.<br /><br />Odometer Verified<br /><br />The odometer reading is verified through official Japanese Auction Sheets and Import Documentation, available for your reference and peace of mind.<br /><br />Price Includes:<br /><br />Roadworthy Certificate (RWC)<br />Registration<br />Transfer Fees<br /><br />Additional Services Available:<br /><br />Video Walkaround Inspections<br />Finance & Car Loan Options<br />GST Invoice Available<br />1-5 Year Extended Warranty<br />Australia-Wide Delivery Available<br /><br />Why Buy From UKA Japan Motors?<br /><br />Trusted Japanese Import Specialists<br />Quality Vehicles Direct from Japan<br />Verified Odometer Readings<br />Competitive Finance Solutions<br />Extended Warranty Options<br />Friendly & Experienced Team<br /><br /><br /><br />Maidstone Yard<br />205 Ballarat Rd, Maidstone VIC 3012, Australiaa<br />Phone: 03 4329 0786<br />Email: sales.maidstone@ukajapan.com.au<br />View Stock: www.ukajapan.com.au<br /><br />LMCT: 0012708<br /><br />Note: Vehicle specifications and features may be automatically generated by third-party platforms. Please confirm all features, options, and specifications with our sales team prior to purchase.",1,ZYX10,,,False,False,False,A,True,,,2WD,5,4,,False,ZYX10-2137677,Gray,VIC,06/18,,,,,,,,Yes,,,False,On_Offer,,,,,,,,,0,,,,,5
101045,Toyota,Crown,RS ADVANCE,,6ZZJAZSH201021105,30995.0000,2018,101162,Sedan,Silver,2500,Auto,Hybrid,"Power Window,Power Steering,Alloy Wheel,Air Condition,ABS Brakes,Reverse Camera,Push Start,EV Mode,Keep Lane Assist,Cruise Control,Electric Seats Adjustment,Alloy Wheels,Half Leather Seats,Parking Sensor,Winker Mirror,Fog Lights,Multi Climate Control",,"Toyota Crown 2018<br />Stock No: 101045<br />Mileage: 101,162 km<br /><br />Looking for a reliable, high-quality vehicle? This carefully selected Japanese import offers excellent value, comfort, and practicality.<br /><br />Every vehicle is sourced directly from Japan and selected to meet our high standards of quality and condition.<br /><br />Odometer Verified<br /><br />The odometer reading is verified through official Japanese Auction Sheets and Import Documentation, available for your reference and peace of mind.<br /><br />Price Includes:<br /><br />Roadworthy Certificate (RWC)<br />Registration<br />Transfer Fees<br /><br />Additional Services Available:<br /><br />Video Walkaround Inspections<br />Finance & Car Loan Options<br />GST Invoice Available<br />1-5 Year Extended Warranty<br />Australia-Wide Delivery Available<br /><br />Why Buy From UKA Japan Motors?<br /><br />Trusted Japanese Import Specialists<br />Quality Vehicles Direct from Japan<br />Verified Odometer Readings<br />Competitive Finance Solutions<br />Extended Warranty Options<br />Friendly & Experienced Team<br /><br />Brisbane Yard<br />33 Randall Street, Slacks Creek QLD 4127<br />Phone: 07 2147 6999<br />Email: sales.brisbane@ukajapan.com.au<br />View Stock: www.ukajapan.com.au<br /><br />LMCT: 4933717<br /><br />Note: Vehicle specifications and features may be automatically generated by third-party platforms. Please confirm all features, options, and specifications with our sales team prior to purchase.",4,AZSH20,,,False,False,False,A,True,,,2WD,4,4,,False,AZSH20-1021105,Gray,VIC,11/18,,,,,,,,Yes,,,False,In_Stock,,,,,,,,,0,,,,,5
101047,Toyota,Estima,X,,6ZZC0ACR507115144,15995.0000,2012,77478,Van,Silver,2400,Auto,Petrol,"Power Window,Power Steering,Air Condition,Reverse Camera,Push Start,Power Slide Doors,Folding Side Mirror,Dual Zone Climate Control,Cruise Control,Electric Seats Adjustment,Rear Spoiler,Alloy Wheel,Winker Mirror,Fog Lights",,"Toyota Estima 2012<br />Stock No: 101047<br />Mileage: 77,478 km<br /><br />Looking for a reliable, high-quality vehicle? This carefully selected Japanese import offers excellent value, comfort, and practicality.<br /><br />Every vehicle is sourced directly from Japan and selected to meet our high standards of quality and condition.<br /><br />Odometer Verified<br /><br />The odometer reading is verified through official Japanese Auction Sheets and Import Documentation, available for your reference and peace of mind.<br /><br />Price Includes:<br /><br />Roadworthy Certificate (RWC)<br />Registration<br />Transfer Fees<br /><br />Additional Services Available:<br /><br />Video Walkaround Inspections<br />Finance & Car Loan Options<br />GST Invoice Available<br />1-5 Year Extended Warranty<br />Australia-Wide Delivery Available<br /><br />Why Buy From UKA Japan Motors?<br /><br />Trusted Japanese Import Specialists<br />Quality Vehicles Direct from Japan<br />Verified Odometer Readings<br />Competitive Finance Solutions<br />Extended Warranty Options<br />Friendly & Experienced Team<br /><br /><br /><br />Mordialloc Yard<br />247 Boundary Road, Mordialloc VIC 3195 <br />Phone: 03 7065 6403<br />sales.mordialloc@ukajapan.com.au<br />View Stock: www.ukajapan.com.au<br /><br />LMCT: 0012708<br /><br />Note: Vehicle specifications and features may be automatically generated by third-party platforms. Please confirm all features, options, and specifications with our sales team prior to purchase.",2,ACR50,,,False,False,False,A,True,,,2WD,5,4,,False,ACR50-7115144,Gray,VIC,11/12,09/26,,,,,,,Yes,,,False,On_Offer,,,,,,,,,0,,,,,7
101049,Honda,Odyssey,HV Absolute Honda Sensing,,6ZZG000RC41004572,21995.0000,2016,120171,Van,Black,2000,Auto,Hybrid,"Power Window,Power Steering,Air Condition,Power Mirror,Push Start,Reverse Camera,Climate Control,Cruise Control,Keep Lane Assist,Folding Side Mirror,Alloy Wheels,Leather Seats,Electric Seats Adjustment,Winker Mirror,Rear Spoiler,Fog Light",,"Honda Odyssey 2016<br />Stock No: 101049<br />Mileage: 12,0171 km<br /><br />Looking for a reliable, high-quality vehicle? This carefully selected Japanese import offers excellent value, comfort, and practicality.<br /><br />Every vehicle is sourced directly from Japan and selected to meet our high standards of quality and condition.<br /><br />Odometer Verified<br /><br />The odometer reading is verified through official Japanese Auction Sheets and Import Documentation, available for your reference and peace of mind.<br /><br />Price Includes:<br /><br />Roadworthy Certificate (RWC)<br />Registration<br />Transfer Fees<br /><br />Additional Services Available:<br /><br />Video Walkaround Inspections<br />Finance & Car Loan Options<br />GST Invoice Available<br />1-5 Year Extended Warranty<br />Australia-Wide Delivery Available<br /><br />Why Buy From UKA Japan Motors?<br /><br />Trusted Japanese Import Specialists<br />Quality Vehicles Direct from Japan<br />Verified Odometer Readings<br />Competitive Finance Solutions<br />Extended Warranty Options<br />Friendly & Experienced Team<br /><br />Brisbane Yard<br />33 Randall Street, Slacks Creek QLD 4127<br />Phone: 07 2147 6999<br />Email: sales.brisbane@ukajapan.com.au<br />View Stock: www.ukajapan.com.au<br /><br />LMCT: 4933717<br /><br />Note: Vehicle specifications and features may be automatically generated by third-party platforms. Please confirm all features, options, and specifications with our sales team prior to purchase.",4,RC4,,,False,False,False,A,True,,,2WD,5,4,,False,RC4-1004572,Gray,VIC,03/16,,,,,,,,Yes,,,False,In_Stock,,,,,,,,,0,,,,,7
101056,Toyota,Crown,RS,,6ZZKAZSH201034958,29995.0000,2019,123827,Sedan,Pearl White,2500,Auto,Hybrid,"Power Window,Power Steering,Air Condition,Winker Mirror,Alloy Wheels,Fog Lights,Parking Sensor,Reverse Camera,EV Mode,Traction Control,Cruise Control,Dash Camera,Dual ZoneClimate Control,Auto Boot,Folding Side Mirror",,"Toyota Crown 2019<br />Stock No: 101056<br />Mileage: 119,504 km<br /><br />Looking for a reliable, high-quality vehicle? This carefully selected Japanese import offers excellent value, comfort, and practicality.<br /><br />Every vehicle is sourced directly from Japan and selected to meet our high standards of quality and condition.<br /><br />Odometer Verified<br /><br />The odometer reading is verified through official Japanese Auction Sheets and Import Documentation, available for your reference and peace of mind.<br /><br />Price Includes:<br /><br />Roadworthy Certificate (RWC)<br />Registration<br />Transfer Fees<br /><br />Additional Services Available:<br /><br />Video Walkaround Inspections<br />Finance & Car Loan Options<br />GST Invoice Available<br />1-5 Year Extended Warranty<br />Australia-Wide Delivery Available<br /><br />Why Buy From UKA Japan Motors?<br /><br />Trusted Japanese Import Specialists<br />Quality Vehicles Direct from Japan<br />Verified Odometer Readings<br />Competitive Finance Solutions<br />Extended Warranty Options<br />Friendly & Experienced Team<br /><br /><br /><br />Maidstone Yard<br />205 Ballarat Rd, Maidstone VIC 3012, Australiaa<br />Phone: 03 4329 0786<br />Email: sales.maidstone@ukajapan.com.au<br />View Stock: www.ukajapan.com.au<br /><br />LMCT: 0012708<br /><br />Note: Vehicle specifications and features may be automatically generated by third-party platforms. Please confirm all features, options, and specifications with our sales team prior to purchase.",1,AZSH20,,,False,False,False,A,True,,,2WD,4,4,,False,AZSH20-1034958,White,VIC,02/19,09/26,,,,,,,Yes,,,False,On_Offer,,,,,,,,,0,,,,,5
101058,Toyota,Alphard,X,,6ZZN0AYH300141285,44995.0000,2022,91731,Van,Pearl White,2500,Auto,Hybrid,"Power Window,Power Steering,Air Condition,Push Start,Power Slide Doors,Reverse Camera,Dual Zone Climate Control,Cruise Control,Keep lane Assist,Alloy Wheels,Dash Camera,Seats Adjustment,Rear Spoiler,Parking Sensor,E-Four,Fog Lights,Winker Mirror",,"Toyota Alphard 2022 <br />Stock No: 101058<br />Mileage: 91,731 km<br /><br />Looking for a reliable, high-quality vehicle? This carefully selected Japanese import offers excellent value, comfort, and practicality.<br /><br />Every vehicle is sourced directly from Japan and selected to meet our high standards of quality and condition.<br /><br />Odometer Verified<br /><br />The odometer reading is verified through official Japanese Auction Sheets and Import Documentation, available for your reference and peace of mind.<br /><br />Price Includes:<br /><br />Roadworthy Certificate (RWC)<br />Registration<br />Transfer Fees<br /><br />Additional Services Available:<br /><br />Video Walkaround Inspections<br />Finance & Car Loan Options<br />GST Invoice Available<br />1-5 Year Extended Warranty<br />Australia-Wide Delivery Available<br /><br />Why Buy From UKA Japan Motors?<br /><br />Trusted Japanese Import Specialists<br />Quality Vehicles Direct from Japan<br />Verified Odometer Readings<br />Competitive Finance Solutions<br />Extended Warranty Options<br />Friendly & Experienced Team<br /><br />Brisbane Yard<br />33 Randall Street, Slacks Creek QLD 4127<br />Phone: 07 2147 6999<br />Email: sales.brisbane@ukajapan.com.au<br />View Stock: www.ukajapan.com.au<br /><br />LMCT: 4933717<br /><br />Note: Vehicle specifications and features may be automatically generated by third-party platforms. Please confirm all features, options, and specifications with our sales team prior to purchase.",4,AYH30,,,False,False,False,A,True,,,4WD,5,4,,False,AYH30-0141285,Gray,VIC,02/22,,,,,,,,Yes,,,False,In_Stock,,,,,,,,,0,,,,,8
101059,Toyota,Esquire,Hybrid GI,,6ZZJ0ZWR800307138,27999.0000,2018,100036,Van,Black,1800,Auto,Hybrid,"Power Window,Power Steering,Air Condition,Power Mirror,Push Start,Power Slide Doors,Fog Lights,Winker Mirror,Alloy Wheels,Dual Zone Climate Control,Leather Seats,Ev Mode,Seats Adjustment,Rear Spoiler,Reverse Camera,Cruise Control,Eco Mode,Keep Lane Assist,Collision Brakes,Traction Control",,"Toyota Esquire 2018 <br />Stock No: 101059<br />Mileage: 100,036 km<br /><br /><br />Looking for a reliable, high-quality vehicle? This carefully selected Japanese import offers excellent value, comfort, and practicality.<br /><br />Every vehicle is sourced directly from Japan and selected to meet our high standards of quality and condition.<br /><br />Odometer Verified<br /><br />The odometer reading is verified through official Japanese Auction Sheets and Import Documentation, available for your reference and peace of mind.<br /><br />Price Includes:<br /><br />Roadworthy Certificate (RWC)<br />Registration<br />Transfer Fees<br /><br />Additional Services Available:<br /><br />Video Walkaround Inspections<br />Finance & Car Loan Options<br />GST Invoice Available<br />1-5 Year Extended Warranty<br />Australia-Wide Delivery Available<br /><br />Why Buy From UKA Japan Motors?<br /><br />Trusted Japanese Import Specialists<br />Quality Vehicles Direct from Japan<br />Verified Odometer Readings<br />Competitive Finance Solutions<br />Extended Warranty Options<br />Friendly & Experienced Team<br /><br /><br /><br />Mordialloc Yard<br />247 Boundary Road, Mordialloc VIC 3195<br />Phone: 03 7065 6403<br />sales.mordialloc@ukajapan.com.au<br />View Stock: www.ukajapan.com.au<br /><br />LMCT: 0012708<br /><br />Note: Vehicle specifications and features may be automatically generated by third-party platforms. Please confirm all features, options, and specifications with our sales team prior to purchase.",2,ZWR80,,,False,False,False,A,True,,,2WD,5,4,,False,ZWR80-0307138,Gray,VIC,01/18,00/00,,,,,,,Yes,,,False,In_Stock,00000,,,,,,,,0,,,,,7
101064,Honda,Odyssey,Absolute Honda Sensing,,6ZZH000RC41026383,21995.0000,2017,139100,Van,Pearl White,2000,Auto,Hybrid,"Power Window,Power Steering,Air Condition,ABS Brakes,Push Start,Power SLide Doors,Dual Zone Climate Control,Cruise Control,Reverse Camera,Keep Lane Assist,Folding Side Mirror,Alloy Wheels,Seats Adjustment,Leather Seats,Traction Control,Collision Brakes,Winker Mirror,Rear Spoiler,Fog Lights",,"Honda Odyssey 2017<br />Stock No: 101064<br />Mileage: 13,9100 km<br /><br />Looking for a reliable, high-quality vehicle? This carefully selected Japanese import offers excellent value, comfort, and practicality.<br /><br />Every vehicle is sourced directly from Japan and selected to meet our high standards of quality and condition.<br /><br />Odometer Verified<br /><br />The odometer reading is verified through official Japanese Auction Sheets and Import Documentation, available for your reference and peace of mind.<br /><br />Price Includes:<br /><br />Roadworthy Certificate (RWC)<br />Registration<br />Transfer Fees<br /><br />Additional Services Available:<br /><br />Video Walkaround Inspections<br />Finance & Car Loan Options<br />GST Invoice Available<br />1-5 Year Extended Warranty<br />Australia-Wide Delivery Available<br /><br />Why Buy From UKA Japan Motors?<br /><br />Trusted Japanese Import Specialists<br />Quality Vehicles Direct from Japan<br />Verified Odometer Readings<br />Competitive Finance Solutions<br />Extended Warranty Options<br />Friendly & Experienced Team<br /><br />Brisbane Yard<br />33 Randall Street, Slacks Creek QLD 4127<br />Phone: 07 2147 6999<br />Email: sales.brisbane@ukajapan.com.au<br />View Stock: www.ukajapan.com.au<br /><br />LMCT: 4933717<br /><br />Note: Vehicle specifications and features may be automatically generated by third-party platforms. Please confirm all features, options, and specifications with our sales team prior to purchase.",4,RC4,,,False,False,False,A,True,,,2WD,5,4,,False,RC4-1026383,Gray,VIC,05/17,,,,,,,,Yes,,,False,In_Stock,,,,,,,,,0,,,,,7
101066,Toyota,C-HR,S LED PACKAGE,,6ZZK0ZYX102176074,23995.0000,2019,99846,SUV,Black,1800,Auto,Hybrid,"Power Window,Power Steering,Power Mirror,Air Condition,Reverse Camera,Push Start,Cruise Control,Alloy Wheels,Winker Mirror,Rear Spoiler,Seats Adjustment,Keep Lane Assist,Dash Camera,Eco Mode,Dual Zone Climate Control",,"Toyota C-HR 2019 <br />Stock No: 101066<br />Mileage: 99,846 km<br /><br />Looking for a reliable, high-quality vehicle? This carefully selected Japanese import offers excellent value, comfort, and practicality.<br /><br />Every vehicle is sourced directly from Japan and selected to meet our high standards of quality and condition.<br /><br />Odometer Verified<br /><br />The odometer reading is verified through official Japanese Auction Sheets and Import Documentation, available for your reference and peace of mind.<br /><br />Price Includes:<br /><br />Roadworthy Certificate (RWC)<br />Registration<br />Transfer Fees<br /><br />Additional Services Available:<br /><br />Video Walkaround Inspections<br />Finance & Car Loan Options<br />GST Invoice Available<br />1-5 Year Extended Warranty<br />Australia-Wide Delivery Available<br /><br />Why Buy From UKA Japan Motors?<br /><br />Trusted Japanese Import Specialists<br />Quality Vehicles Direct from Japan<br />Verified Odometer Readings<br />Competitive Finance Solutions<br />Extended Warranty Options<br />Friendly & Experienced Team<br /><br /><br /><br />Maidstone Yard<br />205 Ballarat Rd, Maidstone VIC 3012, Australiaa<br />Phone: 03 4329 0786<br />Email: sales.maidstone@ukajapan.com.au<br />View Stock: www.ukajapan.com.au<br /><br />LMCT: 0012708<br /><br />Note: Vehicle specifications and features may be automatically generated by third-party platforms. Please confirm all features, options, and specifications with our sales team prior to purchase.",1,ZYX10,,,False,False,False,A,True,,,2WD,5,4,,False,ZYX10-2176074,Gray,VIC,03/19,08/26,,,,,,,Yes,,,False,On_Offer,0,,,,,,,,0,,,,,5
101067,Suzuki,Swift,HYBRID RS,,6ZZH00ZC53S107559,16495.0000,2017,87624,Hatchback,Pearl White,1200,Auto,Hybrid,"Power Window,Power Steering,Power Mirror,Air Condition,Reverse Camera,Push Start,Fog Lights,Winker Mirror,Alloy Wheels,Rear Spoiler,Seats Adjustment,Dash Camera,Collision Brakes,Traction Control,Keep Lane Assist",,"Suzuki Swift 2017 <br />Stock No: 101067<br />Mileage: 87,624 km<br /><br />Looking for a reliable, high-quality vehicle? This carefully selected Japanese import offers excellent value, comfort, and practicality.<br /><br />Every vehicle is sourced directly from Japan and selected to meet our high standards of quality and condition.<br /><br />Odometer Verified<br /><br />The odometer reading is verified through official Japanese Auction Sheets and Import Documentation, available for your reference and peace of mind.<br /><br />Price Includes:<br /><br />Roadworthy Certificate (RWC)<br />Registration<br />Transfer Fees<br /><br />Additional Services Available:<br /><br />Video Walkaround Inspections<br />Finance & Car Loan Options<br />GST Invoice Available<br />1-5 Year Extended Warranty<br />Australia-Wide Delivery Available<br /><br />Why Buy From UKA Japan Motors?<br /><br />Trusted Japanese Import Specialists<br />Quality Vehicles Direct from Japan<br />Verified Odometer Readings<br />Competitive Finance Solutions<br />Extended Warranty Options<br />Friendly & Experienced Team<br /><br />Brisbane Yard<br />33 Randall Street, Slacks Creek QLD 4127<br />Phone: 07 2147 6999<br />Email: sales.brisbane@ukajapan.com.au<br />View Stock: www.ukajapan.com.au<br /><br />LMCT: 4933717<br /><br />Note: Vehicle specifications and features may be automatically generated by third-party platforms. Please confirm all features, options, and specifications with our sales team prior to purchase.",4,ZC53S,,,False,False,False,A,True,,,2WD,5,4,,False,ZC53S-107559,Gray,VIC,04/17,,,,,,,,Yes,,,False,In_Stock,,,,,,,,,0,,,,,5
101068,Toyota,Corolla Touring,G-X,,6ZZLZWE2116043299,21995.0000,2020,87126,Station Wagon,White,1800,Auto,Hybrid,"Power Mirror,Power Steering,Air Condtion,Power Window,Push Start,ABS Brakes,ECO Mode,Cruise Control,Dual Zone Climate Control,Seats Adjsutment,Rear Spoiler,Winker Mirror",,"Toyota Corolla Touring 2020<br />Stock No: 101068<br />Mileage: 87,126 km<br /><br />Looking for a reliable, high-quality vehicle? This carefully selected Japanese import offers excellent value, comfort, and practicality.<br /><br />Every vehicle is sourced directly from Japan and selected to meet our high standards of quality and condition.<br /><br />Odometer Verified<br /><br />The odometer reading is verified through official Japanese Auction Sheets and Import Documentation, available for your reference and peace of mind.<br /><br />Price Includes:<br /><br />Roadworthy Certificate (RWC)<br />Registration<br />Transfer Fees<br /><br />Additional Services Available:<br /><br />Video Walkaround Inspections<br />Finance & Car Loan Options<br />GST Invoice Available<br />1-5 Year Extended Warranty<br />Australia-Wide Delivery Available<br /><br />Why Buy From UKA Japan Motors?<br /><br />Trusted Japanese Import Specialists<br />Quality Vehicles Direct from Japan<br />Verified Odometer Readings<br />Competitive Finance Solutions<br />Extended Warranty Options<br />Friendly & Experienced Team<br /><br />Brisbane Yard<br />33 Randall Street, Slacks Creek QLD 4127<br />Phone: 07 2147 6999<br />Email: sales.brisbane@ukajapan.com.au<br />View Stock: www.ukajapan.com.au<br /><br />LMCT: 4933717<br /><br />Note: Vehicle specifications and features may be automatically generated by third-party platforms. Please confirm all features, options, and specifications with our sales team prior to purchase.",4,ZWE211,,,False,False,False,A,True,,,2WD,5,4,,False,ZWE211-6043299,Gray,VIC,07/20,,,,,,,,Yes,,,False,On_Offer,2ZR2J53165,,,,,,,,0,,,,,5
101070,Toyota,Yaris,Hybrid X,,6ZZNMXPH150016014,19995.0000,2022,100046,Hatchback,Blue,1500,Auto,Hybrid,"Power Steering,Power Window,Air Condition,ABS Brakes,Reverse Camera,Push Start,Traction Control,EV Mode,Keep Lane Assist,Seats Adjustment,Winker Mirror,Climate COntrol",,"Toyota Yaris 2022<br />Stock No: 101070<br />Mileage: 100,046km<br /><br />Looking for a reliable, high-quality vehicle? This carefully selected Japanese import offers excellent value, comfort, and practicality.<br /><br />Every vehicle is sourced directly from Japan and selected to meet our high standards of quality and condition.<br /><br />Odometer Verified<br /><br />The odometer reading is verified through official Japanese Auction Sheets and Import Documentation, available for your reference and peace of mind.<br /><br />Price Includes:<br /><br />Roadworthy Certificate (RWC)<br />Registration<br />Transfer Fees<br /><br />Additional Services Available:<br /><br />Video Walkaround Inspections<br />Finance & Car Loan Options<br />GST Invoice Available<br />1-5 Year Extended Warranty<br />Australia-Wide Delivery Available<br /><br />Why Buy From UKA Japan Motors?<br /><br />Trusted Japanese Import Specialists<br />Quality Vehicles Direct from Japan<br />Verified Odometer Readings<br />Competitive Finance Solutions<br />Extended Warranty Options<br />Friendly & Experienced Team<br /><br /><br /><br />Mordialloc Yard<br />247 Boundary Road, Mordialloc VIC 3195 <br />Phone: 03 7065 6403<br />sales.mordialloc@ukajapan.com.au<br />View Stock: www.ukajapan.com.au<br /><br />LMCT: 0012708<br /><br />Note: Vehicle specifications and features may be automatically generated by third-party platforms. Please confirm all features, options, and specifications with our sales team prior to purchase.",2,MXPH15,,,False,False,False,A,True,,,4WD,5,3,,False,MXPH15-0016014,Gray,VIC,05/22,00/00,,,,,,,Yes,,,False,In_Stock,00000,,,,,,,,0,,,,,5
101071,Toyota,Yaris,Hybrid X,,6ZZNMXPH150016036,20995.0000,2022,89746,Hatchback,Silver,1500,Auto,Hybrid,"Power Window,Power Steering,Air Condition,Reverse Camera,Push Start,ABS Brakes,Winker Mirror,Parking Sensor,Seats Adjustment,Cruise Contol,Keep Lane Assist,EV Mode,Traction COntrol,E-Four",,"Toyota Yaris 2022 <br />Stock No: 101071<br />Mileage: 89,746 km<br /><br />Looking for a reliable, high-quality vehicle? This carefully selected Japanese import offers excellent value, comfort, and practicality.<br /><br />Every vehicle is sourced directly from Japan and selected to meet our high standards of quality and condition.<br /><br />Odometer Verified<br /><br />The odometer reading is verified through official Japanese Auction Sheets and Import Documentation, available for your reference and peace of mind.<br /><br />Price Includes:<br /><br />Roadworthy Certificate (RWC)<br />Registration<br />Transfer Fees<br /><br />Additional Services Available:<br /><br />Video Walkaround Inspections<br />Finance & Car Loan Options<br />GST Invoice Available<br />1-5 Year Extended Warranty<br />Australia-Wide Delivery Available<br /><br />Why Buy From UKA Japan Motors?<br /><br />Trusted Japanese Import Specialists<br />Quality Vehicles Direct from Japan<br />Verified Odometer Readings<br />Competitive Finance Solutions<br />Extended Warranty Options<br />Friendly & Experienced Team<br /><br />Brisbane Yard<br />33 Randall Street, Slacks Creek QLD 4127<br />Phone: 07 2147 6999<br />Email: sales.brisbane@ukajapan.com.au<br />View Stock: www.ukajapan.com.au<br /><br />LMCT: 4933717<br /><br />Note: Vehicle specifications and features may be automatically generated by third-party platforms. Please confirm all features, options, and specifications with our sales team prior to purchase.",4,MXPH15,,,False,False,False,A,True,,,4WD,5,3,,False,MXPH15-0016036,Gray,VIC,05/22,,,,,,,,Yes,,,False,In_Stock,,,,,,,,,0,,,,,5
101074,Subaru,Legacy,2.0 GT DIT EYESIGHT,,6ZZD0000BRG007181,15995.0000,2013,99146,Station Wagon,Pearl White,2000,Auto,Petrol,"Power Window,Power Steering,Air Condition,Power Mirror,Leather Seats,Push start,Reverse Camera,Cruise Control,Keep Lane Assist,Rear Spoiler,Fog Light,Winker Mirror,Alloy wheels,Half Leather Seats,Traction COntrol,Electric Seats Adjustment,Side Mirror Adjustment,Power Folding Mirror,Trunk Release,Multi Zone Climate Control",,"Subaru Legacy 2013<br />Stock No: 101074<br />Mileage: 99,146 km<br /><br />Looking for a reliable, high-quality vehicle? This carefully selected Japanese import offers excellent value, comfort, and practicality.<br /><br />Every vehicle is sourced directly from Japan and selected to meet our high standards of quality and condition.<br /><br />Odometer Verified<br /><br />The odometer reading is verified through official Japanese Auction Sheets and Import Documentation, available for your reference and peace of mind.<br /><br />Price Includes:<br /><br />Roadworthy Certificate (RWC)<br />Registration<br />Transfer Fees<br /><br />Additional Services Available:<br /><br />Video Walkaround Inspections<br />Finance & Car Loan Options<br />GST Invoice Available<br />1-5 Year Extended Warranty<br />Australia-Wide Delivery Available<br /><br />Why Buy From UKA Japan Motors?<br /><br />Trusted Japanese Import Specialists<br />Quality Vehicles Direct from Japan<br />Verified Odometer Readings<br />Competitive Finance Solutions<br />Extended Warranty Options<br />Friendly & Experienced Team<br /><br /><br /><br />Maidstone Yard<br />205 Ballarat Rd, Maidstone VIC 3012, Australiaa<br />Phone: 03 4329 0786<br />Email: sales.maidstone@ukajapan.com.au<br />View Stock: www.ukajapan.com.au<br /><br />LMCT: 0012708<br /><br />Note: Vehicle specifications and features may be automatically generated by third-party platforms. Please confirm all features, options, and specifications with our sales team prior to purchase.",1,BRG,,,False,False,False,A,True,,,4WD,5,4,,False,BRG-007181,Gray,VIC,03/13,06/07,,,,,,,Yes,,,False,In_Stock,0000,,,,,,,,0,,,,,5
101079,Toyota,Estima,AERAS,2FV8LZ,6ZZA0ACR507096872,15995.0000,2010,54649,Van,Silver,2400,Auto,Petrol,"Power Window,Power Steering,Air Condition,Power Mirror,Reverse Camera,Push Start,Power SLide Doors,Cruise Control,Dash Camera,Folding SIde Mirror,Dual Zone Climate Control,Seats Adjustment,Rear Spoiler,Alloy Wheels,Winker Mirror,Fog Lights",,"Toyota Estima 2010<br />Stock No: 101079<br />Mileage: 54,649 km<br /><br />Looking for a reliable, high-quality vehicle? This carefully selected Japanese import offers excellent value, comfort, and practicality.<br /><br />Every vehicle is sourced directly from Japan and selected to meet our high standards of quality and condition.<br /><br />Odometer Verified<br /><br />The odometer reading is verified through official Japanese Auction Sheets and Import Documentation, available for your reference and peace of mind.<br /><br />Price Includes:<br /><br />Roadworthy Certificate (RWC)<br />Registration<br />Transfer Fees<br /><br />Additional Services Available:<br /><br />Video Walkaround Inspections<br />Finance & Car Loan Options<br />GST Invoice Available<br />15 Year Extended Warranty<br />Australia-Wide Delivery Available<br /><br />Why Buy From UKA Japan Motors?<br /><br />Video Walkaround Inspections<br />Finance & Car Loan Options<br />GST Invoice Available<br />1-5 Year Extended Warranty<br />Australia-Wide Delivery Available<br /><br />Why Buy From UKA Japan Motors?<br /><br />Trusted Japanese Import Specialists<br />Quality Vehicles Direct from Japan<br />Verified Odometer Readings<br />Competitive Finance Solutions<br />Extended Warranty Options<br />Friendly & Experienced Team<br /><br /><br /><br />Maidstone Yard<br />205 Ballarat Rd, Maidstone VIC 3012, Australiaa<br />Phone: 03 4329 0786<br />Email: sales.maidstone@ukajapan.com.au<br />View Stock: www.ukajapan.com.au<br /><br />LMCT: 0012708<br /><br />Note: Vehicle specifications and features may be automatically generated by third-party platforms. Please confirm all features, options, and specifications with our sales team prior to purchase.",1,ACR50,,,False,False,False,A,True,14/12/2026,,2WD,5,4,,False,ACR50-7096872,Gray,VIC,10/10,09/26,,,,,,,Yes,,,False,On_Offer,2AZG655600,,,,,,,,0,,,,,7
101080,Toyota,Aqua,S,,6ZZF0NHP102454667,13995.0000,2015,86788,Hatchback,Red,1500,Auto,Hybrid,"Power Window,Power Steering,Air Condition,Reverse Camera,Push Start,EV Mode,Eco Mode,Climate Control,Folding Side Mirror,Seats Adjustment,Rear Spoiler,Winker Mirror",,"Toyota Aqua 2015 <br />Stock No: 101080<br />Mileage: 86,788 km<br /><br />Looking for a reliable, high-quality vehicle? This carefully selected Japanese import offers excellent value, comfort, and practicality.<br /><br />Every vehicle is sourced directly from Japan and selected to meet our high standards of quality and condition.<br /><br />Odometer Verified<br /><br />The odometer reading is verified through official Japanese Auction Sheets and Import Documentation, available for your reference and peace of mind.<br /><br />Price Includes:<br /><br />Roadworthy Certificate (RWC)<br />Registration<br />Transfer Fees<br /><br />Additional Services Available:<br /><br />Video Walkaround Inspections<br />Finance & Car Loan Options<br />GST Invoice Available<br />1-5 Year Extended Warranty<br />Australia-Wide Delivery Available<br /><br />Why Buy From UKA Japan Motors?<br /><br />Trusted Japanese Import Specialists<br />Quality Vehicles Direct from Japan<br />Verified Odometer Readings<br />Competitive Finance Solutions<br />Extended Warranty Options<br />Friendly & Experienced Team<br /><br />Brisbane Yard<br />33 Randall Street, Slacks Creek QLD 4127<br />Phone: 07 2147 6999<br />Email: sales.brisbane@ukajapan.com.au<br />View Stock: www.ukajapan.com.au<br /><br />LMCT: 4933717<br /><br />Note: Vehicle specifications and features may be automatically generated by third-party platforms. Please confirm all features, options, and specifications with our sales team prior to purchase.",4,NHP10,,,False,False,False,A,True,,,2WD,5,4,,False,NHP10-2454667,Gray,VIC,04/15,,,,,,,,Yes,,,False,In_Stock,,,,,,,,,0,,,,,5
101081,Toyota,Aqua,S,,6ZZF0NHP106478839,15299.0000,2015,81315,Hatchback,Pearl White,1500,Auto,Hybrid,"Power Steering,Power Window,Air Condition,ABS Brakes,Reveres Camera,Push Start",,"Toyota Aqua 2015<br />Stock No: 101081<br />Mileage: 81,315 km<br /><br /><br />Looking for a reliable, high-quality vehicle? This carefully selected Japanese import offers excellent value, comfort, and practicality.<br /><br />Every vehicle is sourced directly from Japan and selected to meet our high standards of quality and condition.<br /><br />Odometer Verified<br /><br />The odometer reading is verified through official Japanese Auction Sheets and Import Documentation, available for your reference and peace of mind.<br /><br />Price Includes:<br /><br />Roadworthy Certificate (RWC)<br />Registration<br />Transfer Fees<br /><br />Additional Services Available:<br /><br />Video Walkaround Inspections<br />Finance & Car Loan Options<br />GST Invoice Available<br />1-5 Year Extended Warranty<br />Australia-Wide Delivery Available<br /><br />Why Buy From UKA Japan Motors?<br /><br />Trusted Japanese Import Specialists<br />Quality Vehicles Direct from Japan<br />Verified Odometer Readings<br />Competitive Finance Solutions<br />Extended Warranty Options<br />Friendly & Experienced Team<br /><br /><br /><br />Mordialloc Yard<br />247 Boundary Road, Mordialloc VIC 3195<br />Phone: 03 7065 6403<br />sales.mordialloc@ukajapan.com.au<br />View Stock: www.ukajapan.com.au<br /><br />LMCT: 0012708<br /><br />Note: Vehicle specifications and features may be automatically generated by third-party platforms. Please confirm all features, options, and specifications with our sales team prior to purchase.",2,NHP10,,,False,False,False,A,True,,,2WD,5,4,,False,NHP10-6478839,Gray,VIC,12/15,09/26,,,,,,,Yes,,,False,On_Offer,1NZ7788325,,,,,,,,0,,,,,5
101082,Honda,Fit,E:HEV HOME,,6ZZL000GR31010357,18495.0000,2020,81417,Hatchback,Silver,1500,Auto,Hybrid,"Power Steering,Power Window,Winker Mirror,ABS Brakes,Air Condition,Push Start,Reverse Camera,Parking Sensor,Rear Spoiler,Seats Adjustment,Half Leather Seats,Cruise Control,Folding Side Mirror,EV Mode",,"Honda Fit 2020 <br />Stock No: 101082<br />Mileage: 81,417 km<br /><br />Looking for a reliable, high-quality vehicle? This carefully selected Japanese import offers excellent value, comfort, and practicality.<br /><br />Every vehicle is sourced directly from Japan and selected to meet our high standards of quality and condition.<br /><br />Odometer Verified<br /><br />The odometer reading is verified through official Japanese Auction Sheets and Import Documentation, available for your reference and peace of mind.<br /><br />Price Includes:<br /><br />Roadworthy Certificate (RWC)<br />Registration<br />Transfer Fees<br /><br />Additional Services Available:<br /><br />Video Walkaround Inspections<br />Finance & Car Loan Options<br />GST Invoice Available<br />1-5 Year Extended Warranty<br />Australia-Wide Delivery Available<br /><br />Why Buy From UKA Japan Motors?<br /><br />Trusted Japanese Import Specialists<br />Quality Vehicles Direct from Japan<br />Verified Odometer Readings<br />Competitive Finance Solutions<br />Extended Warranty Options<br />Friendly & Experienced Team<br /><br />Brisbane Yard<br />33 Randall Street, Slacks Creek QLD 4127<br />Phone: 07 2147 6999<br />Email: sales.brisbane@ukajapan.com.au<br />View Stock: www.ukajapan.com.au<br /><br />LMCT: 4933717<br /><br />Note: Vehicle specifications and features may be automatically generated by third-party platforms. Please confirm all features, options, and specifications with our sales team prior to purchase.",4,GR3,,,False,False,False,A,True,,,2WD,5,4,,False,GR3-1010357,Gray,VIC,03/20,,,,,,,,Yes,,,False,In_Stock,,,,,,,,,0,,,,,5
101084,Toyota,Aqua,S,,6ZZF0NHP106470354,14999.0000,2015,53292,Hatchback,Silver,1500,Auto,Hybrid,"Power Steering,Power Window,Winker Mirror,ABS Brakes,Air Condition,Push Start",,"Toyota Aqua 2015<br />Stock No: 101084<br />Mileage: 53,292 km<br /><br /><br />Looking for a reliable, high-quality vehicle? This carefully selected Japanese import offers excellent value, comfort, and practicality.<br /><br />Every vehicle is sourced directly from Japan and selected to meet our high standards of quality and condition.<br /><br />Odometer Verified<br /><br />The odometer reading is verified through official Japanese Auction Sheets and Import Documentation, available for your reference and peace of mind.<br /><br />Price Includes:<br /><br />Roadworthy Certificate (RWC)<br />Registration<br />Transfer Fees<br /><br />Additional Services Available:<br /><br />Video Walkaround Inspections<br />Finance & Car Loan Options<br />GST Invoice Available<br />1-5 Year Extended Warranty<br />Australia-Wide Delivery Available<br /><br />Why Buy From UKA Japan Motors?<br /><br />Trusted Japanese Import Specialists<br />Quality Vehicles Direct from Japan<br />Verified Odometer Readings<br />Competitive Finance Solutions<br />Extended Warranty Options<br />Friendly & Experienced Team<br /><br /><br /><br />Mordialloc Yard<br />247 Boundary Road, Mordialloc VIC 3195<br />Phone: 03 7065 6403<br />sales.mordialloc@ukajapan.com.au<br />View Stock: www.ukajapan.com.au<br /><br />LMCT: 0012708<br /><br />Note: Vehicle specifications and features may be automatically generated by third-party platforms. Please confirm all features, options, and specifications with our sales team prior to purchase.",2,NHP10,,,False,False,False,A,True,,,2WD,5,4,,False,NHP10-6470354,Gray,VIC,10/15,00/00,,,,,,,Yes,,,False,On_Offer,00000,,,,,,,,0,,,,,5
101085,Toyota,Aqua,S,,6ZZG0NHP102545947,,2016,113237,Hatchback,Pearl White,1500,Auto,Hybrid,"Power Steering,Power Window,Winker Mirror,ABS Brakes,Air Conditon,Push Start",,"Toyota Aqua 2016 <br />Stock No: 101085<br />Mileage: 113,237 km<br /><br />Looking for a reliable, high-quality vehicle? This carefully selected Japanese import offers excellent value, comfort, and practicality.<br /><br />Every vehicle is sourced directly from Japan and selected to meet our high standards of quality and condition.<br /><br />Odometer Verified<br /><br />The odometer reading is verified through official Japanese Auction Sheets and Import Documentation, available for your reference and peace of mind.<br /><br />Price Includes:<br /><br />Roadworthy Certificate (RWC)<br />Registration<br />Transfer Fees<br /><br />Additional Services Available:<br /><br />Video Walkaround Inspections<br />Finance & Car Loan Options<br />GST Invoice Available<br />1-5 Year Extended Warranty<br />Australia-Wide Delivery Available<br /><br />Why Buy From UKA Japan Motors?<br /><br />Trusted Japanese Import Specialists<br />Quality Vehicles Direct from Japan<br />Verified Odometer Readings<br />Competitive Finance Solutions<br />Extended Warranty Options<br />Friendly & Experienced Team<br /><br /><br /><br />Mordialloc Yard<br />247 Boundary Road, Mordialloc VIC 3195<br />Phone: 03 7065 6403<br />sales.mordialloc@ukajapan.com.au<br />View Stock: www.ukajapan.com.au<br /><br />LMCT: 0012708<br /><br />Note: Vehicle specifications and features may be automatically generated by third-party platforms. Please confirm all features, options, and specifications with our sales team prior to purchase.",2,NHP10,,,False,False,False,A,True,,,2WD,5,4,,False,NHP10-2545947,Gray,VIC,05/16,,,,,,,,Yes,,,False,In_Stock,,,,,,,,,0,,,,,5
101088,Toyota,Aqua,S,,6ZZF0NHP102468284,14995.0000,2015,67965,Hatchback,Silver,1500,Auto,Hybrid,"Power Steering,Power Window,ABS Brakes,Air Condition,Winker Mirror,Push Start,Rear Spoiler,Reverse Camera,Folding Side Mirror,Seats Adjustment,Climate Control",,"Toyota Aqua 2015 <br />Stock No: 101088<br />Mileage: 67,965 km<br /><br />Looking for a reliable, high-quality vehicle? This carefully selected Japanese import offers excellent value, comfort, and practicality.<br /><br />Every vehicle is sourced directly from Japan and selected to meet our high standards of quality and condition.<br /><br />Odometer Verified<br /><br />The odometer reading is verified through official Japanese Auction Sheets and Import Documentation, available for your reference and peace of mind.<br /><br />Price Includes:<br /><br />Roadworthy Certificate (RWC)<br />Registration<br />Transfer Fees<br /><br />Additional Services Available:<br /><br />Video Walkaround Inspections<br />Finance & Car Loan Options<br />GST Invoice Available<br />1-5 Year Extended Warranty<br />Australia-Wide Delivery Available<br /><br />Why Buy From UKA Japan Motors?<br /><br />Trusted Japanese Import Specialists<br />Quality Vehicles Direct from Japan<br />Verified Odometer Readings<br />Competitive Finance Solutions<br />Extended Warranty Options<br />Friendly & Experienced Team<br /><br /><br /><br />Maidstone Yard<br />205 Ballarat Rd, Maidstone VIC 3012, Australiaa<br />Phone: 03 4329 0786<br />Email: sales.maidstone@ukajapan.com.au<br />View Stock: www.ukajapan.com.au<br /><br />LMCT: 0012708<br /><br />Note: Vehicle specifications and features may be automatically generated by third-party platforms. Please confirm all features, options, and specifications with our sales team prior to purchase.",1,NHP10,,,False,False,False,A,True,,,2WD,5,4,,False,NHP10-2468284,Gray,VIC,06/15,08/26,,,,,,,Yes,,,True,In_Stock,0,,,,,,,,0,,,,,5
101089,Toyota,Aqua,S,,6ZZF0NHP102426527,15499.0000,2015,70759,Hatchback,Silver,1500,Auto,Hybrid,"Power Steering,Power Window,Winker Mirror,ABS Brakes,Air Condition,Push Start,Reverse Camera,Folding Side Mirror,Dash Camera,Seats Adjustment,Rear Spoiler",,"Toyota Aqua 2015 <br />Stock No: 101089<br />Mileage: 70,759 km<br /><br />Looking for a reliable, high-quality vehicle? This carefully selected Japanese import offers excellent value, comfort, and practicality.<br /><br />Every vehicle is sourced directly from Japan and selected to meet our high standards of quality and condition.<br /><br />Odometer Verified<br /><br />The odometer reading is verified through official Japanese Auction Sheets and Import Documentation, available for your reference and peace of mind.<br /><br />Price Includes:<br /><br />Roadworthy Certificate (RWC)<br />Registration<br />Transfer Fees<br /><br />Additional Services Available:<br /><br />Video Walkaround Inspections<br />Finance & Car Loan Options<br />GST Invoice Available<br />1-5 Year Extended Warranty<br />Australia-Wide Delivery Available<br /><br />Why Buy From UKA Japan Motors?<br /><br />Trusted Japanese Import Specialists<br />Quality Vehicles Direct from Japan<br />Verified Odometer Readings<br />Competitive Finance Solutions<br />Extended Warranty Options<br />Friendly & Experienced Team<br /><br /><br /><br />Maidstone Yard<br />205 Ballarat Rd, Maidstone VIC 3012, Australiaa<br />Phone: 03 4329 0786<br />Email: sales.maidstone@ukajapan.com.au<br />View Stock: www.ukajapan.com.au<br /><br />LMCT: 0012708<br /><br />Note: Vehicle specifications and features may be automatically generated by third-party platforms. Please confirm all features, options, and specifications with our sales team prior to purchase.",1,NHP10,,,False,False,False,A,True,,,2WD,5,4,,False,NHP10-2426527,Gray,VIC,02/15,,,,,,,,Yes,,,False,On_Offer,,,,,,,,,0,,,,,5
101094,Toyota,Aqua,S,,6ZZF0NHP106420034,14999.0000,2015,74430,Hatchback,Pearl White,1500,Auto,Hybrid,"Power Steering,Power Window,Winker Mirror,ABS brakes,Air Condition,Push Start,Dash Camera,Reverse Camera,Climate Control,Seats Adjustment,Rear Spoiler,Traction COntrol,EV Mode,Folding Side Mirror,Eco Mode",,"Toyota Aqua 2015 <br />Stock No: 101094<br />Mileage: 74,430 km<br /><br /><br />Looking for a reliable, high-quality vehicle? This carefully selected Japanese import offers excellent value, comfort, and practicality.<br /><br />Every vehicle is sourced directly from Japan and selected to meet our high standards of quality and condition.<br /><br />Odometer Verified<br /><br />The odometer reading is verified through official Japanese Auction Sheets and Import Documentation, available for your reference and peace of mind.<br /><br />Price Includes:<br /><br />Roadworthy Certificate (RWC)<br />Registration<br />Transfer Fees<br /><br />Additional Services Available:<br /><br />Video Walkaround Inspections<br />Finance & Car Loan Options<br />GST Invoice Available<br />1-5 Year Extended Warranty<br />Australia-Wide Delivery Available<br /><br />Why Buy From UKA Japan Motors?<br /><br />Trusted Japanese Import Specialists<br />Quality Vehicles Direct from Japan<br />Verified Odometer Readings<br />Competitive Finance Solutions<br />Extended Warranty Options<br />Friendly & Experienced Team<br /><br /><br /><br />Mordialloc Yard<br />247 Boundary Road, Mordialloc VIC 3195<br />Phone: 03 7065 6403<br />sales.mordialloc@ukajapan.com.au<br />View Stock: www.ukajapan.com.au<br /><br />LMCT: 0012708<br /><br />Note: Vehicle specifications and features may be automatically generated by third-party platforms. Please confirm all features, options, and specifications with our sales team prior to purchase.",2,NHP10,,,False,False,False,A,True,,,2WD,5,4,,False,NHP10-6420034,Gray,VIC,06/15,00/00,,,,,,,Yes,,,False,On_Offer,00000,,,,,,,,0,,,,,5
101095,Toyota,Aqua,S,,6ZZG0NHP106493737,15495.0000,2016,98197,Hatchback,Silver,1500,Auto,Hybrid,"Power Steering,Power Window,Winker Mirror,ABS Brakes,Air Condition,Push Start,Folding Side Mirror,Climate Control,Traction Control,Seats Adjustment,Rear Spoiler",,"Toyota Aqua 2016 <br />Stock No: 101095<br />Mileage: 98,197 km<br /><br />Looking for a reliable, high-quality vehicle? This carefully selected Japanese import offers excellent value, comfort, and practicality.<br /><br />Every vehicle is sourced directly from Japan and selected to meet our high standards of quality and condition.<br /><br />Odometer Verified<br /><br />The odometer reading is verified through official Japanese Auction Sheets and Import Documentation, available for your reference and peace of mind.<br /><br />Price Includes:<br /><br />Roadworthy Certificate (RWC)<br />Registration<br />Transfer Fees<br /><br />Additional Services Available:<br /><br />Video Walkaround Inspections<br />Finance & Car Loan Options<br />GST Invoice Available<br />1-5 Year Extended Warranty<br />Australia-Wide Delivery Available<br /><br />Why Buy From UKA Japan Motors?<br /><br />Trusted Japanese Import Specialists<br />Quality Vehicles Direct from Japan<br />Verified Odometer Readings<br />Competitive Finance Solutions<br />Extended Warranty Options<br />Friendly & Experienced Team<br /><br /><br /><br />Maidstone Yard<br />205 Ballarat Rd, Maidstone VIC 3012, Australiaa<br />Phone: 03 4329 0786<br />Email: sales.maidstone@ukajapan.com.au<br />View Stock: www.ukajapan.com.au<br /><br />LMCT: 0012708<br /><br />Note: Vehicle specifications and features may be automatically generated by third-party platforms. Please confirm all features, options, and specifications with our sales team prior to purchase.",1,NHP10,,,False,False,False,A,True,,,2WD,5,4,,False,NHP10-6493737,Gray,VIC,02/16,08/26,,,,,,,Yes,,,False,In_Stock,0,,,,,,,,0,,,,,5
101096,Nissan,Serena,G,,6ZZM000GC27070499,,2021,76760,VAN,Black,2000,Auto,Hybrid,"Power Steering,Power Window,Winker Mirror,Air Condition,ABS Brakes,Push Start",,"Welcome to UKA Japan Motors Australia<br />With nearly 25 years of experience in the automotive industry, NJ Japan Motors is proudly trusted across multiple countries for our outstanding customer service and quality vehicles. We specialise in a wide range of carefully selected, used Japanese-imported cars — all inspected and ready for Australian roads.<br /><br />🚗 This Vehicle is Currently IN TRANSIT<br />Enquire now to secure it before arrival.<br /><br /><br />📍 Visit Us:<br /><br />MAIDSTONE<br /><br />📞 Call Us : 03 4329 0786 or 1800 006 256<br />📧 Email   : sales.maidstone@ukajapan.com.au<br />📍205 Ballarat Road, Maidstone, Victoria 3012<br /><br />MORDIALLOC<br /><br />📞 Call Us :03 7065 6403 Or 1800 006 256<br />📧 Email   :sales.mordialloc@ukajapan.com.au<br />📍 247 Boundary Road, Mordialloc VIC 3195<br /><br />BRISBANE<br /><br />📞 Call Us : 07 2147 6999 Or 1800 006 256<br />📧 Email   : sales.brisbane@ukajapan.com.au<br />📍 33 Randall St, Slacks Creek, QLD 4127<br /><br /><br />🌐 Browse Our Stock: www.ukajapan.com.au<br /> <br />LMCT: 12702",1,GC27,,,False,False,False,A,True,,,2WD,5,4,,False,GC27-070499,Gray,VIC,07/21,,,,,,,,Yes,,,False,On_Order,,,,,,,,,0,,,,,5
101097,Toyota,Aqua,S,,6ZZF0NHP106392604,14995.0000,2015,83897,Hatchback,Silver,1500,Auto,Hybrid,"Power Steering,Power Window,Winker Mirror,ABS Brakes,Air Condition,Push Start,Rear Spoiler,Folding Side Mirror,Seats Adjustment,Climate Control",,"Toyota Aqua 2015 <br />Stock No: 101097<br />Mileage: 83,897 km<br /><br />Looking for a reliable, high-quality vehicle? This carefully selected Japanese import offers excellent value, comfort, and practicality.<br /><br />Every vehicle is sourced directly from Japan and selected to meet our high standards of quality and condition.<br /><br />Odometer Verified<br /><br />The odometer reading is verified through official Japanese Auction Sheets and Import Documentation, available for your reference and peace of mind.<br /><br />Price Includes:<br /><br />Roadworthy Certificate (RWC)<br />Registration<br />Transfer Fees<br /><br />Additional Services Available:<br /><br />Video Walkaround Inspections<br />Finance & Car Loan Options<br />GST Invoice Available<br />1-5 Year Extended Warranty<br />Australia-Wide Delivery Available<br /><br />Why Buy From UKA Japan Motors?<br /><br />Trusted Japanese Import Specialists<br />Quality Vehicles Direct from Japan<br />Verified Odometer Readings<br />Competitive Finance Solutions<br />Extended Warranty Options<br />Friendly & Experienced Team<br /><br /><br /><br />Mordialloc Yard<br />247 Boundary Road, Mordialloc VIC 3195 <br />Phone: 03 7065 6403<br />sales.mordialloc@ukajapan.com.au<br />View Stock: www.ukajapan.com.au<br /><br />LMCT: 0012708<br /><br />Note: Vehicle specifications and features may be automatically generated by third-party platforms. Please confirm all features, options, and specifications with our sales team prior to purchase.",2,NHP10,,,False,False,False,A,True,,,2WD,5,4,,False,NHP10-6392604,Gray,VIC,03/15,00/00,,,,,,,Yes,,,False,In_Stock,00000,,,,,,,,0,,,,,5
101100,Toyota,Aqua,S,,6ZZF0NHP106389082,14995.0000,2015,63065,Hatchback,Red,1500,Auto,Hybrid,"Power Steering,Power Window,Winker Mirror,ABS Brakes,Air Condition,Push Start,Rear Spoiler,Reverse Camera,Seats Adjustment,Climate Control,Dash Camera,Folding Side Mirror,EV Mode,Eco Mode",,"Toyota Aqua 2015 <br />Stock No: 101100<br />Mileage: 63,065 km<br /><br />Looking for a reliable, high-quality vehicle? This carefully selected Japanese import offers excellent value, comfort, and practicality.<br /><br />Every vehicle is sourced directly from Japan and selected to meet our high standards of quality and condition.<br /><br />Odometer Verified<br /><br />The odometer reading is verified through official Japanese Auction Sheets and Import Documentation, available for your reference and peace of mind.<br /><br />Price Includes:<br /><br />Roadworthy Certificate (RWC)<br />Registration<br />Transfer Fees<br /><br />Additional Services Available:<br /><br />Video Walkaround Inspections<br />Finance & Car Loan Options<br />GST Invoice Available<br />1-5 Year Extended Warranty<br />Australia-Wide Delivery Available<br /><br />Why Buy From UKA Japan Motors?<br /><br />Trusted Japanese Import Specialists<br />Quality Vehicles Direct from Japan<br />Verified Odometer Readings<br />Competitive Finance Solutions<br />Extended Warranty Options<br />Friendly & Experienced Team<br /><br />Brisbane Yard<br />33 Randall Street, Slacks Creek QLD 4127<br />Phone: 07 2147 6999<br />Email: sales.brisbane@ukajapan.com.au<br />View Stock: www.ukajapan.com.au<br /><br />LMCT: 4933717<br /><br />Note: Vehicle specifications and features may be automatically generated by third-party platforms. Please confirm all features, options, and specifications with our sales team prior to purchase.",4,NHP10,,,False,False,False,A,True,,,2WD,5,4,,False,NHP10-6389082,Gray,VIC,03/15,,,,,,,,Yes,,,False,In_Stock,,,,,,,,,0,,,,,5
101101,Toyota,Hiace,DX,,6ZZKTRH2000302272,,2019,111811,VAN,Silver,2000,Auto,Petrol,"Power Steering,Power Window,ABS Brakes,Air Condition,Push Start",,"Toyota Hiace 2019 <br />Stock No: 101101<br />Mileage: 111,811 km<br /><br />Looking for a reliable, high-quality vehicle? This carefully selected Japanese import offers excellent value, comfort, and practicality.<br /><br />Every vehicle is sourced directly from Japan and selected to meet our high standards of quality and condition.<br /><br />Odometer Verified<br /><br />The odometer reading is verified through official Japanese Auction Sheets and Import Documentation, available for your reference and peace of mind.<br /><br />Price Includes:<br /><br />Roadworthy Certificate (RWC)<br />Registration<br />Transfer Fees<br /><br />Additional Services Available:<br /><br />Video Walkaround Inspections<br />Finance & Car Loan Options<br />GST Invoice Available<br />1-5 Year Extended Warranty<br />Australia-Wide Delivery Available<br /><br />Why Buy From UKA Japan Motors?<br /><br />Trusted Japanese Import Specialists<br />Quality Vehicles Direct from Japan<br />Verified Odometer Readings<br />Competitive Finance Solutions<br />Extended Warranty Options<br />Friendly & Experienced Team<br /><br /><br /><br />Mordialloc Yard<br />247 Boundary Road, Mordialloc VIC 3195<br />Phone: 03 7065 6403<br />sales.mordialloc@ukajapan.com.au<br />View Stock: www.ukajapan.com.au<br /><br />LMCT: 0012708<br /><br />Note: Vehicle specifications and features may be automatically generated by third-party platforms. Please confirm all features, options, and specifications with our sales team prior to purchase.",2,TRH200,,,False,False,False,A,True,,,2WD,5,4,,False,TRH200-0302272,Gray,VIC,05/19,,,,,,,,Yes,,,False,In_Stock,,,,,,,,,0,,,,,6
101102,Toyota,Aqua,S,,6ZZE0NHP106366317,13995.0000,2014,89219,Hatchback,Black,1500,Auto,Hybrid,"Power Steering,Power Window,Winker Mirror,ABS Brakes,Air Condition,Push Start,Rear Spoiler,Seats Adjustment,Climate Control,Folding Side Mirror,EV Mode,Eco Mode",,"Toyota Aqua 2014 <br />Stock No: 101102<br />Mileage: 89,219 km<br /><br />Looking for a reliable, high-quality vehicle? This carefully selected Japanese import offers excellent value, comfort, and practicality.<br /><br />Every vehicle is sourced directly from Japan and selected to meet our high standards of quality and condition.<br /><br />Odometer Verified<br /><br />The odometer reading is verified through official Japanese Auction Sheets and Import Documentation, available for your reference and peace of mind.<br /><br />Price Includes:<br /><br />Roadworthy Certificate (RWC)<br />Registration<br />Transfer Fees<br /><br />Additional Services Available:<br /><br />Video Walkaround Inspections<br />Finance & Car Loan Options<br />GST Invoice Available<br />15 Year Extended Warranty<br />Australia-Wide Delivery Available<br /><br />Why Buy From UKA Japan Motors?<br /><br />Trusted Japanese Import Specialists<br />Quality Vehicles Direct from Japan<br />Verified Odometer Readings<br />Competitive Finance Solutions<br />Extended Warranty Options<br />Friendly & Experienced Team<br /><br /><br /><br />Maidstone Yard<br />205 Ballarat Rd, Maidstone VIC 3012, Australiaa<br />Phone: 03 4329 0786<br />Email: sales.maidstone@ukajapan.com.au<br />View Stock: www.ukajapan.com.au<br /><br />LMCT: 4933717<br /><br />Note: Vehicle specifications and features may be automatically generated by third-party platforms. Please confirm all features, options, and specifications with our sales team prior to purchase.",1,NHP10,,,False,False,False,A,True,,,2WD,5,4,,False,NHP10-6366317,Gray,VIC,12/14,08/26,,,,,,,Yes,,,False,On_Offer,0,,,,,,,,0,,,,,5
101104,Toyota,Voxy,X,,6ZZF0ZRR800192677,16995.0000,2015,93400,VAN,Peal White,2000,Auto,Petrol,"Power Steering,Power Window,Winker Mirror,ABS Brakes,Air Condition,Push Start,Power Slide Doors,Alloy Wheels,Reverse Camera,Eco Mode,Traction Control,Dual Zone Climate Control,Seats Adjustment",,"Toyota Voxy 2015 <br />Stock No: 101104<br />Mileage: 93,400 km<br /><br />Looking for a reliable, high-quality vehicle? This carefully selected Japanese import offers excellent value, comfort, and practicality.<br /><br />Every vehicle is sourced directly from Japan and selected to meet our high standards of quality and condition.<br /><br />Odometer Verified<br /><br />The odometer reading is verified through official Japanese Auction Sheets and Import Documentation, available for your reference and peace of mind.<br /><br />Price Includes:<br /><br />Roadworthy Certificate (RWC)<br />Registration<br />Transfer Fees<br /><br />Additional Services Available:<br /><br />Video Walkaround Inspections<br />Finance & Car Loan Options<br />GST Invoice Available<br />1-5 Year Extended Warranty<br />Australia-Wide Delivery Available<br /><br />Why Buy From UKA Japan Motors?<br /><br />Trusted Japanese Import Specialists<br />Quality Vehicles Direct from Japan<br />Verified Odometer Readings<br />Competitive Finance Solutions<br />Extended Warranty Options<br />Friendly & Experienced Team<br /><br /><br /><br />Mordialloc Yard<br />247 Boundary Road, Mordialloc VIC 3195 <br />Phone: 03 7065 6403<br />sales.mordialloc@ukajapan.com.au<br />View Stock: www.ukajapan.com.au<br /><br />LMCT: 0012708<br /><br />Note: Vehicle specifications and features may be automatically generated by third-party platforms. Please confirm all features, options, and specifications with our sales team prior to purchase.",2,ZRR80,,,False,False,False,A,True,,,2WD,5,4,,False,ZRR80-0192677,Gray,VIC,12/15,08/26,,,,,,,Yes,,,False,On_Offer,0000,,,,,,,,0,,,,,7
101107,Toyota,Noah,S I,,6ZZG0ZRR800265425,18995.0000,2016,86021,VAN,Dark Violet Metallic,2000,Auto,Petrol,"Power Steering,Power Window,Winker Mirror,ABS Brakes,Air Condition,Push Start,Fog Lights,Rear Spoiler,Alloy Wheels,Seats Adjustment,Dual Zone Climate Control,Eco Mode,Traction Control,Reverse Camera,Keep Lane Assist,Power Slide Doors,Collision Brakes",,"Toyota Noah 2016 <br />Stock No: 101107<br />Mileage: 86,021 km<br /><br />Looking for a reliable, high-quality vehicle? This carefully selected Japanese import offers excellent value, comfort, and practicality.<br /><br />Every vehicle is sourced directly from Japan and selected to meet our high standards of quality and condition.<br /><br />Odometer Verified<br /><br />The odometer reading is verified through official Japanese Auction Sheets and Import Documentation, available for your reference and peace of mind.<br /><br />Price Includes:<br /><br />Roadworthy Certificate (RWC)<br />Registration<br />Transfer Fees<br /><br />Additional Services Available:<br /><br />Video Walkaround Inspections<br />Finance & Car Loan Options<br />GST Invoice Available<br />15 Year Extended Warranty<br />Australia-Wide Delivery Available<br /><br />Why Buy From UKA Japan Motors?<br /><br />Trusted Japanese Import Specialists<br />Quality Vehicles Direct from Japan<br />Verified Odometer Readings<br />Competitive Finance Solutions<br />Extended Warranty Options<br />Friendly & Experienced Team<br /><br /><br /><br />Maidstone Yard<br />205 Ballarat Rd, Maidstone VIC 3012, Australiaa<br />Phone: 03 4329 0786<br />Email: sales.maidstone@ukajapan.com.au<br />View Stock: www.ukajapan.com.au<br /><br />LMCT: 4933717<br /><br />Note: Vehicle specifications and features may be automatically generated by third-party platforms. Please confirm all features, options, and specifications with our sales team prior to purchase.",2,ZRR80,,,False,False,False,A,True,,,2WD,5,4,,False,ZRR80-0265425,Gray,VIC,10/16,00/00,,,,,,,Yes,,,False,In_Stock,00000,,,,,,,,0,,,,,8
101108,Honda,Vezel,Hybrid,,6ZZE000RU31004346,17995.0000,2014,59168,SUV,Silver,1500,Auto,Hybrid,"Power Steering,Power Window,Winker Mirror,ABS Brakes,Air Condition,Push Start,Traction Control,Folding Side Mirror,reverse Camera,Cruise Control,Seats Adjustment,Fog Lights,Alloy Wheels,Reverse Camera,Rear Spoiler",,"Honda Vezel 2014<br />Stock No: 101108<br />Mileage: 59,168 km<br /><br />Looking for a reliable, high-quality vehicle? This carefully selected Japanese import offers excellent value, comfort, and practicality.<br /><br />Every vehicle is sourced directly from Japan and selected to meet our high standards of quality and condition.<br /><br />Odometer Verified<br /><br />The odometer reading is verified through official Japanese Auction Sheets and Import Documentation, available for your reference and peace of mind.<br /><br />Price Includes:<br /><br />Roadworthy Certificate (RWC)<br />Registration<br />Transfer Fees<br /><br />Additional Services Available:<br /><br />Video Walkaround Inspections<br />Finance & Car Loan Options<br />GST Invoice Available<br />1-5 Year Extended Warranty<br />Australia-Wide Delivery Available<br /><br />Why Buy From UKA Japan Motors?<br /><br />Trusted Japanese Import Specialists<br />Quality Vehicles Direct from Japan<br />Verified Odometer Readings<br />Competitive Finance Solutions<br />Extended Warranty Options<br />Friendly & Experienced Team<br /><br /><br /><br />Maidstone Yard<br />205 Ballarat Rd, Maidstone VIC 3012, Australiaa<br />Phone: 03 4329 0786<br />Email: sales.maidstone@ukajapan.com.au<br />View Stock: www.ukajapan.com.au<br /><br />LMCT: 0012708<br /><br />Note: Vehicle specifications and features may be automatically generated by third-party platforms. Please confirm all features, options, and specifications with our sales team prior to purchase.",1,RU3,,16995.0000,False,False,False,A,True,,,2WD,5,4,,False,RU3-1004346,Gray,VIC,01/14,08/26,,,,,,,Yes,,,False,In_Stock,0,,,,,,,,0,,,,,5
101113,Toyota,Aqua,S,,6ZZF0NHP102466440,13995.0000,2015,99726,Hatchback,Pearl White,1500,Auto,Hybrid,"Power Steering,Power Window,Winker Mirror,ABS Brakes,Air Condition,Push Start,Folding Side Mirror,Seats Adjustment,Rear Spoiler,Reverse Camera,Climate Control,Eco Mode,EV Mode",,"Toyota Aqua 2015 <br />Stock No: 101113<br />Mileage: 99,726 km<br /><br />Looking for a reliable, high-quality vehicle? This carefully selected Japanese import offers excellent value, comfort, and practicality.<br /><br />Every vehicle is sourced directly from Japan and selected to meet our high standards of quality and condition.<br /><br />Odometer Verified<br /><br />The odometer reading is verified through official Japanese Auction Sheets and Import Documentation, available for your reference and peace of mind.<br /><br />Price Includes:<br /><br />Roadworthy Certificate (RWC)<br />Registration<br />Transfer Fees<br /><br />Additional Services Available:<br /><br />Video Walkaround Inspections<br />Finance & Car Loan Options<br />GST Invoice Available<br />15 Year Extended Warranty<br />Australia-Wide Delivery Available<br /><br />Why Buy From UKA Japan Motors?<br /><br />Trusted Japanese Import Specialists<br />Quality Vehicles Direct from Japan<br />Verified Odometer Readings<br />Competitive Finance Solutions<br />Extended Warranty Options<br />Friendly & Experienced Team<br /><br /><br /><br />Maidstone Yard<br />205 Ballarat Rd, Maidstone VIC 3012, Australiaa<br />Phone: 03 4329 0786<br />Email: sales.maidstone@ukajapan.com.au<br />View Stock: www.ukajapan.com.au<br /><br />LMCT: 4933717<br /><br />Note: Vehicle specifications and features may be automatically generated by third-party platforms. Please confirm all features, options, and specifications with our sales team prior to purchase.",1,NHP10,,,False,False,False,A,True,,,2WD,5,4,,False,NHP10-2466440,Gray,VIC,06/15,08/26,,,,,,,Yes,,,False,In_Stock,0,,,,,,,,0,,,,,5
101114,Honda,Vezel,Hybrid X,,6ZZF000RU31106310,18995.0000,2015,88794,SUV,Red Pearl,1500,Auto,Hybrid,"Power Steering,Power Window,Winker Mirror,ABS Brakes,Air Condition,Push Start,Reverse Camera,Traction Control,Folding Side Mirror,Crusie Control,Seats Adjustment,Rear Spoiler,Alloy Wheels,Fog Lights",,"Honda Vezel 2015 <br />Stock No: 101114<br />Mileage: 88,794 km<br /><br />Looking for a reliable, high-quality vehicle? This carefully selected Japanese import offers excellent value, comfort, and practicality.<br /><br />Every vehicle is sourced directly from Japan and selected to meet our high standards of quality and condition.<br /><br />Odometer Verified<br /><br />The odometer reading is verified through official Japanese Auction Sheets and Import Documentation, available for your reference and peace of mind.<br /><br />Price Includes:<br /><br />Roadworthy Certificate (RWC)<br />Registration<br />Transfer Fees<br /><br />Additional Services Available:<br /><br />Video Walkaround Inspections<br />Finance & Car Loan Options<br />GST Invoice Available<br />1-5 Year Extended Warranty<br />Australia-Wide Delivery Available<br /><br />Why Buy From UKA Japan Motors?<br /><br />Trusted Japanese Import Specialists<br />Quality Vehicles Direct from Japan<br />Verified Odometer Readings<br />Competitive Finance Solutions<br />Extended Warranty Options<br />Friendly & Experienced Team<br /><br /><br /><br />Maidstone Yard<br />205 Ballarat Rd, Maidstone VIC 3012, Australiaa<br />Phone: 03 4329 0786<br />Email: sales.maidstone@ukajapan.com.au<br />View Stock: www.ukajapan.com.au<br /><br />LMCT: 0012708<br /><br />Note: Vehicle specifications and features may be automatically generated by third-party platforms. Please confirm all features, options, and specifications with our sales team prior to purchase.",1,RU3,,17995.0000,False,False,False,A,True,,,2WD,5,4,,False,RU3-1106310,Gray,VIC,06/15,08/26,,,,,,,Yes,,,False,In_Stock,0000,,,,,,,,0,,,,,5
101116,Nissan,Serena,Seke S Hybrid,,6ZZM00GNC27031461,22999.0000,2021,93437,VAN,Silver,2000,Auto,S-Hybrid,"Power Steering,Power WIndow,Winker Mirror,ABS Brakes,Air Condition,Push Start,Cruise Control,Parking Sensor,Folding Tray Tables (Passengers),Dual Zone Climate Control,Eco Mode,Seats Adjustment,Rear Spoiler,Reverse Camera,Folding Side Mirrors",,"Nissan Serena 2021 <br />Stock No: 101116<br />Mileage: 93,437 km<br /><br />Looking for a reliable, high-quality vehicle? This carefully selected Japanese import offers excellent value, comfort, and practicality.<br /><br />Every vehicle is sourced directly from Japan and selected to meet our high standards of quality and condition.<br /><br />Odometer Verified<br /><br />The odometer reading is verified through official Japanese Auction Sheets and Import Documentation, available for your reference and peace of mind.<br /><br />Price Includes:<br /><br />Roadworthy Certificate (RWC)<br />Registration<br />Transfer Fees<br /><br />Additional Services Available:<br /><br />Video Walkaround Inspections<br />Finance & Car Loan Options<br />GST Invoice Available<br />1-5 Year Extended Warranty<br />Australia-Wide Delivery Available<br /><br />Why Buy From UKA Japan Motors?<br /><br />Trusted Japanese Import Specialists<br />Quality Vehicles Direct from Japan<br />Verified Odometer Readings<br />Competitive Finance Solutions<br />Extended Warranty Options<br />Friendly & Experienced Team<br /><br /><br /><br />Mordialloc Yard<br />247 Boundary Road, Mordialloc VIC 3195<br />Phone: 03 7065 6403<br />sales.mordialloc@ukajapan.com.au<br />View Stock: www.ukajapan.com.au<br /><br />LMCT: 0012708<br /><br />Note: Vehicle specifications and features may be automatically generated by third-party platforms. Please confirm all features, options, and specifications with our sales team prior to purchase.",2,GNC27,,,False,False,False,A,True,,,2WD,5,4,,False,GNC27-031461,Off White,VIC,04/21,00/00,,,,,,,Yes,,,False,In_Stock,00000,,,,,,,,0,,,,,8
101117,Toyota,Aqua,S,,6ZZF0NHP102456078,14995.0000,2015,89775,Hatchback,Silver,1500,Auto,Hybrid,"Power Steering,Power Window,ABS Brakes,Air Condition,Push Start,Winker Mirror,Alloy Wheels,Fog Lights,Rear Spoiler,Reverse Camera,Seats Adjustment,Folding Side Mirror,Climate Control,Nanoe Mode",,"Welcome to UKA Japan Motors Australia<br />With nearly 25 years of experience in the automotive industry, NJ Japan Motors is proudly trusted across multiple countries for our outstanding customer service and quality vehicles. We specialise in a wide range of carefully selected, used Japanese-imported cars — all inspected and ready for Australian roads.<br /><br />🚗 This Vehicle is Currently IN TRANSIT<br />Enquire now to secure it before arrival.<br /><br /><br />📍 Visit Us:<br /><br />MAIDSTONE<br /><br />📞 Call Us : 03 4329 0786 or 1800 006 256<br />📧 Email   : sales.maidstone@ukajapan.com.au<br />📍205 Ballarat Road, Maidstone, Victoria 3012<br /><br />MORDIALLOC<br /><br />📞 Call Us :03 7065 6403 Or 1800 006 256<br />📧 Email   :sales.mordialloc@ukajapan.com.au<br />📍 247 Boundary Road, Mordialloc VIC 3195<br /><br />BRISBANE<br /><br />📞 Call Us : 07 2147 6999 Or 1800 006 256<br />📧 Email   : sales.brisbane@ukajapan.com.au<br />📍 33 Randall St, Slacks Creek, QLD 4127<br /><br /><br />🌐 Browse Our Stock: www.ukajapan.com.au<br /> <br />LMCT: 12702",1,NHP10,,,False,False,False,A,True,,,2WD,5,4,,False,NHP10-2456078,Gray,VIC,04/15,,,,,,,,Yes,,,False,In_Stock,,,,,,,,,0,,,,,5
101118,Toyota,Crown,Standard Package,,6ZZ9GWS2040012207,16995.0000,2009,67649,Sedan,Silver,3500,Auto,Hybrid,"Power Steering,Power Window,ABS Brakes,Air Condition,Push Start,Cruise Control,Eco Mode,Reverse Camera,Sports Mode,Ev Mode,Snow Mode,Traction Control,Electric Seats Adjustment,Alloy Wheels,Multi Zone Climate Control,Power Side Mirror,Fog Lights,Winker Mirror",,"Toyota Crown 2009 <br />Stock No: 101118<br />Mileage: 67,649 km<br /><br />Looking for a reliable, high-quality vehicle? This carefully selected Japanese import offers excellent value, comfort, and practicality.<br /><br />Every vehicle is sourced directly from Japan and selected to meet our high standards of quality and condition.<br /><br />Odometer Verified<br /><br />The odometer reading is verified through official Japanese Auction Sheets and Import Documentation, available for your reference and peace of mind.<br /><br />Price Includes:<br /><br />Roadworthy Certificate (RWC)<br />Registration<br />Transfer Fees<br /><br />Additional Services Available:<br /><br />Video Walkaround Inspections<br />Finance & Car Loan Options<br />GST Invoice Available<br />15 Year Extended Warranty<br />Australia-Wide Delivery Available<br /><br />Why Buy From UKA Japan Motors?<br /><br />Trusted Japanese Import Specialists<br />Quality Vehicles Direct from Japan<br />Verified Odometer Readings<br />Competitive Finance Solutions<br />Extended Warranty Options<br />Friendly & Experienced Team<br /><br />Brisbane Yard<br />33 Randall Street, Slacks Creek QLD 4127<br />Phone: 07 2147 6999<br />Email: sales.brisbane@ukajapan.com.au<br />View Stock: www.ukajapan.com.au<br /><br />LMCT: 4933717<br /><br />Note: Vehicle specifications and features may be automatically generated by third-party platforms. Please confirm all features, options, and specifications with our sales team prior to purchase.",4,GWS204,,,False,False,False,A,True,,,2WD,4,4,,False,GWS204-0012207,Gray,VIC,08/09,,,,,,,,Yes,,,False,In_Stock,,,,,,,,,0,,,,,5
101120,Toyota,Aqua,S,,6ZZG0NHP106489055,,2016,90667,Hatchback,Red,1500,Auto,Hybrid,"Power Doors,Power Windows,Air Condition,Power Steering,Reverse Caemra,Push Satrt",,"Welcome to UKA Japan Motors Australia<br />With nearly 25 years of experience in the automotive industry, NJ Japan Motors is proudly trusted across multiple countries for our outstanding customer service and quality vehicles. We specialise in a wide range of carefully selected, used Japanese-imported cars — all inspected and ready for Australian roads.<br /><br />🚗 This Vehicle is Currently IN TRANSIT<br />Enquire now to secure it before arrival.<br /><br /><br />📍 Visit Us:<br /><br />MAIDSTONE<br /><br />📞 Call Us : 03 4329 0786 or 1800 006 256<br />📧 Email   : sales.maidstone@ukajapan.com.au<br />📍205 Ballarat Road, Maidstone, Victoria 3012<br /><br />MORDIALLOC<br /><br />📞 Call Us :03 7065 6403 Or 1800 006 256<br />📧 Email   :sales.mordialloc@ukajapan.com.au<br />📍 247 Boundary Road, Mordialloc VIC 3195<br /><br />BRISBANE<br /><br />📞 Call Us : 07 2147 6999 Or 1800 006 256<br />📧 Email   : sales.brisbane@ukajapan.com.au<br />📍 33 Randall St, Slacks Creek, QLD 4127<br /><br /><br />🌐 Browse Our Stock: www.ukajapan.com.au<br /> <br />LMCT: 12702",2,NHP10,,,False,False,False,A,True,,,2WD,5,4,,False,NHP10-6489055,Gray,QLD,01/16,,,,,,,,Yes,,,False,On_Order,,,,,,,,,0,,,,,5
101122,Honda,Odyssey,Absolute H-Sen EX Pack,,6ZZG000RC41004162,24495.0000,2016,108192,Van,Black,2000,Auto,Hybrid,"Power Window,Power Steering,Power Mirror,Alloy Wheel,Leather Seats,Reverse Camera,Push Start,Power Slide Doors,Keep Lane Assist,Traction Control,Collision Brakes,Folding Side Mirror,Rear Entertainment System,Cruise Control,Seats Adjustment,Half Leather Seats,Rear Spoiler,Alloy Wheels,Fog Lights,Winker Mirror",,"Honda Odyssey 2016<br />Stock No: 101122<br />Mileage: 108,192 km<br /><br />Looking for a reliable, high-quality vehicle? This carefully selected Japanese import offers excellent value, comfort, and practicality.<br /><br />Every vehicle is sourced directly from Japan and selected to meet our high standards of quality and condition.<br /><br />Odometer Verified<br /><br />The odometer reading is verified through official Japanese Auction Sheets and Import Documentation, available for your reference and peace of mind.<br /><br />Price Includes:<br /><br />Roadworthy Certificate (RWC)<br />Registration<br />Transfer Fees<br /><br />Additional Services Available:<br /><br />Video Walkaround Inspections<br />Finance & Car Loan Options<br />GST Invoice Available<br />15 Year Extended Warranty<br />Australia-Wide Delivery Available<br /><br />Why Buy From UKA Japan Motors?<br /><br />Trusted Japanese Import Specialists<br />Quality Vehicles Direct from Japan<br />Verified Odometer Readings<br />Competitive Finance Solutions<br />Extended Warranty Options<br />Friendly & Experienced Team<br /><br /><br /><br />Maidstone Yard<br />205 Ballarat Rd, Maidstone VIC 3012, Australiaa<br />Phone: 03 4329 0786<br />Email: sales.maidstone@ukajapan.com.au<br />View Stock: www.ukajapan.com.au<br /><br />LMCT: 4933717<br /><br />Note: Vehicle specifications and features may be automatically generated by third-party platforms. Please confirm all features, options, and specifications with our sales team prior to purchase.",1,RC4,,23995.0000,False,False,False,A,True,,,2WD,5,4,,False,RC4-1004162,Gray,VIC,03/16,08/26,,,,,,,Yes,,,False,On_Offer,0,,,,,,,,0,,,,,7
101123,Toyota,Esquire,XI,,6ZZF0ZRR800108995,,2015,106549,Van,Black,2000,Auto,Petrol,"Power Window,Power Steering,Air Condition,Reverse Camera,Push Start",,"Toyota Esquire 2015  <br />Stock No: 101123<br />Mileage: 106,549 km<br /><br />Looking for a reliable, high-quality vehicle? This carefully selected Japanese import offers excellent value, comfort, and practicality.<br /><br />Every vehicle is sourced directly from Japan and selected to meet our high standards of quality and condition.<br /><br />Odometer Verified<br /><br />The odometer reading is verified through official Japanese Auction Sheets and Import Documentation, available for your reference and peace of mind.<br /><br />Price Includes:<br /><br />Roadworthy Certificate (RWC)<br />Registration<br />Transfer Fees<br /><br />Additional Services Available:<br /><br />Video Walkaround Inspections<br />Finance & Car Loan Options<br />GST Invoice Available<br />1-5 Year Extended Warranty<br />Australia-Wide Delivery Available<br /><br />Why Buy From UKA Japan Motors?<br /><br />Trusted Japanese Import Specialists<br />Quality Vehicles Direct from Japan<br />Verified Odometer Readings<br />Competitive Finance Solutions<br />Extended Warranty Options<br />Friendly & Experienced Team<br /><br /><br /><br />Mordialloc Yard<br />247 Boundary Road, Mordialloc VIC 3195<br />Phone: 03 7065 6403<br />sales.mordialloc@ukajapan.com.au<br />View Stock: www.ukajapan.com.au<br /><br />LMCT: 0012708<br /><br />Note: Vehicle specifications and features may be automatically generated by third-party platforms. Please confirm all features, options, and specifications with our sales team prior to purchase.",2,ZRR80,,,False,False,False,A,True,,,2WD,5,4,,False,ZRR80-0108995,Gray,VIC,02/15,,,,,,,,Yes,,,False,On_Order,,,,,,,,,0,,,,,7
101125,Honda,Vezel,Hybrid RS Honda Sensing,,6ZZJ000RU31315617,21995.0000,2018,90546,SUV,Blue,1500,Auto,Hybrid,"Power Window,Power Steering,Power Mirror,Alloy Wheel,Air Condition,Reverse Camera,Fog Lights,Push Start,Sport Mode,Heated Seats,Cruise Control,Folding Side Mirror,Alloy Wheels,Half Leather Seats,Rear Spoiler,Winker Mirror",,"Honda Vezel 2018 <br />Stock No: 101125<br />Mileage: 90,546 km<br /><br />Looking for a reliable, high-quality vehicle? This carefully selected Japanese import offers excellent value, comfort, and practicality.<br /><br />Every vehicle is sourced directly from Japan and selected to meet our high standards of quality and condition.<br /><br />Odometer Verified<br /><br />The odometer reading is verified through official Japanese Auction Sheets and Import Documentation, available for your reference and peace of mind.<br /><br />Price Includes:<br /><br />Roadworthy Certificate (RWC)<br />Registration<br />Transfer Fees<br /><br />Additional Services Available:<br /><br />Video Walkaround Inspections<br />Finance & Car Loan Options<br />GST Invoice Available<br />15 Year Extended Warranty<br />Australia-Wide Delivery Available<br /><br />Why Buy From UKA Japan Motors?<br /><br />Trusted Japanese Import Specialists<br />Quality Vehicles Direct from Japan<br />Verified Odometer Readings<br />Competitive Finance Solutions<br />Extended Warranty Options<br />Friendly & Experienced Team<br /><br />Brisbane Yard<br />33 Randall Street, Slacks Creek QLD 4127<br />Phone: 07 2147 6999<br />Email: sales.brisbane@ukajapan.com.au<br />View Stock: www.ukajapan.com.au<br /><br />LMCT: 4933717<br /><br />Note: Vehicle specifications and features may be automatically generated by third-party platforms. Please confirm all features, options, and specifications with our sales team prior to purchase.",4,RU3,,,False,False,False,A,True,,,2WD,5,4,,False,RU3-1315617,Gray,VIC,07/18,,,,,,,,Yes,,,False,In_Stock,,,,,,,,,0,,,,,5
101126,Toyota,Crown,Speical Edition,,6ZZ9GWS2040012383,15995.0000,2009,107886,Sedan,Pearl White,3500,Auto,Hybrid,"Power Window,Power Steering,Push Start,Alloy Wheel,Air Condition,Fog Lights,Winker Mirro,Alloy Wheels,Revese Camera,Seats Adjustment,Cruise Control,Folding Side Mirror,Dual Zone Climate Control",,"Toyota Crown 2009 <br />Stock No: 101126<br />Mileage: 107,886 km<br /><br />Looking for a reliable, high-quality vehicle? This carefully selected Japanese import offers excellent value, comfort, and practicality.<br /><br />Every vehicle is sourced directly from Japan and selected to meet our high standards of quality and condition.<br /><br />Odometer Verified<br /><br />The odometer reading is verified through official Japanese Auction Sheets and Import Documentation, available for your reference and peace of mind.<br /><br />Price Includes:<br /><br />Roadworthy Certificate (RWC)<br />Registration<br />Transfer Fees<br /><br />Additional Services Available:<br /><br />Video Walkaround Inspections<br />Finance & Car Loan Options<br />GST Invoice Available<br />1-5 Year Extended Warranty<br />Australia-Wide Delivery Available<br /><br />Why Buy From UKA Japan Motors?<br /><br />Trusted Japanese Import Specialists<br />Quality Vehicles Direct from Japan<br />Verified Odometer Readings<br />Competitive Finance Solutions<br />Extended Warranty Options<br />Friendly & Experienced Team<br /><br /><br /><br />Maidstone Yard<br />205 Ballarat Rd, Maidstone VIC 3012, Australiaa<br />Phone: 03 4329 0786<br />Email: sales.maidstone@ukajapan.com.au<br />View Stock: www.ukajapan.com.au<br /><br />LMCT: 0012708<br /><br />Note: Vehicle specifications and features may be automatically generated by third-party platforms. Please confirm all features, options, and specifications with our sales team prior to purchase.",1,GWS204,,,False,False,False,A,True,,,2WD,4,6,,False,GWS204-0012383,Gray,VIC,08/09,08/26,,,,,,,Yes,,,False,In_Stock,0,,,,,,,,0,,,,,5
101127,Toyota,Aqua,S,,6ZZF0NHP106389452,13995.0000,2015,94825,Hatchback,Pearl White,1500,Auto,Hybrid,"Power Window,Power Steering,ABS Brakes,Air Condition,Alloy Wheel,Climate Control,Alloy Wheels,Folding Side Mirror,Seats Adjustment,Rear Spoiler,Winker Mirror",,"Toyota Aqua 2015 2009 <br />Stock No: 101127<br />Mileage: 94,825 km<br /><br />Looking for a reliable, high-quality vehicle? This carefully selected Japanese import offers excellent value, comfort, and practicality.<br /><br />Every vehicle is sourced directly from Japan and selected to meet our high standards of quality and condition.<br /><br />Odometer Verified<br /><br />The odometer reading is verified through official Japanese Auction Sheets and Import Documentation, available for your reference and peace of mind.<br /><br />Price Includes:<br /><br />Roadworthy Certificate (RWC)<br />Registration<br />Transfer Fees<br /><br />Additional Services Available:<br /><br />Video Walkaround Inspections<br />Finance & Car Loan Options<br />GST Invoice Available<br />1-5 Year Extended Warranty<br />Australia-Wide Delivery Available<br /><br />Why Buy From UKA Japan Motors?<br /><br />Trusted Japanese Import Specialists<br />Quality Vehicles Direct from Japan<br />Verified Odometer Readings<br />Competitive Finance Solutions<br />Extended Warranty Options<br />Friendly & Experienced Team<br /><br />Brisbane Yard<br />33 Randall Street, Slacks Creek QLD 4127<br />Phone: 07 2147 6999<br />Email: sales.brisbane@ukajapan.com.au<br />View Stock: www.ukajapan.com.au<br /><br />LMCT: 4933717<br /><br />Note: Vehicle specifications and features may be automatically generated by third-party platforms. Please confirm all features, options, and specifications with our sales team prior to purchase.",4,NHP10,,,False,False,False,A,True,,,2WD,5,4,,False,NHP10-6389452,Gray,VIC,03/15,,,,,,,,Yes,,,False,On_Offer,,,,,,,,,0,,,,,5
101128,Toyota,C-HR,G mode Bruno,,6ZZK0ZYX102187790,,2019,106776,SUV,White,1800,Auto,Hybrid,"Power Window,Power Steering,Air Condition,Push Start,ABS Brakes,Reverse Camera,Alloy Wheels",,"Welcome to UKA Japan Motors Australia<br />With nearly 25 years of experience in the automotive industry, NJ Japan Motors is proudly trusted across multiple countries for our outstanding customer service and quality vehicles. We specialise in a wide range of carefully selected, used Japanese-imported cars — all inspected and ready for Australian roads.<br /><br />🚗 This Vehicle is Currently IN TRANSIT<br />Enquire now to secure it before arrival.<br /><br /><br />📍 Visit Us:<br /><br />MAIDSTONE<br /><br />📞 Call Us : 03 4329 0786 or 1800 006 256<br />📧 Email   : sales.maidstone@ukajapan.com.au<br />📍205 Ballarat Road, Maidstone, Victoria 3012<br /><br />MORDIALLOC<br /><br />📞 Call Us :03 7065 6403 Or 1800 006 256<br />📧 Email   :sales.mordialloc@ukajapan.com.au<br />📍 247 Boundary Road, Mordialloc VIC 3195<br /><br />BRISBANE<br /><br />📞 Call Us : 07 2147 6999 Or 1800 006 256<br />📧 Email   : sales.brisbane@ukajapan.com.au<br />📍 33 Randall St, Slacks Creek, QLD 4127<br /><br /><br />🌐 Browse Our Stock: www.ukajapan.com.au<br /> <br />LMCT: 12702",1,ZYX10,,,False,False,False,A,True,,,2WD,5,4,,False,ZYX10-2187790,Gray,VIC,07/19,,,,,,,,Yes,,,False,On_Order,,,,,,,,,0,,,,,5
101130,Toyota,Noah,Hybrid X,,6ZZJ0ZWR800346407,,2018,89011,Van,Brown,1800,Auto,Hybrid,"Power Window,Power Steering,Air Condition,Push Start,Reverse Camera,Power Slide Doors,Alloy Wheels",,"Welcome to UKA Japan Motors Australia<br />With nearly 25 years of experience in the automotive industry, NJ Japan Motors is proudly trusted across multiple countries for our outstanding customer service and quality vehicles. We specialise in a wide range of carefully selected, used Japanese-imported cars — all inspected and ready for Australian roads.<br /><br />🚗 This Vehicle is Currently IN TRANSIT<br />Enquire now to secure it before arrival.<br /><br /><br />📍 Visit Us:<br /><br />MAIDSTONE<br /><br />📞 Call Us : 03 4329 0786 or 1800 006 256<br />📧 Email   : sales.maidstone@ukajapan.com.au<br />📍205 Ballarat Road, Maidstone, Victoria 3012<br /><br />MORDIALLOC<br /><br />📞 Call Us :03 7065 6403 Or 1800 006 256<br />📧 Email   :sales.mordialloc@ukajapan.com.au<br />📍 247 Boundary Road, Mordialloc VIC 3195<br /><br />BRISBANE<br /><br />📞 Call Us : 07 2147 6999 Or 1800 006 256<br />📧 Email   : sales.brisbane@ukajapan.com.au<br />📍 33 Randall St, Slacks Creek, QLD 4127<br /><br /><br />🌐 Browse Our Stock: www.ukajapan.com.au<br /> <br />LMCT: 12702",1,ZWR80,,,False,False,False,A,True,,,2WD,5,4,,False,ZWR80-0346407,Black,VIC,08/18,,,,,,,,Yes,,,False,In_Stock,,,,,,,,,0,,,,,7
101131,Toyota,Crown,Royal Saloon,,6ZZ8GRS2020005355,14995.0000,2008,52515,Sedan,Silver,3000,Auto,Petrol,"Power Window,Power Steering,Air Condition,ABS Brakes,Push Start,Reverse Camera,Dual Zone Climate Control,Electric Seats Adjustment,Eco Mode,Sports Mode,Snow Mode,Cruise Control,Alloy Wheels,Dash Camera,Traction Control,Power Side Mirrors,Multi Zone Climate Control,Winker Mirror,Fog Lights",,"Toyota Crown 2008 <br />Stock No: 101131<br />Mileage: 52,515 km<br /><br />Looking for a reliable, high-quality vehicle? This carefully selected Japanese import offers excellent value, comfort, and practicality.<br /><br />Every vehicle is sourced directly from Japan and selected to meet our high standards of quality and condition.<br /><br />Odometer Verified<br /><br />The odometer reading is verified through official Japanese Auction Sheets and Import Documentation, available for your reference and peace of mind.<br /><br />Price Includes:<br /><br />Roadworthy Certificate (RWC)<br />Registration<br />Transfer Fees<br /><br />Additional Services Available:<br /><br />Video Walkaround Inspections<br />Finance & Car Loan Options<br />GST Invoice Available<br />15 Year Extended Warranty<br />Australia-Wide Delivery Available<br /><br />Why Buy From UKA Japan Motors?<br /><br />Trusted Japanese Import Specialists<br />Quality Vehicles Direct from Japan<br />Verified Odometer Readings<br />Competitive Finance Solutions<br />Extended Warranty Options<br />Friendly & Experienced Team<br /><br />Brisbane Yard<br />33 Randall Street, Slacks Creek QLD 4127<br />Phone: 07 2147 6999<br />Email: sales.brisbane@ukajapan.com.au<br />View Stock: www.ukajapan.com.au<br /><br />LMCT: 4933717<br /><br />Note: Vehicle specifications and features may be automatically generated by third-party platforms. Please confirm all features, options, and specifications with our sales team prior to purchase.",4,GRS202,,,False,False,False,A,True,,,2WD,4,6,,False,GRS202-0005355,Gray,VIC,03/08,,,,,,,,Yes,,,False,On_Offer,3GR0238814,,,,,,,,0,,,,,5
101133,Toyota,Crown,Royal Saloon G,,6ZZ8GRS2020011371,14995.0000,2008,85700,Sedan,Silver,3000,Auto,Petrol,"Power Window,Power Steering,Air Condtion,Leather Seats,ABS Brakes,Fog Light,Winker Mirrors,Alloy Wheels,Reverse Camera,Electric Seats Adjustment,Cruise Control,Traction Control,Eco Mode,Sports Mode,Folding Side Mirrors,Sunroof,Seat Backrest Adjustment,Multi Zone Climate Control,Eco Cruise Control,S1-Sport Mode,Dual Zone Climate Control,Rear Spoiler,Fog Lights,Winker Mirror",,"Toyota Crown 2008 <br />Stock No: 101133<br />Mileage: 85,700 km<br /><br />Looking for a reliable, high-quality vehicle? This carefully selected Japanese import offers excellent value, comfort, and practicality.<br /><br />Every vehicle is sourced directly from Japan and selected to meet our high standards of quality and condition.<br /><br />Odometer Verified<br /><br />The odometer reading is verified through official Japanese Auction Sheets and Import Documentation, available for your reference and peace of mind.<br /><br />Price Includes:<br /><br />Roadworthy Certificate (RWC)<br />Registration<br />Transfer Fees<br /><br />Additional Services Available:<br /><br />Video Walkaround Inspections<br />Finance & Car Loan Options<br />GST Invoice Available<br />1-5 Year Extended Warranty<br />Australia-Wide Delivery Available<br /><br />Why Buy From UKA Japan Motors?<br /><br />Trusted Japanese Import Specialists<br />Quality Vehicles Direct from Japan<br />Verified Odometer Readings<br />Competitive Finance Solutions<br />Extended Warranty Options<br />Friendly & Experienced Team<br /><br /><br /><br />Maidstone Yard<br />205 Ballarat Rd, Maidstone VIC 3012, Australiaa<br />Phone: 03 4329 0786<br />Email: sales.maidstone@ukajapan.com.au<br />View Stock: www.ukajapan.com.au<br /><br />LMCT: 0012708<br /><br />Note: Vehicle specifications and features may be automatically generated by third-party platforms. Please confirm all features, options, and specifications with our sales team prior to purchase.",1,GRS202,,,False,False,False,A,True,,,2WD,4,6,,False,GRS202-0011371,Gray,VIC,06/08,08/26,,,,,,,Yes,,,False,In_Stock,0000,,,,,,,,0,,,,,5
101134,Toyota,Hiace,DX JUST LOW,,6ZZLTRH2000320701,,2020,95760,Van,Pearl White,2000,Auto,Petrol,"Power window,Power Steering,Power Slide Doors,Air COndition",,"Welcome to UKA Japan Motors Australia<br />With nearly 25 years of experience in the automotive industry, NJ Japan Motors is proudly trusted across multiple countries for our outstanding customer service and quality vehicles. We specialise in a wide range of carefully selected, used Japanese-imported cars — all inspected and ready for Australian roads.<br /><br />🚗 This Vehicle is Currently IN TRANSIT<br />Enquire now to secure it before arrival.<br /><br /><br />📍 Visit Us:<br /><br />MAIDSTONE<br /><br />📞 Call Us : 03 4329 0786 or 1800 006 256<br />📧 Email   : sales.maidstone@ukajapan.com.au<br />📍205 Ballarat Road, Maidstone, Victoria 3012<br /><br />MORDIALLOC<br /><br />📞 Call Us :03 7065 6403 Or 1800 006 256<br />📧 Email   :sales.mordialloc@ukajapan.com.au<br />📍 247 Boundary Road, Mordialloc VIC 3195<br /><br />BRISBANE<br /><br />📞 Call Us : 07 2147 6999 Or 1800 006 256<br />📧 Email   : sales.brisbane@ukajapan.com.au<br />📍 33 Randall St, Slacks Creek, QLD 4127<br /><br /><br />🌐 Browse Our Stock: www.ukajapan.com.au<br /> <br />LMCT: 12702",4,TRH200,,,False,False,False,A,True,,,2WD,5,4,,False,TRH200-0320701,Gray,VIC,04/20,,,,,,,,Yes,,,False,On_Order,,,,,,,,,0,,,,,3
101135,Toyota,Crown,Hybrid L Package,,6ZZCGWS2040026874,17499.0000,2012,88253,Sedan,Pearl White,3500,Auto,Hybrid,"Power Window,Power Steering,Push Start,Air Condition,ABS Brakes,Alloy Wheel,Revere Camera,Alloy Wheels,Winker Mirror,Reverse Camera,electric Seats Adjustment,Folding Side Mirror,Fog Lights,Eco Mode,Sports Mode,Snow Mode,Traction Control,EV Mode,Dual Zone Climate Control",,"Toyota Crown 2012 <br />Stock No: 101135<br />Mileage: 88,253 km<br /><br />Looking for a reliable, high-quality vehicle? This carefully selected Japanese import offers excellent value, comfort, and practicality.<br /><br />Every vehicle is sourced directly from Japan and selected to meet our high standards of quality and condition.<br /><br />Odometer Verified<br /><br />The odometer reading is verified through official Japanese Auction Sheets and Import Documentation, available for your reference and peace of mind.<br /><br />Price Includes:<br /><br />Roadworthy Certificate (RWC)<br />Registration<br />Transfer Fees<br /><br />Additional Services Available:<br /><br />Video Walkaround Inspections<br />Finance & Car Loan Options<br />GST Invoice Available<br />1-5 Year Extended Warranty<br />Australia-Wide Delivery Available<br /><br />Why Buy From UKA Japan Motors?<br /><br />Trusted Japanese Import Specialists<br />Quality Vehicles Direct from Japan<br />Verified Odometer Readings<br />Competitive Finance Solutions<br />Extended Warranty Options<br />Friendly & Experienced Team<br /><br /><br /><br />Mordialloc Yard<br />247 Boundary Road, Mordialloc VIC 3195<br />Phone: 03 7065 6403<br />sales.mordialloc@ukajapan.com.au<br />View Stock: www.ukajapan.com.au<br /><br />LMCT: 0012708<br /><br />Note: Vehicle specifications and features may be automatically generated by third-party platforms. Please confirm all features, options, and specifications with our sales team prior to purchase.",2,GWS204,,,False,False,False,A,True,,,2WD,4,6,,False,GWS204-0026874,Gray,VIC,09/12,00/00,,,,,,,Yes,,,False,On_Offer,00000,,,,,,,,0,,,,,5
101136,Toyota,Esquire,GI,,6ZZG0ZRR800236941,20995.0000,2016,109657,Van,Black,2000,Auto,Petrol,"Power Window,Power Steering,Air Condition,Reverse Camera,Power Slide Doors,Cruise Control,Push Start,Dual Zone Climate Control,Eco Mode,Traction Control,Keep Lane Assist,Power Slde Doors,Collision Brakes,Seats Adjustment,Leather Seats,Alloy Wheels,Rear Spoiler,Winker Mirror,Fog Lights",,"Toyota Esquire 2016 <br />Stock No: 101136<br />Mileage: 109,657 km<br /><br />Looking for a reliable, high-quality vehicle? This carefully selected Japanese import offers excellent value, comfort, and practicality.<br /><br />Every vehicle is sourced directly from Japan and selected to meet our high standards of quality and condition.<br /><br />Odometer Verified<br /><br />The odometer reading is verified through official Japanese Auction Sheets and Import Documentation, available for your reference and peace of mind.<br /><br />Price Includes:<br /><br />Roadworthy Certificate (RWC)<br />Registration<br />Transfer Fees<br /><br />Additional Services Available:<br /><br />Video Walkaround Inspections<br />Finance & Car Loan Options<br />GST Invoice Available<br />1-5 Year Extended Warranty<br />Australia-Wide Delivery Available<br /><br />Why Buy From UKA Japan Motors?<br /><br />Trusted Japanese Import Specialists<br />Quality Vehicles Direct from Japan<br />Verified Odometer Readings<br />Competitive Finance Solutions<br />Extended Warranty Options<br />Friendly & Experienced Team<br /><br /><br /><br />Maidstone Yard<br />205 Ballarat Rd, Maidstone VIC 3012, Australiaa<br />Phone: 03 4329 0786<br />Email: sales.maidstone@ukajapan.com.au<br />View Stock: www.ukajapan.com.au<br /><br />LMCT: 0012708<br /><br />Note: Vehicle specifications and features may be automatically generated by third-party platforms. Please confirm all features, options, and specifications with our sales team prior to purchase.",1,ZRR80,,,False,False,False,A,True,,,2WD,5,4,,False,ZRR80-0236941,Gray,VIC,06/16,08/26,,,,,,,Yes,,,False,In_Stock,0,,,,,,,,0,,,,,7
101137,Toyota,Aqua,S,,6ZZF0NHP106468756,14995.0000,2015,77965,Hatchback,Red,1500,Auto,Hybrid,"Power Window,Power Steering,Power Mirror,Reverse Camera,Air COndition,ABS Brakes,Alloy Wheel,Winker Mirror,Rear Spoiler,Seats Adjustment,Climate Control,Push Start,Folding Side Mirror,EV Mode,Nanoe Mode",,"Toyota Aqua 2015 <br />Stock No: 101137<br />Mileage: 77,965 km<br /><br />Looking for a reliable, high-quality vehicle? This carefully selected Japanese import offers excellent value, comfort, and practicality.<br /><br />Every vehicle is sourced directly from Japan and selected to meet our high standards of quality and condition.<br /><br />Odometer Verified<br /><br />The odometer reading is verified through official Japanese Auction Sheets and Import Documentation, available for your reference and peace of mind.<br /><br />Price Includes:<br /><br />Roadworthy Certificate (RWC)<br />Registration<br />Transfer Fees<br /><br />Additional Services Available:<br /><br />Video Walkaround Inspections<br />Finance & Car Loan Options<br />GST Invoice Available<br />15 Year Extended Warranty<br />Australia-Wide Delivery Available<br /><br />Why Buy From UKA Japan Motors?<br /><br />Trusted Japanese Import Specialists<br />Quality Vehicles Direct from Japan<br />Verified Odometer Readings<br />Competitive Finance Solutions<br />Extended Warranty Options<br />Friendly & Experienced Team<br /><br /><br /><br />Maidstone Yard<br />205 Ballarat Rd, Maidstone VIC 3012, Australiaa<br />Phone: 03 4329 0786<br />Email: sales.maidstone@ukajapan.com.au<br />View Stock: www.ukajapan.com.au<br /><br />LMCT: 4933717<br /><br />Note: Vehicle specifications and features may be automatically generated by third-party platforms. Please confirm all features, options, and specifications with our sales team prior to purchase.",2,NHP10,,,False,False,False,A,True,,,2WD,5,4,,False,NHP10-6468756,Gray,VIC,10/15,08/26,,,,,,,Yes,,,False,On_Offer,1nz7734761,,,,,,,,0,,,,,5
101138,Toyota,Aqua,S,,6ZZG0NHP102553942,15495.0000,2016,53339,Hatchback,Red,1500,Auto,Hybrid,"Power Window,Power Steering,Air Condition,ABS Brakes,Alloy Wheel,Power Mirror,Reverse Camera,Winker Mirror,Rear Spoiler,Fog Lights,Seats Adjustment,Folding Side Mirror,Climate Control,Eco Mode,EV Mode",,"Toyota Aqua 2016 <br />Stock No: 101138<br />Mileage: 53,339 km<br /><br />Looking for a reliable, high-quality vehicle? This carefully selected Japanese import offers excellent value, comfort, and practicality.<br /><br />Every vehicle is sourced directly from Japan and selected to meet our high standards of quality and condition.<br /><br />Odometer Verified<br /><br />The odometer reading is verified through official Japanese Auction Sheets and Import Documentation, available for your reference and peace of mind.<br /><br />Price Includes:<br /><br />Roadworthy Certificate (RWC)<br />Registration<br />Transfer Fees<br /><br />Additional Services Available:<br /><br />Video Walkaround Inspections<br />Finance & Car Loan Options<br />GST Invoice Available<br />1-5 Year Extended Warranty<br />Australia-Wide Delivery Available<br /><br />Why Buy From UKA Japan Motors?<br /><br />Trusted Japanese Import Specialists<br />Quality Vehicles Direct from Japan<br />Verified Odometer Readings<br />Competitive Finance Solutions<br />Extended Warranty Options<br />Friendly & Experienced Team<br /><br /><br /><br />Mordialloc Yard<br />247 Boundary Road, Mordialloc VIC 3195<br />Phone: 03 7065 6403<br />sales.mordialloc@ukajapan.com.au<br />View Stock: www.ukajapan.com.au<br /><br />LMCT: 0012708<br /><br />Note: Vehicle specifications and features may be automatically generated by third-party platforms. Please confirm all features, options, and specifications with our sales team prior to purchase.",2,NHP10,,,False,False,False,A,True,,,2WD,5,4,,False,NHP10-2553942,Gray,VIC,06/16,08/26,,,,,,,Yes,,,False,On_Offer,0,,,,,,,,0,,,,,5
101139,Toyota,Vellfire,X,,6ZZE0ATH208044742,22995.0000,2014,114785,Van,Black,2400,Auto,Hybrid,"Power Window,Power Steering,Push Start,Power Slide Door,Air Condition,Reverse Camera,Dash Camera,Dual Zone Climate Control,Folding Side Mirro,Room Light,Nanoe Mode,Cruise Control,Leather Seats Adjustment,Seats Adjustment,Rear Spoiler,Alloy Wheels,Winker Mirror,Fog Lights",,"Toyota Vellfire 2014 <br />Stock No: 101139<br />Mileage: 114,785 km<br /><br />Looking for a reliable, high-quality vehicle? This carefully selected Japanese import offers excellent value, comfort, and practicality.<br /><br />Every vehicle is sourced directly from Japan and selected to meet our high standards of quality and condition.<br /><br />Odometer Verified<br /><br />The odometer reading is verified through official Japanese Auction Sheets and Import Documentation, available for your reference and peace of mind.<br /><br />Price Includes:<br /><br />Roadworthy Certificate (RWC)<br />Registration<br />Transfer Fees<br /><br />Additional Services Available:<br /><br />Video Walkaround Inspections<br />Finance & Car Loan Options<br />GST Invoice Available<br />15 Year Extended Warranty<br />Australia-Wide Delivery Available<br /><br />Why Buy From UKA Japan Motors?<br /><br />Trusted Japanese Import Specialists<br />Quality Vehicles Direct from Japan<br />Verified Odometer Readings<br />Competitive Finance Solutions<br />Extended Warranty Options<br />Friendly & Experienced Team<br /><br /><br /><br />Maidstone Yard<br />205 Ballarat Rd, Maidstone VIC 3012, Australiaa<br />Phone: 03 4329 0786<br />Email: sales.maidstone@ukajapan.com.au<br />View Stock: www.ukajapan.com.au<br /><br />LMCT: 4933717<br /><br />Note: Vehicle specifications and features may be automatically generated by third-party platforms. Please confirm all features, options, and specifications with our sales team prior to purchase.",1,ATH20,,21995.0000,False,False,False,A,True,,,4WD,5,4,,False,ATH20-8044742,Black,VIC,07/14,09/26,,,,,,,Yes,,,False,On_Offer,,,,,,,,,0,,,,,7
101140,Toyota,Esquire,GI,,6ZZF0ZRR800139389,19995.0000,2015,102315,Van,Black,2000,Auto,Petrol,"Power Window,Power Steering,ABS Brakes,Air Consition,Reverse Camera,Push Start,Power Slide DOors,Dual Zone Climate Control,Eco Mode,Traction Control,Cruise Control,Leather Seasr,Seats Adjustment,Rear Spoiler,Alloy Wheels,Winker Mirror,Fog Lights",,"Toyota Esquire 2015 <br />Stock No: 101140<br />Mileage: 102,315 km<br /><br />Looking for a reliable, high-quality vehicle? This carefully selected Japanese import offers excellent value, comfort, and practicality.<br /><br />Every vehicle is sourced directly from Japan and selected to meet our high standards of quality and condition.<br /><br />Odometer Verified<br /><br />The odometer reading is verified through official Japanese Auction Sheets and Import Documentation, available for your reference and peace of mind.<br /><br />Price Includes:<br /><br />Roadworthy Certificate (RWC)<br />Registration<br />Transfer Fees<br /><br />Additional Services Available:<br /><br />Video Walkaround Inspections<br />Finance & Car Loan Options<br />GST Invoice Available<br />1-5 Year Extended Warranty<br />Australia-Wide Delivery Available<br /><br />Why Buy From UKA Japan Motors?<br /><br />Trusted Japanese Import Specialists<br />Quality Vehicles Direct from Japan<br />Verified Odometer Readings<br />Competitive Finance Solutions<br />Extended Warranty Options<br />Friendly & Experienced Team<br /><br /><br /><br />Maidstone Yard<br />205 Ballarat Rd, Maidstone VIC 3012, Australiaa<br />Phone: 03 4329 0786<br />Email: sales.maidstone@ukajapan.com.au<br />View Stock: www.ukajapan.com.au<br /><br />LMCT: 0012708<br /><br />Note: Vehicle specifications and features may be automatically generated by third-party platforms. Please confirm all features, options, and specifications with our sales team prior to purchase.",1,ZRR80,,,False,False,False,A,True,,,2WD,5,4,,False,ZRR80-0139389,Black,VIC,06/15,08/26,,,,,,,Yes,,,False,On_Offer,0,,,,,,,,0,,,,,7
101141,Toyota,Aqua,S,,6ZZF0NHP106433482,13995.0000,2015,97311,Hatchback,Silver,1500,Auto,Hybrid,"Power Window,Power Steering,Air Condition,ABS Brakes,Push Start,Reverse Camera,Ev Mode,Rear Spoiler,Climate Control,Alloy Wheels,Traction Control,Eco Mode,Seats Adjustment,Folding Side Mirror,Winker Mirror",,"Toyota Aqua 2015 <br />Stock No: 101141<br />Mileage: 97,311 km<br /><br />Looking for a reliable, high-quality vehicle? This carefully selected Japanese import offers excellent value, comfort, and practicality.<br /><br />Every vehicle is sourced directly from Japan and selected to meet our high standards of quality and condition.<br /><br />Odometer Verified<br /><br />The odometer reading is verified through official Japanese Auction Sheets and Import Documentation, available for your reference and peace of mind.<br /><br />Price Includes:<br /><br />Roadworthy Certificate (RWC)<br />Registration<br />Transfer Fees<br /><br />Additional Services Available:<br /><br />Video Walkaround Inspections<br />Finance & Car Loan Options<br />GST Invoice Available<br />15 Year Extended Warranty<br />Australia-Wide Delivery Available<br /><br />Why Buy From UKA Japan Motors?<br /><br />Trusted Japanese Import Specialists<br />Quality Vehicles Direct from Japan<br />Verified Odometer Readings<br />Competitive Finance Solutions<br />Extended Warranty Options<br />Friendly & Experienced Team<br /><br />Brisbane Yard<br />33 Randall Street, Slacks Creek QLD 4127<br />Phone: 07 2147 6999<br />Email: sales.brisbane@ukajapan.com.au<br />View Stock: www.ukajapan.com.au<br /><br />LMCT: 4933717<br /><br />Note: Vehicle specifications and features may be automatically generated by third-party platforms. Please confirm all features, options, and specifications with our sales team prior to purchase.",4,NHP10,,,False,False,False,A,True,,,2,5,4,,False,NHP10-6433482,Gray,VIC,07/15,,,,,,,,Yes,,,False,On_Offer,,,,,,,,,0,,,,,5
101142,Toyota,Aqua,X,,6ZZNMXPK112064390,20995.0000,2022,75095,Hatchback,Beige,1500,Auto,Hybrid,"Power Window,Power Steering,Air Condition,ABS Brakes,Push Start,Dash Camera,Reverse Camera,Eco Mode,Traction Control,EV Mode,Keep Lane Assist,Cruise Control,Seats Adjustment,Rear Spoiler,Winker Mirror",,"Toyota Aqua 2022 <br />Stock No: 101142<br />Mileage: 75,095 km<br /><br />Looking for a reliable, high-quality vehicle? This carefully selected Japanese import offers excellent value, comfort, and practicality.<br /><br />Every vehicle is sourced directly from Japan and selected to meet our high standards of quality and condition.<br /><br />Odometer Verified<br /><br />The odometer reading is verified through official Japanese Auction Sheets and Import Documentation, available for your reference and peace of mind.<br /><br />Price Includes:<br /><br />Roadworthy Certificate (RWC)<br />Registration<br />Transfer Fees<br /><br />Additional Services Available:<br /><br />Video Walkaround Inspections<br />Finance & Car Loan Options<br />GST Invoice Available<br />1-5 Year Extended Warranty<br />Australia-Wide Delivery Available<br /><br />Why Buy From UKA Japan Motors?<br /><br />Trusted Japanese Import Specialists<br />Quality Vehicles Direct from Japan<br />Verified Odometer Readings<br />Competitive Finance Solutions<br />Extended Warranty Options<br />Friendly & Experienced Team<br /><br /><br /><br />Maidstone Yard<br />205 Ballarat Rd, Maidstone VIC 3012, Australiaa<br />Phone: 03 4329 0786<br />Email: sales.maidstone@ukajapan.com.au<br />View Stock: www.ukajapan.com.au<br /><br />LMCT: 0012708<br /><br />Note: Vehicle specifications and features may be automatically generated by third-party platforms. Please confirm all features, options, and specifications with our sales team prior to purchase.",1,MXPK11,,,False,False,False,A,True,,,2WD,5,4,,False,MXPK11-2064390,Gray,VIC,05/22,08/26,,,,,,,Yes,,,False,In_Stock,0,,,,,,,,0,,,,,5
101144,Toyota,Estima,X,,6ZZB0AHR207060726,16995.0000,2011,117694,Van,Black,2400,Auto,Hybrid,"Power Window,Power Steering,Air Condition,Alloy wheels,Power Slide Doors,Cruise Control,Power Mirror Control,Power Slide Door,Reverse Camera,Dual Zone Climate Control,Snow Mode,EV Mode,Seats Adjustment,Winker Mirror,Rear Spoiler,Alloy Wheels,E-Four,Fog Lights",,"Welcome to UKA Japan Motors Australia<br />With nearly 25 years of experience in the automotive industry, NJ Japan Motors is proudly trusted across multiple countries for our outstanding customer service and quality vehicles. We specialise in a wide range of carefully selected, used Japanese-imported cars — all inspected and ready for Australian roads.<br /><br />🚗 This Vehicle is Currently IN TRANSIT<br />Enquire now to secure it before arrival.<br /><br /><br />📍 Visit Us:<br /><br />MAIDSTONE<br /><br />📞 Call Us : 03 4329 0786 or 1800 006 256<br />📧 Email   : sales.maidstone@ukajapan.com.au<br />📍205 Ballarat Road, Maidstone, Victoria 3012<br /><br />MORDIALLOC<br /><br />📞 Call Us :03 7065 6403 Or 1800 006 256<br />📧 Email   :sales.mordialloc@ukajapan.com.au<br />📍 247 Boundary Road, Mordialloc VIC 3195<br /><br />BRISBANE<br /><br />📞 Call Us : 07 2147 6999 Or 1800 006 256<br />📧 Email   : sales.brisbane@ukajapan.com.au<br />📍 33 Randall St, Slacks Creek, QLD 4127<br /><br /><br />🌐 Browse Our Stock: www.ukajapan.com.au<br /> <br />LMCT: 12702",1,AHR20,,,False,False,False,A,True,,,2WD,5,4,,False,AHR20-7060726,Beige,VIC,12/11,08/26,,,,,,,Yes,,,False,In_Stock,0,,,,,,,,0,,,,,7
101146,Honda,Vezel,HYBRID X HONDA SENSING,,6ZZJ000RU31302709,21995.0000,2018,83241,SUV,Pearl White,1500,Auto,Hybrid,"Power Window,Power Steering,Air Condition,Cruise Control,Push Start,Reverse Camera,Ev Mode,Sports Mode,Climate Control,Keep Lane Assist,Folding Side Mirror,Alloy Wheels,Seats Adjustment,Collision Brakes,Traction Control,Rear Spoiler,Fog Lights,Winker Mirror",,"Honda Vezel 2018 <br />Stock No: 101146<br />Mileage: 83,241 km<br /><br />Looking for a reliable, high-quality vehicle? This carefully selected Japanese import offers excellent value, comfort, and practicality.<br /><br />Every vehicle is sourced directly from Japan and selected to meet our high standards of quality and condition.<br /><br />Odometer Verified<br /><br />The odometer reading is verified through official Japanese Auction Sheets and Import Documentation, available for your reference and peace of mind.<br /><br />Price Includes:<br /><br />Roadworthy Certificate (RWC)<br />Registration<br />Transfer Fees<br /><br />Additional Services Available:<br /><br />Video Walkaround Inspections<br />Finance & Car Loan Options<br />GST Invoice Available<br />15 Year Extended Warranty<br />Australia-Wide Delivery Available<br /><br />Why Buy From UKA Japan Motors?<br /><br />Trusted Japanese Import Specialists<br />Quality Vehicles Direct from Japan<br />Verified Odometer Readings<br />Competitive Finance Solutions<br />Extended Warranty Options<br />Friendly & Experienced Team<br /><br />Brisbane Yard<br />33 Randall Street, Slacks Creek QLD 4127<br />Phone: 07 2147 6999<br />Email: sales.brisbane@ukajapan.com.au<br />View Stock: www.ukajapan.com.au<br /><br />LMCT: 4933717<br /><br />Note: Vehicle specifications and features may be automatically generated by third-party platforms. Please confirm all features, options, and specifications with our sales team prior to purchase.",4,RU3,,,False,False,False,A,True,,,2WD,5,4,,False,RU3-1302709,Gray,VIC,02/18,,,,,,,,Yes,,,False,In_Stock,,,,,,,,,0,,,,,5
101148,Toyota,Aqua,S,,6ZZF0NHP106424763,,2015,95500,Hatchback,Silver,1500,Auto,Hybrid,"Power Steering,Power Window,Winker Mirror,ABS Brakes,Air Condition,Push Start",,"Welcome to UKA Japan Motors Australia<br />With nearly 25 years of experience in the automotive industry, NJ Japan Motors is proudly trusted across multiple countries for our outstanding customer service and quality vehicles. We specialise in a wide range of carefully selected, used Japanese-imported cars — all inspected and ready for Australian roads.<br /><br />🚗 This Vehicle is Currently IN TRANSIT<br />Enquire now to secure it before arrival.<br /><br /><br />📍 Visit Us:<br /><br />MAIDSTONE<br /><br />📞 Call Us : 03 4329 0786 or 1800 006 256<br />📧 Email   : sales.maidstone@ukajapan.com.au<br />📍205 Ballarat Road, Maidstone, Victoria 3012<br /><br />MORDIALLOC<br /><br />📞 Call Us :03 7065 6403 Or 1800 006 256<br />📧 Email   :sales.mordialloc@ukajapan.com.au<br />📍 247 Boundary Road, Mordialloc VIC 3195<br /><br />BRISBANE<br /><br />📞 Call Us : 07 2147 6999 Or 1800 006 256<br />📧 Email   : sales.brisbane@ukajapan.com.au<br />📍 33 Randall St, Slacks Creek, QLD 4127<br /><br /><br />🌐 Browse Our Stock: www.ukajapan.com.au<br /> <br />LMCT: 12702",2,NHP10,,,False,False,False,A,True,,,2WD,5,4,,False,NHP10-6424763,Gray,VIC,06/15,,,,,,,,Yes,,,False,On_Order,,,,,,,,,0,,,,,5
101149,Toyota,Voxy,,,6ZZG0ZRR800223800,16995.0000,2016,93664,VAN,Silver,2000,Auto,Petrol,"Power Streeing,Power Window,Winker Mirror,ABS Brakes,Air Condition,Push Start,Dual Zone Climate Control,Reverse Camera,Eco Mode,Traction Control,Keep Lane Assist,Collision Brakes,Power Slide Doors,Seats Adjustment,Alloy Wheels",,"Welcome to UKA Japan Motors Australia<br />With nearly 25 years of experience in the automotive industry, NJ Japan Motors is proudly trusted across multiple countries for our outstanding customer service and quality vehicles. We specialise in a wide range of carefully selected, used Japanese-imported cars — all inspected and ready for Australian roads.<br /><br />🚗 This Vehicle is Currently IN TRANSIT<br />Enquire now to secure it before arrival.<br /><br /><br />📍 Visit Us:<br /><br />MAIDSTONE<br /><br />📞 Call Us : 03 4329 0786 or 1800 006 256<br />📧 Email   : sales.maidstone@ukajapan.com.au<br />📍205 Ballarat Road, Maidstone, Victoria 3012<br /><br />MORDIALLOC<br /><br />📞 Call Us :03 7065 6403 Or 1800 006 256<br />📧 Email   :sales.mordialloc@ukajapan.com.au<br />📍 247 Boundary Road, Mordialloc VIC 3195<br /><br />BRISBANE<br /><br />📞 Call Us : 07 2147 6999 Or 1800 006 256<br />📧 Email   : sales.brisbane@ukajapan.com.au<br />📍 33 Randall St, Slacks Creek, QLD 4127<br /><br /><br />🌐 Browse Our Stock: www.ukajapan.com.au<br /> <br />LMCT: 12702",1,ZRR80,,,False,False,False,A,True,,,2WD,5,4,,False,ZRR80-0223800,Gray,VIC,05/16,08/26,,,,,,,Yes,,,False,On_Offer,0,,,,,,,,0,,,,,8
101151,Nissan,Serena,HIGHWAY STAR V-SELECT,,6ZZJ00GFC27098387,,2018,100274,Van,Pearl White,2000,Auto,Hybrid,"Power Window,Power Steering,Air Condition,ABS Brakes,Power Slide Doors",,"Welcome to UKA Japan Motors Australia<br />With nearly 25 years of experience in the automotive industry, NJ Japan Motors is proudly trusted across multiple countries for our outstanding customer service and quality vehicles. We specialise in a wide range of carefully selected, used Japanese-imported cars — all inspected and ready for Australian roads.<br /><br />🚗 This Vehicle is Currently IN TRANSIT<br />Enquire now to secure it before arrival.<br /><br /><br />📍 Visit Us:<br /><br />MAIDSTONE<br /><br />📞 Call Us : 03 4329 0786 or 1800 006 256<br />📧 Email   : sales.maidstone@ukajapan.com.au<br />📍205 Ballarat Road, Maidstone, Victoria 3012<br /><br />MORDIALLOC<br /><br />📞 Call Us :03 7065 6403 Or 1800 006 256<br />📧 Email   :sales.mordialloc@ukajapan.com.au<br />📍 247 Boundary Road, Mordialloc VIC 3195<br /><br />BRISBANE<br /><br />📞 Call Us : 07 2147 6999 Or 1800 006 256<br />📧 Email   : sales.brisbane@ukajapan.com.au<br />📍 33 Randall St, Slacks Creek, QLD 4127<br /><br /><br />🌐 Browse Our Stock: www.ukajapan.com.au<br /> <br />LMCT: 12702",1,GFC27,,,False,False,False,A,True,,,2WD,5,4,,False,GFC27-098387,Gray,VIC,07/18,,,,,,,,Yes,,,False,On_Order,,,,,,,,,0,,,,,8
101152,Toyota,Voxy,ZS KIRAMEKI,,6ZZF0ZRR800182938,,2015,85245,Van,Pearl White,2000,Auto,Petrol,"Power Window,Power Steering,Air Condition,ABS Brakes",,"Welcome to UKA Japan Motors Australia<br />With nearly 25 years of experience in the automotive industry, NJ Japan Motors is proudly trusted across multiple countries for our outstanding customer service and quality vehicles. We specialise in a wide range of carefully selected, used Japanese-imported cars — all inspected and ready for Australian roads.<br /><br />🚗 This Vehicle is Currently IN TRANSIT<br />Enquire now to secure it before arrival.<br /><br /><br />📍 Visit Us:<br /><br />MAIDSTONE<br /><br />📞 Call Us : 03 4329 0786 or 1800 006 256<br />📧 Email   : sales.maidstone@ukajapan.com.au<br />📍205 Ballarat Road, Maidstone, Victoria 3012<br /><br />MORDIALLOC<br /><br />📞 Call Us :03 7065 6403 Or 1800 006 256<br />📧 Email   :sales.mordialloc@ukajapan.com.au<br />📍 247 Boundary Road, Mordialloc VIC 3195<br /><br />BRISBANE<br /><br />📞 Call Us : 07 2147 6999 Or 1800 006 256<br />📧 Email   : sales.brisbane@ukajapan.com.au<br />📍 33 Randall St, Slacks Creek, QLD 4127<br /><br /><br />🌐 Browse Our Stock: www.ukajapan.com.au<br /> <br />LMCT: 12702",4,ZRR80,,,False,False,False,A,True,,,2WD,5,4,,False,ZRR80-0182938,Gray,VIC,07/18,,,,,,,,Yes,,,False,On_Order,,,,,,,,,0,,,,,7
101153,Toyota,Crown,ROYAL SALOON,,6ZZ8GRS2020011633,,2008,81450,Sedan,Silver,3000,Auto,Petrol,"Power Window,Power Steering,Alloy Wheel,Air Condition,Reverse Camera,Power Seats,Push Start",,"Welcome to UKA Japan Motors Australia<br />With nearly 25 years of experience in the automotive industry, NJ Japan Motors is proudly trusted across multiple countries for our outstanding customer service and quality vehicles. We specialise in a wide range of carefully selected, used Japanese-imported cars — all inspected and ready for Australian roads.<br /><br />🚗 This Vehicle is Currently IN TRANSIT<br />Enquire now to secure it before arrival.<br /><br /><br />📍 Visit Us:<br /><br />MAIDSTONE<br /><br />📞 Call Us : 03 4329 0786 or 1800 006 256<br />📧 Email   : sales.maidstone@ukajapan.com.au<br />📍205 Ballarat Road, Maidstone, Victoria 3012<br /><br />MORDIALLOC<br /><br />📞 Call Us :03 7065 6403 Or 1800 006 256<br />📧 Email   :sales.mordialloc@ukajapan.com.au<br />📍 247 Boundary Road, Mordialloc VIC 3195<br /><br />BRISBANE<br /><br />📞 Call Us : 07 2147 6999 Or 1800 006 256<br />📧 Email   : sales.brisbane@ukajapan.com.au<br />📍 33 Randall St, Slacks Creek, QLD 4127<br /><br /><br />🌐 Browse Our Stock: www.ukajapan.com.au<br /> <br />LMCT: 12702",2,GRS202,,,False,False,False,A,True,,,2WD,4,6,,False,GRS202-0011633,Gray,VIC,07/08,,,,,,,,Yes,,,False,On_Order,,,,,,,,,0,,,,,5
101154,Toyota,Aqua,S,,6ZZG0NHP102583720,,2016,98334,Hatchback,Pearl White,1500,Auto,Hybrid,"Power Window,Power Steering,Air Condition,Push Start",,"Welcome to UKA Japan Motors Australia<br />With nearly 25 years of experience in the automotive industry, NJ Japan Motors is proudly trusted across multiple countries for our outstanding customer service and quality vehicles. We specialise in a wide range of carefully selected, used Japanese-imported cars — all inspected and ready for Australian roads.<br /><br />🚗 This Vehicle is Currently IN TRANSIT<br />Enquire now to secure it before arrival.<br /><br /><br />📍 Visit Us:<br /><br />MAIDSTONE<br /><br />📞 Call Us : 03 4329 0786 or 1800 006 256<br />📧 Email   : sales.maidstone@ukajapan.com.au<br />📍205 Ballarat Road, Maidstone, Victoria 3012<br /><br />MORDIALLOC<br /><br />📞 Call Us :03 7065 6403 Or 1800 006 256<br />📧 Email   :sales.mordialloc@ukajapan.com.au<br />📍 247 Boundary Road, Mordialloc VIC 3195<br /><br />BRISBANE<br /><br />📞 Call Us : 07 2147 6999 Or 1800 006 256<br />📧 Email   : sales.brisbane@ukajapan.com.au<br />📍 33 Randall St, Slacks Creek, QLD 4127<br /><br /><br />🌐 Browse Our Stock: www.ukajapan.com.au<br /> <br />LMCT: 12702",2,NHP10,,,False,False,False,A,True,,,2WD,5,4,,False,NHP10-2583720,Gray,,10/16,,,,,,,,Yes,,,False,On_Order,,,,,,,,,0,,,,,5
101155,Toyota,Crown,Royal Saloon G,,6ZZBGRS2021008553,15459.0000,2011,72537,Sedan,Silver,3000,Auto,Petrol,"Power Window,Power Steering,Air Condition,ABS Brakes,Push Start,Electric Seats Adjustment,Winker Mirror,Alloy Wheels,Reverse Camera,Sport Mode,Snow Mode,Eco Mode,Traction Control,Power Mirror Control,Memory Seats,ODO Trip,Cruise Control,Sunroof,Folding Side Mirror,Fog Lights",,"Toyota Crown 2011 <br />Stock No: 101155<br />Mileage: 72,537 km<br /><br /><br />Looking for a reliable, high-quality vehicle? This carefully selected Japanese import offers excellent value, comfort, and practicality.<br /><br />Every vehicle is sourced directly from Japan and selected to meet our high standards of quality and condition.<br /><br />Odometer Verified<br /><br />The odometer reading is verified through official Japanese Auction Sheets and Import Documentation, available for your reference and peace of mind.<br /><br />Price Includes:<br /><br />Roadworthy Certificate (RWC)<br />Registration<br />Transfer Fees<br /><br />Additional Services Available:<br /><br />Video Walkaround Inspections<br />Finance & Car Loan Options<br />GST Invoice Available<br />1-5 Year Extended Warranty<br />Australia-Wide Delivery Available<br /><br />Why Buy From UKA Japan Motors?<br /><br />Trusted Japanese Import Specialists<br />Quality Vehicles Direct from Japan<br />Verified Odometer Readings<br />Competitive Finance Solutions<br />Extended Warranty Options<br />Friendly & Experienced Team<br /><br /><br /><br />Mordialloc Yard<br />247 Boundary Road, Mordialloc VIC 3195<br />Phone: 03 7065 6403<br />sales.mordialloc@ukajapan.com.au<br />View Stock: www.ukajapan.com.au<br /><br />LMCT: 0012708<br /><br />Note: Vehicle specifications and features may be automatically generated by third-party platforms. Please confirm all features, options, and specifications with our sales team prior to purchase.",2,GRS202,,,False,False,False,A,True,,,2WD,4,6,,False,GRS202-1008553,Beige,QLD,07/11,00/00,,,,,,,Yes,,,False,In_Stock,000000,,,,,,,,0,,,,,5
101156,Toyota,Aqua,S,,6ZZG0NHP106495153,,2016,84316,Hatchback,Gray,1500,Auto,Hybrid,"Power Window,Power Steering,Air Condition,Push Start",,"Welcome to UKA Japan Motors Australia<br />With nearly 25 years of experience in the automotive industry, NJ Japan Motors is proudly trusted across multiple countries for our outstanding customer service and quality vehicles. We specialise in a wide range of carefully selected, used Japanese-imported cars — all inspected and ready for Australian roads.<br /><br />🚗 This Vehicle is Currently IN TRANSIT<br />Enquire now to secure it before arrival.<br /><br /><br />📍 Visit Us:<br /><br />MAIDSTONE<br /><br />📞 Call Us : 03 4329 0786 or 1800 006 256<br />📧 Email   : sales.maidstone@ukajapan.com.au<br />📍205 Ballarat Road, Maidstone, Victoria 3012<br /><br />MORDIALLOC<br /><br />📞 Call Us :03 7065 6403 Or 1800 006 256<br />📧 Email   :sales.mordialloc@ukajapan.com.au<br />📍 247 Boundary Road, Mordialloc VIC 3195<br /><br />BRISBANE<br /><br />📞 Call Us : 07 2147 6999 Or 1800 006 256<br />📧 Email   : sales.brisbane@ukajapan.com.au<br />📍 33 Randall St, Slacks Creek, QLD 4127<br /><br /><br />🌐 Browse Our Stock: www.ukajapan.com.au<br /> <br />LMCT: 12702",4,NHP10,,,False,False,False,A,True,,,2WD,5,4,,False,NHP10-6495153,Gray,VIC,03/16,,,,,,,,Yes,,,False,On_Order,,,,,,,,,0,,,,,5
101157,Toyota,Aqua,S,,6ZZF0NHP106478989,,2015,94647,Hatchback,Silver,1500,Auto,Hybrid,"Power Window,Powe Steering,Air Condition,ABS Brakes,Push Start",,"Welcome to UKA Japan Motors Australia<br />With nearly 25 years of experience in the automotive industry, NJ Japan Motors is proudly trusted across multiple countries for our outstanding customer service and quality vehicles. We specialise in a wide range of carefully selected, used Japanese-imported cars — all inspected and ready for Australian roads.<br /><br />🚗 This Vehicle is Currently IN TRANSIT<br />Enquire now to secure it before arrival.<br /><br /><br />📍 Visit Us:<br /><br />MAIDSTONE<br /><br />📞 Call Us : 03 4329 0786 or 1800 006 256<br />📧 Email   : sales.maidstone@ukajapan.com.au<br />📍205 Ballarat Road, Maidstone, Victoria 3012<br /><br />MORDIALLOC<br /><br />📞 Call Us :03 7065 6403 Or 1800 006 256<br />📧 Email   :sales.mordialloc@ukajapan.com.au<br />📍 247 Boundary Road, Mordialloc VIC 3195<br /><br />BRISBANE<br /><br />📞 Call Us : 07 2147 6999 Or 1800 006 256<br />📧 Email   : sales.brisbane@ukajapan.com.au<br />📍 33 Randall St, Slacks Creek, QLD 4127<br /><br /><br />🌐 Browse Our Stock: www.ukajapan.com.au<br /> <br />LMCT: 12702",2,NHP10,,,False,False,False,A,True,,,2WD,5,4,,False,NHP10-6478989,Gray,VIC,12/15,,,,,,,,Yes,,,False,On_Order,,,,,,,,,0,,,,,5
101158,Toyota,Estima,2.4 AERAS G EDITION,,6ZZB0ACR557021648,,2011,113601,Van,Pearl White,2400,Auto,Petrol,"Power Window,Power Steering,Air Condition,ABS Brakes,Push Start",,"Toyota Estima 2011 <br />Stock No: 101158<br />Mileage: 113,601 km<br /><br />Looking for a reliable, high-quality vehicle? This carefully selected Japanese import offers excellent value, comfort, and practicality.<br /><br />Every vehicle is sourced directly from Japan and selected to meet our high standards of quality and condition.<br /><br />Odometer Verified<br /><br />The odometer reading is verified through official Japanese Auction Sheets and Import Documentation, available for your reference and peace of mind.<br /><br />Price Includes:<br /><br />Roadworthy Certificate (RWC)<br />Registration<br />Transfer Fees<br /><br />Additional Services Available:<br /><br />Video Walkaround Inspections<br />Finance & Car Loan Options<br />GST Invoice Available<br />1-5 Year Extended Warranty<br />Australia-Wide Delivery Available<br /><br />Why Buy From UKA Japan Motors?<br /><br />Trusted Japanese Import Specialists<br />Quality Vehicles Direct from Japan<br />Verified Odometer Readings<br />Competitive Finance Solutions<br />Extended Warranty Options<br />Friendly & Experienced Team<br /><br /><br /><br />Mordialloc Yard<br />247 Boundary Road, Mordialloc VIC 3195<br />Phone: 03 7065 6403<br />sales.mordialloc@ukajapan.com.au<br />View Stock: www.ukajapan.com.au<br /><br />LMCT: 0012708<br /><br />Note: Vehicle specifications and features may be automatically generated by third-party platforms. Please confirm all features, options, and specifications with our sales team prior to purchase.",2,ACR55,,,False,False,False,A,True,,,4WD,5,4,,False,ACR55-7021648,Gray,VIC,05/11,,,,,,,,Yes,,,False,In_Stock,,,,,,,,,0,,,,,7
101159,Toyota,Aqua,S,,6ZZF0NHP106451061,,2015,86208,Hatchback,Silver,1500,Auto,Hybrid,"Power Window,Power Steering,Air Condition,ABS Brakes",,"Welcome to UKA Japan Motors Australia<br />With nearly 25 years of experience in the automotive industry, NJ Japan Motors is proudly trusted across multiple countries for our outstanding customer service and quality vehicles. We specialise in a wide range of carefully selected, used Japanese-imported cars — all inspected and ready for Australian roads.<br /><br />🚗 This Vehicle is Currently IN TRANSIT<br />Enquire now to secure it before arrival.<br /><br /><br />📍 Visit Us:<br /><br />MAIDSTONE<br /><br />📞 Call Us : 03 4329 0786 or 1800 006 256<br />📧 Email   : sales.maidstone@ukajapan.com.au<br />📍205 Ballarat Road, Maidstone, Victoria 3012<br /><br />MORDIALLOC<br /><br />📞 Call Us :03 7065 6403 Or 1800 006 256<br />📧 Email   :sales.mordialloc@ukajapan.com.au<br />📍 247 Boundary Road, Mordialloc VIC 3195<br /><br />BRISBANE<br /><br />📞 Call Us : 07 2147 6999 Or 1800 006 256<br />📧 Email   : sales.brisbane@ukajapan.com.au<br />📍 33 Randall St, Slacks Creek, QLD 4127<br /><br /><br />🌐 Browse Our Stock: www.ukajapan.com.au<br /> <br />LMCT: 12702",1,NHP10,,,False,False,False,A,True,,,2WD,5,4,,False,NHP10-6451061,Gray,VIC,08/15,,,,,,,,Yes,,,False,On_Order,,,,,,,,,0,,,,,5
101160,Toyota,Prius Alpha,Welcab,,6ZZD0ZVW413237471,,2013,68088,Station Wagon,Gray,1800,Auto,Hybrid,"Power Window,Power Steering,Air Condition,ABS Brakes,Push Start",,"Welcome to UKA Japan Motors Australia<br />With nearly 25 years of experience in the automotive industry, NJ Japan Motors is proudly trusted across multiple countries for our outstanding customer service and quality vehicles. We specialise in a wide range of carefully selected, used Japanese-imported cars — all inspected and ready for Australian roads.<br /><br />🚗 This Vehicle is Currently IN TRANSIT<br />Enquire now to secure it before arrival.<br /><br /><br />📍 Visit Us:<br /><br />MAIDSTONE<br /><br />📞 Call Us : 03 4329 0786 or 1800 006 256<br />📧 Email   : sales.maidstone@ukajapan.com.au<br />📍205 Ballarat Road, Maidstone, Victoria 3012<br /><br />MORDIALLOC<br /><br />📞 Call Us :03 7065 6403 Or 1800 006 256<br />📧 Email   :sales.mordialloc@ukajapan.com.au<br />📍 247 Boundary Road, Mordialloc VIC 3195<br /><br />BRISBANE<br /><br />📞 Call Us : 07 2147 6999 Or 1800 006 256<br />📧 Email   : sales.brisbane@ukajapan.com.au<br />📍 33 Randall St, Slacks Creek, QLD 4127<br /><br /><br />🌐 Browse Our Stock: www.ukajapan.com.au<br /> <br />LMCT: 12702",1,ZVW41,,,False,False,False,A,True,,,2WD,5,4,,False,ZVW41-3237471,ZVW41-3237471,VIC,02/13,,,,,,,,Yes,,,False,On_Order,,,,,,,,,0,,,,,5
101161,Nissan,Serena,XV SELECTION2,,6ZZK000GC27042315,,2019,90330,Van,Blue,2000,Auto,Hybrid,"Power Window,Power Steering,Air Condition,Push Start,Power Slide Doors",,"Nissan Serena 2019 <br />Stock No: 101161<br />Mileage: 90,330 km<br /><br />Looking for a reliable, high-quality vehicle? This carefully selected Japanese import offers excellent value, comfort, and practicality.<br /><br />Every vehicle is sourced directly from Japan and selected to meet our high standards of quality and condition.<br /><br />Odometer Verified<br /><br />The odometer reading is verified through official Japanese Auction Sheets and Import Documentation, available for your reference and peace of mind.<br /><br />Price Includes:<br /><br />Roadworthy Certificate (RWC)<br />Registration<br />Transfer Fees<br /><br />Additional Services Available:<br /><br />Video Walkaround Inspections<br />Finance & Car Loan Options<br />GST Invoice Available<br />1-5 Year Extended Warranty<br />Australia-Wide Delivery Available<br /><br />Why Buy From UKA Japan Motors?<br /><br />Trusted Japanese Import Specialists<br />Quality Vehicles Direct from Japan<br />Verified Odometer Readings<br />Competitive Finance Solutions<br />Extended Warranty Options<br />Friendly & Experienced Team<br /><br /><br /><br />Maidstone Yard<br />205 Ballarat Rd, Maidstone VIC 3012, Australiaa<br />Phone: 03 4329 0786<br />Email: sales.maidstone@ukajapan.com.au<br />View Stock: www.ukajapan.com.au<br /><br />LMCT: 0012708<br /><br />Note: Vehicle specifications and features may be automatically generated by third-party platforms. Please confirm all features, options, and specifications with our sales team prior to purchase.",1,GC27,,,False,False,False,A,True,,,2WD,5,4,,False,GC27-042315,Gray,VIC,09/19,,,,,,,,Yes,,,False,In_Stock,,,,,,,,,0,,,,,8
101162,Toyota,Aqua,S,,6ZZG0NHP102516616,,2016,99962,Hatchback,Red,1500,Auto,Hybrid,"Power Window,Power Steering,Air Condition,ABS Brakes,Power Mirror,Push Start",,"Toyota Aqua 2016 <br />Stock No: 101162<br />Mileage: 99,962 km<br /><br />Looking for a reliable, high-quality vehicle? This carefully selected Japanese import offers excellent value, comfort, and practicality.<br /><br />Every vehicle is sourced directly from Japan and selected to meet our high standards of quality and condition.<br /><br />Odometer Verified<br /><br />The odometer reading is verified through official Japanese Auction Sheets and Import Documentation, available for your reference and peace of mind.<br /><br />Price Includes:<br /><br />Roadworthy Certificate (RWC)<br />Registration<br />Transfer Fees<br /><br />Additional Services Available:<br /><br />Video Walkaround Inspections<br />Finance & Car Loan Options<br />GST Invoice Available<br />1-5 Year Extended Warranty<br />Australia-Wide Delivery Available<br /><br />Why Buy From UKA Japan Motors?<br /><br />Trusted Japanese Import Specialists<br />Quality Vehicles Direct from Japan<br />Verified Odometer Readings<br />Competitive Finance Solutions<br />Extended Warranty Options<br />Friendly & Experienced Team<br /><br /><br /><br />Mordialloc Yard<br />247 Boundary Road, Mordialloc VIC 3195<br />Phone: 03 7065 6403<br />sales.mordialloc@ukajapan.com.au<br />View Stock: www.ukajapan.com.au<br /><br />LMCT: 0012708<br /><br />Note: Vehicle specifications and features may be automatically generated by third-party platforms. Please confirm all features, options, and specifications with our sales team prior to purchase.",2,NHP10,,,False,False,False,A,True,,,2WD,5,4,,False,NHP10-2516616,Gray,QLD,02/16,,,,,,,,Yes,,,False,In_Stock,,,,,,,,,0,,,,,5
101163,Toyota,Voxy,ZS,,6ZZE0ZRR800014280,,2014,100893,Van,Black,2000,Auto,Petrol,"Power Window,Power Steering,Air Condition,Push Start,Reverse Camera,Power Slide Doors,ABS Brakes",,"Toyota Voxy 2014 <br />Stock No: 101163<br />Mileage: 100,893 km<br /><br />Looking for a reliable, high-quality vehicle? This carefully selected Japanese import offers excellent value, comfort, and practicality.<br /><br />Every vehicle is sourced directly from Japan and selected to meet our high standards of quality and condition.<br /><br />Odometer Verified<br /><br />The odometer reading is verified through official Japanese Auction Sheets and Import Documentation, available for your reference and peace of mind.<br /><br />Price Includes:<br /><br />Roadworthy Certificate (RWC)<br />Registration<br />Transfer Fees<br /><br />Additional Services Available:<br /><br />Video Walkaround Inspections<br />Finance & Car Loan Options<br />GST Invoice Available<br />1-5 Year Extended Warranty<br />Australia-Wide Delivery Available<br /><br />Why Buy From UKA Japan Motors?<br /><br />Trusted Japanese Import Specialists<br />Quality Vehicles Direct from Japan<br />Verified Odometer Readings<br />Competitive Finance Solutions<br />Extended Warranty Options<br />Friendly & Experienced Team<br /><br /><br /><br />Mordialloc Yard<br />247 Boundary Road, Mordialloc VIC 3195<br />Phone: 03 7065 6403<br />sales.mordialloc@ukajapan.com.au<br />View Stock: www.ukajapan.com.au<br /><br />LMCT: 0012708<br /><br />Note: Vehicle specifications and features may be automatically generated by third-party platforms. Please confirm all features, options, and specifications with our sales team prior to purchase.",1,ZRR80,,,False,False,False,A,True,,,2WD,5,4,,False,ZRR80-0014280,Gray,VIC,02/14,,,,,,,,Yes,,,False,In_Stock,,,,,,,,,0,,,,,7
101164,Toyota,Aqua,S,,6ZZF0NHP106389603,,2015,82317,Hatchback,Silver,1500,Auto,Hybrid,"Power Window,Power Steering,Air Condition,ABS Brakes,Push Start,Reverse Camera",,"Welcome to UKA Japan Motors Australia<br />With nearly 25 years of experience in the automotive industry, NJ Japan Motors is proudly trusted across multiple countries for our outstanding customer service and quality vehicles. We specialise in a wide range of carefully selected, used Japanese-imported cars — all inspected and ready for Australian roads.<br /><br />🚗 This Vehicle is Currently IN TRANSIT<br />Enquire now to secure it before arrival.<br /><br /><br />📍 Visit Us:<br /><br />MAIDSTONE<br /><br />📞 Call Us : 03 4329 0786 or 1800 006 256<br />📧 Email   : sales.maidstone@ukajapan.com.au<br />📍205 Ballarat Road, Maidstone, Victoria 3012<br /><br />MORDIALLOC<br /><br />📞 Call Us :03 7065 6403 Or 1800 006 256<br />📧 Email   :sales.mordialloc@ukajapan.com.au<br />📍 247 Boundary Road, Mordialloc VIC 3195<br /><br />BRISBANE<br /><br />📞 Call Us : 07 2147 6999 Or 1800 006 256<br />📧 Email   : sales.brisbane@ukajapan.com.au<br />📍 33 Randall St, Slacks Creek, QLD 4127<br /><br /><br />🌐 Browse Our Stock: www.ukajapan.com.au<br /> <br />LMCT: 12702",4,NHP10,,,False,False,False,A,True,,,2WD,5,4,,False,NHP10-6389603,Gray,QLD,03/15,,,,,,,,Yes,,,False,On_Order,,,,,,,,,0,,,,,5
101165,Nissan,Serena,Highway Star,,6ZZK00GFC27131832,,2019,94940,Van,Red,2000,Auto,Petrol,"Power WIndow,Power Steering,Pudsh Start,Power Slide Doors,Air COndition,ABS Brakes,Alloy Wheels",,"Welcome to UKA Japan Motors Australia<br />With nearly 25 years of experience in the automotive industry, NJ Japan Motors is proudly trusted across multiple countries for our outstanding customer service and quality vehicles. We specialise in a wide range of carefully selected, used Japanese-imported cars — all inspected and ready for Australian roads.<br /><br />🚗 This Vehicle is Currently IN TRANSIT<br />Enquire now to secure it before arrival.<br /><br /><br />📍 Visit Us:<br /><br />MAIDSTONE<br /><br />📞 Call Us : 03 4329 0786 or 1800 006 256<br />📧 Email   : sales.maidstone@ukajapan.com.au<br />📍205 Ballarat Road, Maidstone, Victoria 3012<br /><br />MORDIALLOC<br /><br />📞 Call Us :03 7065 6403 Or 1800 006 256<br />📧 Email   :sales.mordialloc@ukajapan.com.au<br />📍 247 Boundary Road, Mordialloc VIC 3195<br /><br />BRISBANE<br /><br />📞 Call Us : 07 2147 6999 Or 1800 006 256<br />📧 Email   : sales.brisbane@ukajapan.com.au<br />📍 33 Randall St, Slacks Creek, QLD 4127<br /><br /><br />🌐 Browse Our Stock: www.ukajapan.com.au<br /> <br />LMCT: 12702",4,GFC27,,,False,False,False,A,True,,,2WD,5,4,,False,GFC27-131832,Gray,QLD,07/19,,,,,,,,Yes,,,False,On_Order,,,,,,,,,0,,,,,8
101166,Lexus,LS,LS460 VERSION U I PACKAGE,,6ZZ60USF405012714,,2006,95870,Sedan,Black,4600,Auto,Petrol,"Power Window,Power Steering,Air Condition,Push Start,ABS RBakes,Power Slide Doors,Cruise Control",,"Welcome to NJ Japan Motors Australia<br />With nearly 25 years of experience in the automotive industry, NJ Japan Motors is proudly trusted across multiple countries for our outstanding customer service and quality vehicles. We specialise in a wide range of carefully selected, used Japanese-imported cars — all inspected and ready for Australian roads.<br /><br />🚗 This Vehicle is Currently IN TRANSIT<br />Enquire now to secure it before arrival.<br /><br />📍 Visit Us:<br />38 Wallace Avenue, Point Cook, Victoria 3030<br />205 Ballarat Road, Maidstone, Victoria 3012<br />247 Boundary Road, Mordialloc VIC 3195<br />33 Randall St, Slacks Creek, QLD 4127<br /><br />📞 Call Us: +61 3 7044 8094 or +61 3 4329 0786<br />📧 Email: sales@njmotors.com.au<br />🌐 Browse Our Stock: www.njmotors.com.au<br /> <br />LMCT: 12702",4,USF40,,,False,False,False,A,True,,,2WD,4,8,,False,USF40-5012714,Black,QLD,11/06,,,,,,,,Yes,,,False,On_Order,,,,,,,,,0,,,,,5
101167,Toyota,Aqua,G,,6ZZG0NHP102526417,,2016,82546,Hatchback,Pearl White,1500,Auto,Hybrid,"Power Window,Power Steering,Power Condition,Push Start,Winker Mirror",,"Welcome to NJ Japan Motors Australia<br />With nearly 25 years of experience in the automotive industry, NJ Japan Motors is proudly trusted across multiple countries for our outstanding customer service and quality vehicles. We specialise in a wide range of carefully selected, used Japanese-imported cars — all inspected and ready for Australian roads.<br /><br />🚗 This Vehicle is Currently IN TRANSIT<br />Enquire now to secure it before arrival.<br /><br />📍 Visit Us:<br />38 Wallace Avenue, Point Cook, Victoria 3030<br />205 Ballarat Road, Maidstone, Victoria 3012<br />247 Boundary Road, Mordialloc VIC 3195<br />33 Randall St, Slacks Creek, QLD 4127<br /><br />📞 Call Us: +61 3 7044 8094 or +61 3 4329 0786<br />📧 Email: sales@njmotors.com.au<br />🌐 Browse Our Stock: www.njmotors.com.au<br /> <br />LMCT: 12702",4,NHP10,,,False,False,False,A,True,,,2WD,5,4,,False,NHP10-2526417,Gray,QLD,03/16,,,,,,,,Yes,,,False,On_Order,,,,,,,,,0,,,,,5
101168,Toyota,Crown,3.0 Royal Saloon,,6ZZAGRS2021004737,16495.0000,2010,61644,Sedan,Pearl White,3000,Auto,Petrol,"Power Steering,Power Window,Air Condition,ABS Brakes,Push Start,Reverse Camera,Electric Seats Adjustment,Cruise Control,Alloy Wheels,Sports Mode,Snow Mode,Eco Mode,Traction Control,Dual Zone Climate Control,Power Mirror Control,Winker Mirror,Alloy wheels,Fog Lights",,"Toyota Crown 2010 <br />Stock No: 101168<br />Mileage: 61,644 km<br /><br />Looking for a reliable, high-quality vehicle? This carefully selected Japanese import offers excellent value, comfort, and practicality.<br /><br />Every vehicle is sourced directly from Japan and selected to meet our high standards of quality and condition.<br /><br />Odometer Verified<br /><br />The odometer reading is verified through official Japanese Auction Sheets and Import Documentation, available for your reference and peace of mind.<br /><br />Price Includes:<br /><br />Roadworthy Certificate (RWC)<br />Registration<br />Transfer Fees<br /><br />Additional Services Available:<br /><br />Video Walkaround Inspections<br />Finance & Car Loan Options<br />GST Invoice Available<br />15 Year Extended Warranty<br />Australia-Wide Delivery Available<br /><br />Why Buy From UKA Japan Motors?<br /><br />Trusted Japanese Import Specialists<br />Quality Vehicles Direct from Japan<br />Verified Odometer Readings<br />Competitive Finance Solutions<br />Extended Warranty Options<br />Friendly & Experienced Team<br /><br />Brisbane Yard<br />33 Randall Street, Slacks Creek QLD 4127<br />Phone: 07 2147 6999<br />Email: sales.brisbane@ukajapan.com.au<br />View Stock: www.ukajapan.com.au<br /><br />LMCT: 4933717<br /><br />Note: Vehicle specifications and features may be automatically generated by third-party platforms. Please confirm all features, options, and specifications with our sales team prior to purchase.",4,GRS202,,,False,False,False,A,True,,,2WD,4,6,,False,GRS202-1004737,Gray,VIC,03/10,,,,,,,,Yes,,,False,On_Offer,3GR0278267,,,,,,,,0,,,,,5
101169,Toyota,Crown,ROYAL SALOON,,6ZZAGRS2021006194,,2010,69728,Sedan,Silver,3000,Auto,Petrol,"Power Window,Power Steering,Air Condition,Reverse Camera,Push Start",,"Welcome to NJ Japan Motors Australia<br />With nearly 25 years of experience in the automotive industry, NJ Japan Motors is proudly trusted across multiple countries for our outstanding customer service and quality vehicles. We specialise in a wide range of carefully selected, used Japanese-imported cars — all inspected and ready for Australian roads.<br /><br />🚗 This Vehicle is Currently IN TRANSIT<br />Enquire now to secure it before arrival.<br /><br />📍 Visit Us:<br />38 Wallace Avenue, Point Cook, Victoria 3030<br />205 Ballarat Road, Maidstone, Victoria 3012<br />247 Boundary Road, Mordialloc VIC 3195<br />33 Randall St, Slacks Creek, QLD 4127<br /><br />📞 Call Us: +61 3 7044 8094 or +61 3 4329 0786<br />📧 Email: sales@njmotors.com.au<br />🌐 Browse Our Stock: www.njmotors.com.au<br /> <br />LMCT: 12702",1,GRS202,,,False,False,False,A,True,,,2 WD,4,6,,False,GRS202-1006194,Beige,VIC,08/10,,,,,,,,Yes,,,False,On_Order,,,,,,,,,0,,,,,5
101170,Toyota,Voxy,V,,6ZZF0ZRR800184056,,2015,94170,Van,Silver,2000,Auto,Petrol,"Power Window,Power Steering,Power Slide Doors,Alloy Wheels,Push start,Air Condition",,"Welcome to NJ Japan Motors Australia<br />With nearly 25 years of experience in the automotive industry, NJ Japan Motors is proudly trusted across multiple countries for our outstanding customer service and quality vehicles. We specialise in a wide range of carefully selected, used Japanese-imported cars — all inspected and ready for Australian roads.<br /><br />🚗 This Vehicle is Currently IN TRANSIT<br />Enquire now to secure it before arrival.<br /><br />📍 Visit Us:<br />38 Wallace Avenue, Point Cook, Victoria 3030<br />205 Ballarat Road, Maidstone, Victoria 3012<br />247 Boundary Road, Mordialloc VIC 3195<br />33 Randall St, Slacks Creek, QLD 4127<br /><br />📞 Call Us: +61 3 7044 8094 or +61 3 4329 0786<br />📧 Email: sales@njmotors.com.au<br />🌐 Browse Our Stock: www.njmotors.com.au<br /> <br />LMCT: 12702",2,ZRR80,,,False,False,False,A,True,,,2WD,5,4,,False,ZRR80-0184056,Gray,VIC,10/15,,,,,,,,Yes,,,False,On_Order,,,,,,,,,0,,,,,7
101171,Toyota,Estima,X,,6ZZE0AHR207079422,,2015,102394,Van,Pearl White,2400,Auto,Hybrid,"Power Window,Power Steering,Power Slide Doors,Air Condition,Reverse Camera,Push Start",,"Welcome to NJ Japan Motors Australia<br />With nearly 25 years of experience in the automotive industry, NJ Japan Motors is proudly trusted across multiple countries for our outstanding customer service and quality vehicles. We specialise in a wide range of carefully selected, used Japanese-imported cars — all inspected and ready for Australian roads.<br /><br />🚗 This Vehicle is Currently IN TRANSIT<br />Enquire now to secure it before arrival.<br /><br />📍 Visit Us:<br />38 Wallace Avenue, Point Cook, Victoria 3030<br />205 Ballarat Road, Maidstone, Victoria 3012<br />247 Boundary Road, Mordialloc VIC 3195<br />33 Randall St, Slacks Creek, QLD 4127<br /><br />📞 Call Us: +61 3 7044 8094 or +61 3 4329 0786<br />📧 Email: sales@njmotors.com.au<br />🌐 Browse Our Stock: www.njmotors.com.au<br /> <br />LMCT: 12702",2,AHR20,,,False,False,False,A,True,,,4WD,5,4,,False,AHR20-7079422,Beige,VIC,01/14,,,,,,,,Yes,,,False,On_Order,,,,,,,,,0,,,,,7
101172,Lexus,LS,LS460 VERSION S I PACKAGE,,6ZZ70USF405020504,,2007,104846,Sedan,Black,4600,Auto,Petrol,"Power Window,Power Steering,Air Condition,Reverse Camera,Push Start",,"Welcome to NJ Japan Motors Australia<br />With nearly 25 years of experience in the automotive industry, NJ Japan Motors is proudly trusted across multiple countries for our outstanding customer service and quality vehicles. We specialise in a wide range of carefully selected, used Japanese-imported cars — all inspected and ready for Australian roads.<br /><br />🚗 This Vehicle is Currently IN TRANSIT<br />Enquire now to secure it before arrival.<br /><br />📍 Visit Us:<br />38 Wallace Avenue, Point Cook, Victoria 3030<br />205 Ballarat Road, Maidstone, Victoria 3012<br />247 Boundary Road, Mordialloc VIC 3195<br />33 Randall St, Slacks Creek, QLD 4127<br /><br />📞 Call Us: +61 3 7044 8094 or +61 3 4329 0786<br />📧 Email: sales@njmotors.com.au<br />🌐 Browse Our Stock: www.njmotors.com.au<br /> <br />LMCT: 12702",4,USF40,,,False,False,False,A,True,,,2WD,4,8,,False,USF40-5020504,Black,VIC,01/07,,,,,,,,Yes,,,False,On_Order,,,,,,,,,0,,,,,5
101173,Honda,Fit,L HONDA SENSING,,6ZZJ000GP51324585,,2018,87996,Van,Blue,1500,Auto,Hybrid,"Power Window,Power Steering,Alloy Wheels,Air Condition,Cruise Control,Push Start",,"Welcome to NJ Japan Motors Australia<br />With nearly 25 years of experience in the automotive industry, NJ Japan Motors is proudly trusted across multiple countries for our outstanding customer service and quality vehicles. We specialise in a wide range of carefully selected, used Japanese-imported cars — all inspected and ready for Australian roads.<br /><br />🚗 This Vehicle is Currently IN TRANSIT<br />Enquire now to secure it before arrival.<br /><br />📍 Visit Us:<br />38 Wallace Avenue, Point Cook, Victoria 3030<br />205 Ballarat Road, Maidstone, Victoria 3012<br />247 Boundary Road, Mordialloc VIC 3195<br />33 Randall St, Slacks Creek, QLD 4127<br /><br />📞 Call Us: +61 3 7044 8094 or +61 3 4329 0786<br />📧 Email: sales@njmotors.com.au<br />🌐 Browse Our Stock: www.njmotors.com.au<br /> <br />LMCT: 12702",4,GP5,,,False,False,False,A,True,,,2WD,5,4,,False,GP5-1324585,Gray,QLD,07/18,,,,,,,,Yes,,,False,On_Order,,,,,,,,,0,,,,,5
101174,Toyota,Crown,G PACKAGE,,6ZZCGWS2040026490,,2012,80983,Sedan,Silver,3500,Auto,Hybrid,"Power Window,Power Steering,ABS Brakes,Air Condition,Power Mirror,Push Start,Cruise Control,Fog Light",,"Welcome to NJ Japan Motors Australia<br />With nearly 25 years of experience in the automotive industry, NJ Japan Motors is proudly trusted across multiple countries for our outstanding customer service and quality vehicles. We specialise in a wide range of carefully selected, used Japanese-imported cars — all inspected and ready for Australian roads.<br /><br />🚗 This Vehicle is Currently IN TRANSIT<br />Enquire now to secure it before arrival.<br /><br />📍 Visit Us:<br />38 Wallace Avenue, Point Cook, Victoria 3030<br />205 Ballarat Road, Maidstone, Victoria 3012<br />247 Boundary Road, Mordialloc VIC 3195<br />33 Randall St, Slacks Creek, QLD 4127<br /><br />📞 Call Us: +61 3 7044 8094 or +61 3 4329 0786<br />📧 Email: sales@njmotors.com.au<br />🌐 Browse Our Stock: www.njmotors.com.au<br /> <br />LMCT: 12702",1,GWS204,,,False,False,False,A,True,,,2WD,4,6,,False,GWS204-0026490,Black,VIC,07/12,,,,,,,,Yes,,,False,On_Order,,,,,,,,,0,,,,,5
101175,Toyota,Prius,WELCAB FUKUSHI,,6ZZ90ZVW305067890,12459.0000,2009,69117,Hatchback,Silver,1800,Auto,Hybrid,"Power Window,Power Steering,Air Condition,Power Mirror,Push Start",,"Toyota Prius 2009 <br />Stock No: 101175<br />Mileage: 69,117 km<br /><br />Looking for a reliable, high-quality vehicle? This carefully selected Japanese import offers excellent value, comfort, and practicality.<br /><br />Every vehicle is sourced directly from Japan and selected to meet our high standards of quality and condition.<br /><br />Odometer Verified<br /><br />The odometer reading is verified through official Japanese Auction Sheets and Import Documentation, available for your reference and peace of mind.<br /><br />Price Includes:<br /><br />Roadworthy Certificate (RWC)<br />Registration<br />Transfer Fees<br /><br />Additional Services Available:<br /><br />Video Walkaround Inspections<br />Finance & Car Loan Options<br />GST Invoice Available<br />1-5 Year Extended Warranty<br />Australia-Wide Delivery Available<br /><br />Why Buy From UKA Japan Motors?<br /><br />Trusted Japanese Import Specialists<br />Quality Vehicles Direct from Japan<br />Verified Odometer Readings<br />Competitive Finance Solutions<br />Extended Warranty Options<br />Friendly & Experienced Team<br /><br /><br /><br />Mordialloc Yard<br />247 Boundary Road, Mordialloc VIC 3195<br />Phone: 03 7065 6403<br />sales.mordialloc@ukajapan.com.au<br />View Stock: www.ukajapan.com.au<br /><br />LMCT: 0012708<br /><br />Note: Vehicle specifications and features may be automatically generated by third-party platforms. Please confirm all features, options, and specifications with our sales team prior to purchase.",2,ZVW30,,,False,False,False,A,True,,,2WD,5,4,,False,ZVW30-5067890,Gray,VIC,09/09,,,,,,,,Yes,,,False,In_Stock,,,,,,,,,0,,,,,5
101176,Nissan,Serena,HIGHWAY STAR V-SELECT,,6ZZH00GFC27078860,17995.0000,2017,93870,Van,Wine,2000,Auto,S-Hybrid,"Power Window,Power Steering,Air Condition,Alloy Wheels,Push Start,Reverse Camera,Power Slide Doors,Eco Mode,Folding Side Mirror,Dual Zone Climate Control,Dash Camera,Cruise Control,Roof Screen,Collision Brakes,Traction Control,Seats Adjustment,Rear Spoiler,Parking Sensor,Winker Mirror,Fog Lights",,"Nissan Serena 2017 <br />Stock No: 101176<br />Mileage: 93,870 km<br /><br />Looking for a reliable, high-quality vehicle? This carefully selected Japanese import offers excellent value, comfort, and practicality.<br /><br />Every vehicle is sourced directly from Japan and selected to meet our high standards of quality and condition.<br /><br />Odometer Verified<br /><br />The odometer reading is verified through official Japanese Auction Sheets and Import Documentation, available for your reference and peace of mind.<br /><br />Price Includes:<br /><br />Roadworthy Certificate (RWC)<br />Registration<br />Transfer Fees<br /><br />Additional Services Available:<br /><br />Video Walkaround Inspections<br />Finance & Car Loan Options<br />GST Invoice Available<br />1-5 Year Extended Warranty<br />Australia-Wide Delivery Available<br /><br />Why Buy From UKA Japan Motors?<br /><br />Trusted Japanese Import Specialists<br />Quality Vehicles Direct from Japan<br />Verified Odometer Readings<br />Competitive Finance Solutions<br />Extended Warranty Options<br />Friendly & Experienced Team<br /><br /><br /><br />Maidstone Yard<br />205 Ballarat Rd, Maidstone VIC 3012, Australiaa<br />Phone: 03 4329 0786<br />Email: sales.maidstone@ukajapan.com.au<br />View Stock: www.ukajapan.com.au<br /><br />LMCT: 0012708<br /><br />Note: Vehicle specifications and features may be automatically generated by third-party platforms. Please confirm all features, options, and specifications with our sales team prior to purchase.",1,GFC27,,,False,False,False,A,True,,,2WD,5,4,,False,GFC27-078860,Gray,VIC,12/17,08/26,,,,,,,Yes,,,False,On_Offer,0,,,,,,,,0,,,,,8
101177,Toyota,Vellfire,2.4Z,,6ZZD0ANH208290269,17990.0000,2013,110996,Van,Pearl White,2400,Auto,Petrol,"Power Window,Power Steering,Push Start,Air Condition,Power Slide Doors,Reverse Camera,Seats Adjustment,Dual Zone Climate Control,Rear Spoiler,Parking Senso,Parking Sensor,Alloy Wheels,Winer Mirror,Power Slide Door,Eco Mode,Nanoe Mode,Traction Control,Roo Lights,ODO Trip,Folding Side Mirrors,Dash Camera,Fog lights",,"Toyota Vellfire 2013 <br />Stock No: 101177<br />Mileage: 110,996 km<br /><br />Looking for a reliable, high-quality vehicle? This carefully selected Japanese import offers excellent value, comfort, and practicality.<br /><br />Every vehicle is sourced directly from Japan and selected to meet our high standards of quality and condition.<br /><br />Odometer Verified<br /><br />The odometer reading is verified through official Japanese Auction Sheets and Import Documentation, available for your reference and peace of mind.<br /><br />Price Includes:<br /><br />Roadworthy Certificate (RWC)<br />Registration<br />Transfer Fees<br /><br />Additional Services Available:<br /><br />Video Walkaround Inspections<br />Finance & Car Loan Options<br />GST Invoice Available<br />1-5 Year Extended Warranty<br />Australia-Wide Delivery Available<br /><br />Why Buy From UKA Japan Motors?<br /><br />Trusted Japanese Import Specialists<br />Quality Vehicles Direct from Japan<br />Verified Odometer Readings<br />Competitive Finance Solutions<br />Extended Warranty Options<br />Friendly & Experienced Team<br /><br /><br /><br />Mordialloc Yard<br />247 Boundary Road, Mordialloc VIC 3195<br />Phone: 03 7065 6403<br />sales.mordialloc@ukajapan.com.au<br />View Stock: www.ukajapan.com.au<br /><br />LMCT: 0012708<br /><br />Note: Vehicle specifications and features may be automatically generated by third-party platforms. Please confirm all features, options, and specifications with our sales team prior to purchase.",2,ANH20,,,False,False,False,A,True,,,2WD,5,4,,False,ANH20-8290269,Gray,VIC,07/13,00/00,,,,,,,Yes,,,False,In_Stock,00000,,,,,,,,0,,,,,7
101178,Toyota,Crown,ROYAL SALOON,,6ZZ8GRS2020011741,,2008,52711,Sedan,Silver,3000,Auto,Petrol,"Power Window,Power Steering,Air Condition,Cruise Control,Push Start,Power Mirror",,"Welcome to NJ Japan Motors Australia<br />With nearly 25 years of experience in the automotive industry, NJ Japan Motors is proudly trusted across multiple countries for our outstanding customer service and quality vehicles. We specialise in a wide range of carefully selected, used Japanese-imported cars — all inspected and ready for Australian roads.<br /><br />🚗 This Vehicle is Currently IN TRANSIT<br />Enquire now to secure it before arrival.<br /><br />📍 Visit Us:<br />38 Wallace Avenue, Point Cook, Victoria 3030<br />205 Ballarat Road, Maidstone, Victoria 3012<br />247 Boundary Road, Mordialloc VIC 3195<br />33 Randall St, Slacks Creek, QLD 4127<br /><br />📞 Call Us: +61 3 7044 8094 or +61 3 4329 0786<br />📧 Email: sales@njmotors.com.au<br />🌐 Browse Our Stock: www.njmotors.com.au<br /> <br />LMCT: 12702",2,GRS202,,,False,False,False,A,True,,,4WD,4,6,,False,GRS202-0011741,Gray,VIC,07/08,,,,,,,,Yes,,,False,On_Order,,,,,,,,,0,,,,,5
101179,Nissan,Serena,HIGHWAY STAR V-SELECTION,,6ZZH00GFC27068424,,2017,100994,Van,Black,2000,Auto,Hybrid,"Power Window,Air COndition,Power Steering,ABS Brakes,Air Condition,Alloy Wheel,Push Start,Power Slide Doors",,"Welcome to NJ Japan Motors Australia<br />With nearly 25 years of experience in the automotive industry, NJ Japan Motors is proudly trusted across multiple countries for our outstanding customer service and quality vehicles. We specialise in a wide range of carefully selected, used Japanese-imported cars — all inspected and ready for Australian roads.<br /><br />🚗 This Vehicle is Currently IN TRANSIT<br />Enquire now to secure it before arrival.<br /><br />📍 Visit Us:<br />205 Ballarat Road, Maidstone, Victoria 3012<br />247 Boundary Road, Mordialloc VIC 3195<br />33 Randall St, Slacks Creek, QLD 4127<br /><br />📞 Call Us: +61 3 7044 8094 or +61 3 4329 0786<br />📧 Email: sales@njmotors.com.au<br />🌐 Browse Our Stock: www.njmotors.com.au<br /> <br />LMCT: 12702",2,GFC27,,,False,False,False,A,True,,,2WD,5,4,,False,GFC27-068424,Black,VIC,08/17,,,,,,,,Yes,,,False,On_Order,,,,,,,,,0,,,,,8
101180,Toyota,Mark X,350S,,6ZZAGRX1336001438,,2010,89955,Sedan,Black,3500,Auto,Petrol,"Power Window,Power Steering,Alloy Wheels,Air Condition,ABS Brakes,Fog Lights,Push Start,Power Mirror",,"Welcome to NJ Japan Motors Australia<br />With nearly 25 years of experience in the automotive industry, NJ Japan Motors is proudly trusted across multiple countries for our outstanding customer service and quality vehicles. We specialise in a wide range of carefully selected, used Japanese-imported cars — all inspected and ready for Australian roads.<br /><br />🚗 This Vehicle is Currently IN TRANSIT<br />Enquire now to secure it before arrival.<br /><br />📍 Visit Us:<br />205 Ballarat Road, Maidstone, Victoria 3012<br />247 Boundary Road, Mordialloc VIC 3195<br />33 Randall St, Slacks Creek, QLD 4127<br /><br />📞 Call Us: +61 3 7044 8094 or +61 3 4329 0786<br />📧 Email: sales@njmotors.com.au<br />🌐 Browse Our Stock: www.njmotors.com.au<br /> <br />LMCT: 12702",4,GRX133,,,False,False,False,A,True,,,2WD,4,6,,False,GRX133-6001438,Gray,QLD,05/10,,,,,,,,Yes,,,False,On_Order,,,,,,,,,0,,,,,5
101181,Lexus,LS,LS460 VERSION S I PACKAGE,,6ZZ60USF405013278,,2006,95098,Sedan,Pearl White,4600,Auto,Petrol,"Power Window,Power Steering,Sunroof,ABS Brakes,Power Mirror,Push Start,Fog Lights",,"Welcome to NJ Japan Motors Australia<br />With nearly 25 years of experience in the automotive industry, NJ Japan Motors is proudly trusted across multiple countries for our outstanding customer service and quality vehicles. We specialise in a wide range of carefully selected, used Japanese-imported cars — all inspected and ready for Australian roads.<br /><br />🚗 This Vehicle is Currently IN TRANSIT<br />Enquire now to secure it before arrival.<br /><br />📍 Visit Us:<br />205 Ballarat Road, Maidstone, Victoria 3012<br />247 Boundary Road, Mordialloc VIC 3195<br />33 Randall St, Slacks Creek, QLD 4127<br /><br />📞 Call Us: +61 3 7044 8094 or +61 3 4329 0786<br />📧 Email: sales@njmotors.com.au<br />🌐 Browse Our Stock: www.njmotors.com.au<br /> <br />LMCT: 12702",4,USF40,,,False,False,False,A,True,,,2WD,4,8,,False,USF40-5013278,Beige,VIC,11/06,,,,,,,,Yes,,,False,On_Order,,,,,,,,,0,,,,,5
101182,Lexus,LS,LS460 Version S,,6ZZ60USF405015259,,2006,95048,Sedan,Black,4600,Auto,Petrol,"Power window,Power Steering,Aloy Wheels,ABS Brakes,Fog Lights,{ush start,Reverse Camera",,"Welcome to NJ Japan Motors Australia<br />With nearly 25 years of experience in the automotive industry, NJ Japan Motors is proudly trusted across multiple countries for our outstanding customer service and quality vehicles. We specialise in a wide range of carefully selected, used Japanese-imported cars — all inspected and ready for Australian roads.<br /><br />🚗 This Vehicle is Currently IN TRANSIT<br />Enquire now to secure it before arrival.<br /><br />📍 Visit Us:<br />205 Ballarat Road, Maidstone, Victoria 3012<br />247 Boundary Road, Mordialloc VIC 3195<br />33 Randall St, Slacks Creek, QLD 4127<br /><br />📞 Call Us: +61 3 7044 8094 or +61 3 4329 0786<br />📧 Email: sales@njmotors.com.au<br />🌐 Browse Our Stock: www.njmotors.com.au<br /> <br />LMCT: 12702",2,USF40,,,False,False,False,A,True,,,2WD,4,8,,False,USF40-5015259,Beige,VIC,11/06,,,,,,,,Yes,,,False,On_Order,,,,,,,,,0,,,,,5
101183,Lexus,LS,LS460 I PACKAGE,,6ZZAGRX1336001438,,2007,24750,Sedan,Red,4600,Auto,Petrol,"Power Window,Power Steering,Alloy Wheels,Air Condition,ABS Brakes,Fog Lights,Reverse Camera,Push Start",,"Welcome to NJ Japan Motors Australia<br />With nearly 25 years of experience in the automotive industry, NJ Japan Motors is proudly trusted across multiple countries for our outstanding customer service and quality vehicles. We specialise in a wide range of carefully selected, used Japanese-imported cars — all inspected and ready for Australian roads.<br /><br />🚗 This Vehicle is Currently IN TRANSIT<br />Enquire now to secure it before arrival.<br /><br />📍 Visit Us:<br />205 Ballarat Road, Maidstone, Victoria 3012<br />247 Boundary Road, Mordialloc VIC 3195<br />33 Randall St, Slacks Creek, QLD 4127<br /><br />📞 Call Us: +61 3 7044 8094 or +61 3 4329 0786<br />📧 Email: sales@njmotors.com.au<br />🌐 Browse Our Stock: www.njmotors.com.au<br /> <br />LMCT: 12702",2,USF40,,,False,False,False,A,True,,,2WD,4,8,,False,USF40-5037302,Beige,VIC,04/07,,,,,,,,Yes,,,False,On_Order,,,,,,,,,0,,,,,5
101184,Toyota,Crown,Hybrid L Package,,6ZZAGWS2040016093,,2010,112692,Sedan,Silver,3500,Auto,Hybrid,"Power Window,Power Steering,Air Condition,ABS Brakes,Power Mirror,Fog Lights,Push Start",,"Welcome to NJ Japan Motors Australia<br />With nearly 25 years of experience in the automotive industry, NJ Japan Motors is proudly trusted across multiple countries for our outstanding customer service and quality vehicles. We specialise in a wide range of carefully selected, used Japanese-imported cars — all inspected and ready for Australian roads.<br /><br />🚗 This Vehicle is Currently IN TRANSIT<br />Enquire now to secure it before arrival.<br /><br />📍 Visit Us:<br />205 Ballarat Road, Maidstone, Victoria 3012<br />247 Boundary Road, Mordialloc VIC 3195<br />33 Randall St, Slacks Creek, QLD 4127<br /><br />📞 Call Us: +61 3 7044 8094 or +61 3 4329 0786<br />📧 Email: sales@njmotors.com.au<br />🌐 Browse Our Stock: www.njmotors.com.au<br /> <br />LMCT: 12702",2,URS206,,,False,False,False,A,True,,,2WD,4,6,,False,GWS204-0016093,Beige,VIC,02/10,,,,,,,,Yes,,,False,On_Order,,,,,,,,,0,,,,,5
101185,Toyota,Vitz,Welcab,,6ZZCNSP1302080880,,2012,143658,Hatchback,Black,1300,Auto,Petrol,"Power Window,Power Steering,Air Condition,ABS Brakes,Power Mirror",,"Welcome to NJ Japan Motors Australia<br />With nearly 25 years of experience in the automotive industry, NJ Japan Motors is proudly trusted across multiple countries for our outstanding customer service and quality vehicles. We specialise in a wide range of carefully selected, used Japanese-imported cars — all inspected and ready for Australian roads.<br /><br />🚗 This Vehicle is Currently IN TRANSIT<br />Enquire now to secure it before arrival.<br /><br />📍 Visit Us:<br />205 Ballarat Road, Maidstone, Victoria 3012<br />247 Boundary Road, Mordialloc VIC 3195<br />33 Randall St, Slacks Creek, QLD 4127<br /><br />📞 Call Us: +61 3 7044 8094 or +61 3 4329 0786<br />📧 Email: sales@njmotors.com.au<br />🌐 Browse Our Stock: www.njmotors.com.au<br /> <br />LMCT: 12702",1,NSP130,,,False,False,False,A,True,,,4WD,4,3,,False,NSP130-2080880,Gray,VIC,05/12,,,,,,,,Yes,,,False,On_Order,,,,,,,,,0,,,,,5
101186,Nissan,LEAF,E+X,,6ZZK0000ZE1060927,,2019,67869,Hatchback,Red,,Auto,Electric,"Power Window,Power Steering,Alloy Wheel,Air Condition,ABS Brakes,Power Mirror,Reverse Camera,Push Start",,"Welcome to NJ Japan Motors Australia<br />With nearly 25 years of experience in the automotive industry, NJ Japan Motors is proudly trusted across multiple countries for our outstanding customer service and quality vehicles. We specialise in a wide range of carefully selected, used Japanese-imported cars — all inspected and ready for Australian roads.<br /><br />🚗 This Vehicle is Currently IN TRANSIT<br />Enquire now to secure it before arrival.<br /><br />📍 Visit Us:<br />205 Ballarat Road, Maidstone, Victoria 3012<br />247 Boundary Road, Mordialloc VIC 3195<br />33 Randall St, Slacks Creek, QLD 4127<br /><br />📞 Call Us: +61 3 7044 8094 or +61 3 4329 0786<br />📧 Email: sales@njmotors.com.au<br />🌐 Browse Our Stock: www.njmotors.com.au<br /> <br />LMCT: 12702",1,ZE1,,,False,False,False,A,True,,,2WD,5,,,False,ZE1-060927,Black,VIC,08/19,,,,,,,,Yes,,,False,On_Order,,,,,,,,,0,,,,,5
101187,Toyota,Vitz,Passenger seat Lift-Up Vehicle,,6ZZCNSP1302062919,,2012,69799,Hatchback,Pearl White,1300,Auto,Petrol,"Power Window,Power Steering,Air Condition,Push Start,Winker Mirror",,"Welcome to NJ Japan Motors Australia<br />With nearly 25 years of experience in the automotive industry, NJ Japan Motors is proudly trusted across multiple countries for our outstanding customer service and quality vehicles. We specialise in a wide range of carefully selected, used Japanese-imported cars — all inspected and ready for Australian roads.<br /><br />🚗 This Vehicle is Currently IN TRANSIT<br />Enquire now to secure it before arrival.<br /><br />📍 Visit Us:<br />205 Ballarat Road, Maidstone, Victoria 3012<br />247 Boundary Road, Mordialloc VIC 3195<br />33 Randall St, Slacks Creek, QLD 4127<br /><br />📞 Call Us: +61 3 7044 8094 or +61 3 4329 0786<br />📧 Email: sales@njmotors.com.au<br />🌐 Browse Our Stock: www.njmotors.com.au<br /> <br />LMCT: 12702",2,NSP130,,,False,False,False,A,True,,,2WD,5,4,,False,NSP130-2062919,Gray,VIC,02/12,,,,,,,,Yes,,,False,On_Order,,,,,,,,,0,,,,,5
101188,Toyota,Aqua,S,,6ZZF0NHP106444806,,2015,105232,Hatchback,Pearl White,1500,Auto,Hybrid,"Power Window,Power Steering,Air Condition,ABS Brakes,Push Start",,"Welcome to NJ Japan Motors Australia<br />With nearly 25 years of experience in the automotive industry, NJ Japan Motors is proudly trusted across multiple countries for our outstanding customer service and quality vehicles. We specialise in a wide range of carefully selected, used Japanese-imported cars — all inspected and ready for Australian roads.<br /><br /> This Vehicle is Currently IN TRANSIT<br />Enquire now to secure it before arrival.<br /><br /> Visit Us:<br />205 Ballarat Road, Maidstone, Victoria 3012<br />247 Boundary Road, Mordialloc VIC 3195<br />33 Randall St, Slacks Creek, QLD 4127<br /><br /> Call Us: +61 3 7044 8094 or +61 3 4329 0786<br /> Email: sales@njmotors.com.au<br /> Browse Our Stock: www.njmotors.com.au<br /> <br />LMCT: 12702",1,NHP10,,,False,False,False,A,True,,,2WD,5,4,,False,NHP10-6444806,Black,VIC,08/15,,,,,,,,Yes,,,False,On_Order,,,,,,,,,0,,,,,5
101189,Lexus,LS,LS460 Version S,,6ZZ70USF405032233,,2007,75976,Sedan,Silver,4600,Auto,Hybrid,"Power Window,power Steering,Air Condition,ABS Brakes,Alloy Wheels,Leather Seats,Push Start",,"Welcome to NJ Japan Motors Australia<br />With nearly 25 years of experience in the automotive industry, NJ Japan Motors is proudly trusted across multiple countries for our outstanding customer service and quality vehicles. We specialise in a wide range of carefully selected, used Japanese-imported cars — all inspected and ready for Australian roads.<br /><br />🚗 This Vehicle is Currently IN TRANSIT<br />Enquire now to secure it before arrival.<br /><br />📍 Visit Us:<br />205 Ballarat Road, Maidstone, Victoria 3012<br />247 Boundary Road, Mordialloc VIC 3195<br />33 Randall St, Slacks Creek, QLD 4127<br /><br />📞 Call Us: +61 3 7044 8094 or +61 3 4329 0786<br />📧 Email: sales@njmotors.com.au<br />🌐 Browse Our Stock: www.njmotors.com.au<br /> <br />LMCT: 12702",1,USF40,,,False,False,False,A,True,,,2WD,4,8,,False,USF40-5032233,Beige,VIC,03/07,,,,,,,,Yes,,,False,On_Order,,,,,,,,,0,,,,,5
101190,Toyota,Crown,STANDARD PACKAGE PAGE,,6ZZ9GWS2040012213,,2009,91973,Sedan,Silver,3500,Auto,Hybrid,"Power Window,Power Steering,Air COndition,Power Mirror,Reverse Camera,Cruise Control,Push Start",,"Welcome to NJ Japan Motors Australia<br />With nearly 25 years of experience in the automotive industry, NJ Japan Motors is proudly trusted across multiple countries for our outstanding customer service and quality vehicles. We specialise in a wide range of carefully selected, used Japanese-imported cars — all inspected and ready for Australian roads.<br /><br />🚗 This Vehicle is Currently IN TRANSIT<br />Enquire now to secure it before arrival.<br /><br />📍 Visit Us:<br />205 Ballarat Road, Maidstone, Victoria 3012<br />247 Boundary Road, Mordialloc VIC 3195<br />33 Randall St, Slacks Creek, QLD 4127<br /><br />📞 Call Us: +61 3 7044 8094 or +61 3 4329 0786<br />📧 Email: sales@njmotors.com.au<br />🌐 Browse Our Stock: www.njmotors.com.au<br /> <br />LMCT: 12702",2,GWS204,,,False,False,False,A,True,,,2WD,4,6,,False,GWS204-0012213,Gray,VIC,08/09,,,,,,,,Yes,,,False,On_Order,,,,,,,,,0,,,,,5
101191,Toyota,Vitz,Passenger seat Lift-Up Vehicle,,,,2013,53403,Hatchback,Pearl White,1300,Auto,Petrol,"Power Window,Power Steering,Air Condition,ABS Brakes,Push Start",,"Welcome to NJ Japan Motors Australia<br />With nearly 25 years of experience in the automotive industry, NJ Japan Motors is proudly trusted across multiple countries for our outstanding customer service and quality vehicles. We specialise in a wide range of carefully selected, used Japanese-imported cars — all inspected and ready for Australian roads.<br /><br />🚗 This Vehicle is Currently IN TRANSIT<br />Enquire now to secure it before arrival.<br /><br />📍 Visit Us:<br />205 Ballarat Road, Maidstone, Victoria 3012<br />247 Boundary Road, Mordialloc VIC 3195<br />33 Randall St, Slacks Creek, QLD 4127<br /><br />📞 Call Us: +61 3 7044 8094 or +61 3 4329 0786<br />📧 Email: sales@njmotors.com.au<br />🌐 Browse Our Stock: www.njmotors.com.au<br /> <br />LMCT: 12702",4,NSP130,,,False,False,False,A,True,,,2WD,5,4,,False,NSP130-2121255,Gray,QLD,04/13,,,,,,,,Yes,,,False,On_Order,,,,,,,,,0,,,,,5
101192,Toyota,Aqua,B,,6ZZNMXPK102004543,,2022,96765,Hatchback,Silver,1500,Auto,Hybrid,"Power Window,Power Steering,Air Condition,ABS Brakes,Power Mirror,Push Start,Reverse Camera",,"Welcome to NJ Japan Motors Australia<br />With nearly 25 years of experience in the automotive industry, NJ Japan Motors is proudly trusted across multiple countries for our outstanding customer service and quality vehicles. We specialise in a wide range of carefully selected, used Japanese-imported cars — all inspected and ready for Australian roads.<br /><br />🚗 This Vehicle is Currently IN TRANSIT<br />Enquire now to secure it before arrival.<br /><br />📍 Visit Us:<br />205 Ballarat Road, Maidstone, Victoria 3012<br />247 Boundary Road, Mordialloc VIC 3195<br />33 Randall St, Slacks Creek, QLD 4127<br /><br />📞 Call Us: +61 3 7044 8094 or +61 3 4329 0786<br />📧 Email: sales@njmotors.com.au<br />🌐 Browse Our Stock: www.njmotors.com.au<br /> <br />LMCT: 12702",4,MXPK10,,,False,False,False,A,True,,,2WD,5,4,,False,MXPK10-2004543,Gray,QLD,05/22,,,,,,,,Yes,,,False,On_Order,,,,,,,,,0,,,,,5
101193,Lexus,LS,LS460 VERSION U I PACKAGE,,,,2006,37600,Sedan,Blue,4600,Auto,Petrol,"Power Window,Power Steering,Alloy Wheels,Air Consition,ABS Brakes,Power Mirror,Reverse Camera,Push Start,Cruise Control",,"Welcome to NJ Japan Motors Australia<br />With nearly 25 years of experience in the automotive industry, NJ Japan Motors is proudly trusted across multiple countries for our outstanding customer service and quality vehicles. We specialise in a wide range of carefully selected, used Japanese-imported cars — all inspected and ready for Australian roads.<br /><br />🚗 This Vehicle is Currently IN TRANSIT<br />Enquire now to secure it before arrival.<br /><br />📍 Visit Us:<br />205 Ballarat Road, Maidstone, Victoria 3012<br />247 Boundary Road, Mordialloc VIC 3195<br />33 Randall St, Slacks Creek, QLD 4127<br /><br />📞 Call Us: +61 3 7044 8094 or +61 3 4329 0786<br />📧 Email: sales@njmotors.com.au<br />🌐 Browse Our Stock: www.njmotors.com.au<br /> <br />LMCT: 12702",2,USF40,,,False,False,False,A,True,,,2WD,4,8,,False,USF40-5010282,Beige,VIC,11/06,,,,,,,,Yes,,,False,On_Order,,,,,,,,,0,,,,,5
101194,Toyota,Mark X,350S,,6ZZBGRX1336002501,,2011,52721,Sedan,Silver,3500,Auto,Petrol,"Power Window,power Steering,Push Start,Air Condition,Reverse Camera",,"Welcome to NJ Japan Motors Australia<br />With nearly 25 years of experience in the automotive industry, NJ Japan Motors is proudly trusted across multiple countries for our outstanding customer service and quality vehicles. We specialise in a wide range of carefully selected, used Japanese-imported cars — all inspected and ready for Australian roads.<br /><br />🚗 This Vehicle is Currently IN TRANSIT<br />Enquire now to secure it before arrival.<br /><br />📍 Visit Us:<br />205 Ballarat Road, Maidstone, Victoria 3012<br />247 Boundary Road, Mordialloc VIC 3195<br />33 Randall St, Slacks Creek, QLD 4127<br /><br />📞 Call Us: +61 3 7044 8094 or +61 3 4329 0786<br />📧 Email: sales@njmotors.com.au<br />🌐 Browse Our Stock: www.njmotors.com.au<br /> <br />LMCT: 12702",4,GRX133,,,False,False,False,A,True,,,2WD,4,6,,False,GRX133-6002501,Gray,QLD,09/11,,,,,,,,Yes,,,False,On_Order,,,,,,,,,0,,,,,5
101195,Nissan,Elgrand,250 Highway Star Urban Chrome,,6ZZD000TE52055079,,2013,75110,Van,Purple,2500,Auto,Petrol,"Power Winndow,Power Steering,Air Condition,Reverse Camera,Push Start,Alloy Wheel,Power Slide doors",,"Welcome to NJ Japan Motors Australia<br />With nearly 25 years of experience in the automotive industry, NJ Japan Motors is proudly trusted across multiple countries for our outstanding customer service and quality vehicles. We specialise in a wide range of carefully selected, used Japanese-imported cars — all inspected and ready for Australian roads.<br /><br />🚗 This Vehicle is Currently IN TRANSIT<br />Enquire now to secure it before arrival.<br /><br />📍 Visit Us:<br />205 Ballarat Road, Maidstone, Victoria 3012<br />247 Boundary Road, Mordialloc VIC 3195<br />33 Randall St, Slacks Creek, QLD 4127<br /><br />📞 Call Us: +61 3 7044 8094 or +61 3 4329 0786<br />📧 Email: sales@njmotors.com.au<br />🌐 Browse Our Stock: www.njmotors.com.au<br /> <br />LMCT: 12702",1,TE52,,,False,False,False,A,True,,,2WD,5,4,,False,TE52-055079,Black,VIC,07/13,,,,,,,,Yes,,,False,On_Order,,,,,,,,,0,,,,,7
101208,Hyundai,Kona,Go,390-RC3,KMHK281AMLU668011,13495.0000,2020,139636,Wagon,White,1999,Auto,Petrol - Unleaded ULP,"Power Steering,Power Window,Eco Mode,Reverse Camera,Cruise Control,Folding Side Mirror,Alloy Wheels,Climate Control,Traction Control,Seats Adjustment,Fog Lights,Winker Mirror,Rear Spoiler",,,4,OS.3 MY21,,,False,False,False,A,True,24/11/2026,,Front Wheel Drive,5,4,,False,OS.3 MY21 Go Wagon 5dr Spts Auto 6sp 2WD 2.0i,Black,QLD,10/20,11/20,0,1830,1353,,,,,,,False,On_Offer,G4NHLU733933,6,110,110,147.4,,,,0,,,,,5
101197,Toyota,Crown,3.0 Royal Saloon Anniversary Edition,,6ZZ9GRS2021001547,,2009,101490,Sedan,Silver,3000,Auto,Petrol,"Power Window,Power Steering,Air Condition,ABS Brakes,Push Start",,"Welcome to NJ Japan Motors Australia<br />With nearly 25 years of experience in the automotive industry, NJ Japan Motors is proudly trusted across multiple countries for our outstanding customer service and quality vehicles. We specialise in a wide range of carefully selected, used Japanese-imported cars — all inspected and ready for Australian roads.<br /><br />🚗 This Vehicle is Currently IN TRANSIT<br />Enquire now to secure it before arrival.<br /><br />📍 Visit Us:<br />205 Ballarat Road, Maidstone, Victoria 3012<br />247 Boundary Road, Mordialloc VIC 3195<br />33 Randall St, Slacks Creek, QLD 4127<br /><br />📞 Call Us: +61 3 7044 8094 or +61 3 4329 0786<br />📧 Email: sales@njmotors.com.au<br />🌐 Browse Our Stock: www.njmotors.com.au<br /> <br />LMCT: 12702",1,GRS202,,,False,False,False,A,True,,,2WD,4,6,,False,GRS202-1001547,Beige,QLD,04/09,,,,,,,,Yes,,,False,On_Order,,,,,,,,,0,,,,,5
101198,Nissan,LEAF,E+X,,6ZZK0000ZE1059535,,2019,85119,Hatchback,Red,0,Auto,Electric,"Power Window,Power Steering,Air Condition,ABS Brakes,Push start",,"Welcome to NJ Japan Motors Australia<br />With nearly 25 years of experience in the automotive industry, NJ Japan Motors is proudly trusted across multiple countries for our outstanding customer service and quality vehicles. We specialise in a wide range of carefully selected, used Japanese-imported cars — all inspected and ready for Australian roads.<br /><br />🚗 This Vehicle is Currently IN TRANSIT<br />Enquire now to secure it before arrival.<br /><br />📍 Visit Us:<br />205 Ballarat Road, Maidstone, Victoria 3012<br />247 Boundary Road, Mordialloc VIC 3195<br />33 Randall St, Slacks Creek, QLD 4127<br /><br />📞 Call Us: +61 3 7044 8094 or +61 3 4329 0786<br />📧 Email: sales@njmotors.com.au<br />🌐 Browse Our Stock: www.njmotors.com.au<br /> <br />LMCT: 12702",2,ZE1,,,False,False,False,A,True,,,2WD,5,,,False,ZE1-059535,Black,QLD,07/19,,,,,,,,Yes,,,False,On_Order,,,,,,,,,0,,,,,5
101199,Toyota,Crown,Royal Saloon,,6ZZ9GRS2021002300,,2009,100523,Sedan,Pearl White,3000,Auto,Petrol,"Power Window,Power Steering,Air Condition,ABS Brakes,Push Start",,"Welcome to NJ Japan Motors Australia<br />With nearly 25 years of experience in the automotive industry, NJ Japan Motors is proudly trusted across multiple countries for our outstanding customer service and quality vehicles. We specialise in a wide range of carefully selected, used Japanese-imported cars — all inspected and ready for Australian roads.<br /><br />🚗 This Vehicle is Currently IN TRANSIT<br />Enquire now to secure it before arrival.<br /><br />📍 Visit Us:<br />205 Ballarat Road, Maidstone, Victoria 3012<br />247 Boundary Road, Mordialloc VIC 3195<br />33 Randall St, Slacks Creek, QLD 4127<br /><br />📞 Call Us: +61 3 7044 8094 or +61 3 4329 0786<br />📧 Email: sales@njmotors.com.au<br />🌐 Browse Our Stock: www.njmotors.com.au<br /> <br />LMCT: 12702",4,2009,,,False,False,False,A,True,,,2WD,4,6,,False,GRS202-1002300,Beige,QLD,06/09,,,,,,,,Yes,,,False,On_Order,,,,,,,,,0,,,,,5
101200,Nissan,LEAF,E+X,,6ZZK0000ZE1064507,,2019,50935,Hatchback,Blue,,Auto,Electric,"Power Window,Power Steerig,Air COndition,Power Mirror,PushStart,Reverse Camera",,"Welcome to NJ Japan Motors Australia<br />With nearly 25 years of experience in the automotive industry, NJ Japan Motors is proudly trusted across multiple countries for our outstanding customer service and quality vehicles. We specialise in a wide range of carefully selected, used Japanese-imported cars — all inspected and ready for Australian roads.<br /><br />🚗 This Vehicle is Currently IN TRANSIT<br />Enquire now to secure it before arrival.<br /><br />📍 Visit Us:<br />205 Ballarat Road, Maidstone, Victoria 3012<br />247 Boundary Road, Mordialloc VIC 3195<br />33 Randall St, Slacks Creek, QLD 4127<br /><br />📞 Call Us: +61 3 7044 8094 or +61 3 4329 0786<br />📧 Email: sales@njmotors.com.au<br />🌐 Browse Our Stock: www.njmotors.com.au<br /> <br />LMCT: 12702",2,ZE1,,,False,False,False,A,True,,,2WD,5,0,,False,ZE1-064507,Gray,QLD,09/19,,,,,,,,Yes,,,False,On_Order,,,,,,,,,0,,,,,5
101201,Nissan,LEAF,E+X,,6ZZK0000ZE1066482,,2019,46345,Hatchback,Red,,Auto,Electric,"Power Window,Power Steering,Air COndition,ABS Brakes,Push Start,Power Mirror",,"Welcome to NJ Japan Motors Australia<br />With nearly 25 years of experience in the automotive industry, NJ Japan Motors is proudly trusted across multiple countries for our outstanding customer service and quality vehicles. We specialise in a wide range of carefully selected, used Japanese-imported cars — all inspected and ready for Australian roads.<br /><br />🚗 This Vehicle is Currently IN TRANSIT<br />Enquire now to secure it before arrival.<br /><br />📍 Visit Us:<br />205 Ballarat Road, Maidstone, Victoria 3012<br />247 Boundary Road, Mordialloc VIC 3195<br />33 Randall St, Slacks Creek, QLD 4127<br /><br />📞 Call Us: +61 3 7044 8094 or +61 3 4329 0786<br />📧 Email: sales@njmotors.com.au<br />🌐 Browse Our Stock: www.njmotors.com.au<br /> <br />LMCT: 12702",1,ZE1,,,False,False,False,A,True,,,2WD,5,,,False,ZE1-066482,Gray,VIC,11/19,,,,,,,,Yes,,,False,On_Order,,,,,,,,,0,,,,,5
101202,Nissan,LEAF,E+X,,6ZZK0000ZE1054781,,2019,90691,Hatchback,Pearl White,,Auto,Electric,"Power Window,Power Steering,Air Condition,Push Start,Alloy Wheels",,"Welcome to NJ Japan Motors Australia<br />With nearly 25 years of experience in the automotive industry, NJ Japan Motors is proudly trusted across multiple countries for our outstanding customer service and quality vehicles. We specialise in a wide range of carefully selected, used Japanese-imported cars — all inspected and ready for Australian roads.<br /><br />🚗 This Vehicle is Currently IN TRANSIT<br />Enquire now to secure it before arrival.<br /><br />📍 Visit Us:<br />205 Ballarat Road, Maidstone, Victoria 3012<br />247 Boundary Road, Mordialloc VIC 3195<br />33 Randall St, Slacks Creek, QLD 4127<br /><br />📞 Call Us: +61 3 7044 8094 or +61 3 4329 0786<br />📧 Email: sales@njmotors.com.au<br />🌐 Browse Our Stock: www.njmotors.com.au<br /> <br />LMCT: 12702",4,ZE1,,,False,False,False,A,True,,,2WD,5,,,False,ZE1-054781,Black,VIC,02/19,,,,,,,,Yes,,,False,On_Order,,,,,,,,,0,,,,,5
101203,Lexus,LS,LS460,,6ZZB0USF455011011,,2011,105300,Sedan,Pearl White,4600,Auto,Petrol,"Power Window,Power Steering,Air Condition,Reverse Camera,Push Start",,"Welcome to NJ Japan Motors Australia<br />With nearly 25 years of experience in the automotive industry, NJ Japan Motors is proudly trusted across multiple countries for our outstanding customer service and quality vehicles. We specialise in a wide range of carefully selected, used Japanese-imported cars — all inspected and ready for Australian roads.<br /><br />🚗 This Vehicle is Currently IN TRANSIT<br />Enquire now to secure it before arrival.<br /><br />📍 Visit Us:<br />205 Ballarat Road, Maidstone, Victoria 3012<br />247 Boundary Road, Mordialloc VIC 3195<br />33 Randall St, Slacks Creek, QLD 4127<br /><br />📞 Call Us: +61 3 7044 8094 or +61 3 4329 0786<br />📧 Email: sales@njmotors.com.au<br />🌐 Browse Our Stock: www.njmotors.com.au<br /> <br />LMCT: 12702",4,USF45,,,False,False,False,A,True,,,4WD,4,8,,False,USF45-5011011,Beige,QLD,04/11,,,,,,,,Yes,,,False,On_Order,,,,,,,,,0,,,,,5
101204,Lexus,LS,LS600H I PACKAGE,,6ZZ70UVF455002871,,2007,101556,Sedan,Silver,5000,Auto,Hybrid,"Power Window,Power Steering,Air Conditon,ABS Brakes,Reverse Camera,Cruise Control,Push Start",,"Lexus LS 2007 <br />Stock No: 101204<br />Mileage: 101,556 km<br /><br />Looking for a reliable, high-quality vehicle? This carefully selected Japanese import offers excellent value, comfort, and practicality.<br /><br />Every vehicle is sourced directly from Japan and selected to meet our high standards of quality and condition.<br /><br />Odometer Verified<br /><br />The odometer reading is verified through official Japanese Auction Sheets and Import Documentation, available for your reference and peace of mind.<br /><br />Price Includes:<br /><br />Roadworthy Certificate (RWC)<br />Registration<br />Transfer Fees<br /><br />Additional Services Available:<br /><br />Video Walkaround Inspections<br />Finance & Car Loan Options<br />GST Invoice Available<br />1-5 Year Extended Warranty<br />Australia-Wide Delivery Available<br /><br />Why Buy From UKA Japan Motors?<br /><br />Trusted Japanese Import Specialists<br />Quality Vehicles Direct from Japan<br />Verified Odometer Readings<br />Competitive Finance Solutions<br />Extended Warranty Options<br />Friendly & Experienced Team<br /><br /><br /><br />Mordialloc Yard<br />247 Boundary Road, Mordialloc VIC 3195<br />Phone: 03 7065 6403<br />sales.mordialloc@ukajapan.com.au<br />View Stock: www.ukajapan.com.au<br /><br />LMCT: 0012708<br /><br />Note: Vehicle specifications and features may be automatically generated by third-party platforms. Please confirm all features, options, and specifications with our sales team prior to purchase.",4,UVF45,,,False,False,False,A,True,,,4WD,4,8,,False,UVF45-5002871,Beige,QLD,09/07,,,,,,,,Yes,,,False,In_Stock,,,,,,,,,0,,,,,5
101205,Toyota,Crown,3.0 Royal Saloon Anniversary Edition,,6ZZBGRS2021009777,,2011,100800,Sedan,Black,3000,Auto,Petrol,"Power Window,Power Steering,Air condition,ABS Brakes,Push Start",,"Welcome to NJ Japan Motors Australia<br />With nearly 25 years of experience in the automotive industry, NJ Japan Motors is proudly trusted across multiple countries for our outstanding customer service and quality vehicles. We specialise in a wide range of carefully selected, used Japanese-imported cars — all inspected and ready for Australian roads.<br /><br />🚗 This Vehicle is Currently IN TRANSIT<br />Enquire now to secure it before arrival.<br /><br />📍 Visit Us:<br />205 Ballarat Road, Maidstone, Victoria 3012<br />247 Boundary Road, Mordialloc VIC 3195<br />33 Randall St, Slacks Creek, QLD 4127<br /><br />📞 Call Us: +61 3 7044 8094 or +61 3 4329 0786<br />📧 Email: sales@njmotors.com.au<br />🌐 Browse Our Stock: www.njmotors.com.au<br /> <br />LMCT: 12702",1,GRS202,,,False,False,False,A,True,,,2WD,4,6,,False,GRS202-1009777,Beige,VIC,11/11,,,,,,,,Yes,,,False,On_Order,,,,,,,,,0,,,,,5
101206,Toyota,Crown,Athlete,,6ZZ7GRS1840018436,,2007,81659,Sedan,Pearl White,3500,Auto,Petrol,"Power Window,Power Steering,Air Condition,ABS Brakes,Push Start",,"Welcome to NJ Japan Motors Australia<br />With nearly 25 years of experience in the automotive industry, NJ Japan Motors is proudly trusted across multiple countries for our outstanding customer service and quality vehicles. We specialise in a wide range of carefully selected, used Japanese-imported cars — all inspected and ready for Australian roads.<br /><br />🚗 This Vehicle is Currently IN TRANSIT<br />Enquire now to secure it before arrival.<br /><br />📍 Visit Us:<br />205 Ballarat Road, Maidstone, Victoria 3012<br />247 Boundary Road, Mordialloc VIC 3195<br />33 Randall St, Slacks Creek, QLD 4127<br /><br />📞 Call Us: +61 3 7044 8094 or +61 3 4329 0786<br />📧 Email: sales@njmotors.com.au<br />🌐 Browse Our Stock: www.njmotors.com.au<br /> <br />LMCT: 12702",4,GRS184,,,False,False,False,A,True,,,2WD,4,6,,False,GRS184-0018436,Gray,QLD,05/07,,,,,,,,Yes,,,False,On_Order,,,,,,,,,0,,,,,5
101207,Toyota,Alphard,240S,,6ZZD0ANH208268064,19995.0000,2013,112812,Van,Pearl White,2400,Auto,Petrol,"Power Window,Power Steering,Air Condition,Alloy Wheels,Reverse Camera,Push Start,Dual Zone Climate Control,Power Slide Doors,Alloy wheels,Folding Side Mirror,Seats Adjustment,Traction Control,Room Lights,Eco Mode,Nanoe Mode,Fog Lights,Winker Mirro,Rear Spoiler,Parking Sensor",,"Toyota Alphard 2013  <br />Stock No: 101207<br />Mileage: 112,812 km<br /><br />Looking for a reliable, high-quality vehicle? This carefully selected Japanese import offers excellent value, comfort, and practicality.<br /><br />Every vehicle is sourced directly from Japan and selected to meet our high standards of quality and condition.<br /><br />Odometer Verified<br /><br />The odometer reading is verified through official Japanese Auction Sheets and Import Documentation, available for your reference and peace of mind.<br /><br />Price Includes:<br /><br />Roadworthy Certificate (RWC)<br />Registration<br />Transfer Fees<br /><br />Additional Services Available:<br /><br />Video Walkaround Inspections<br />Finance & Car Loan Options<br />GST Invoice Available<br />15 Year Extended Warranty<br />Australia-Wide Delivery Available<br /><br />Why Buy From UKA Japan Motors?<br /><br />Trusted Japanese Import Specialists<br />Quality Vehicles Direct from Japan<br />Verified Odometer Readings<br />Competitive Finance Solutions<br />Extended Warranty Options<br />Friendly & Experienced Team<br /><br />Brisbane Yard<br />33 Randall Street, Slacks Creek QLD 4127<br />Phone: 07 2147 6999<br />Email: sales.brisbane@ukajapan.com.au<br />View Stock: www.ukajapan.com.au<br /><br />LMCT: 4933717<br /><br />Note: Vehicle specifications and features may be automatically generated by third-party platforms. Please confirm all features, options, and specifications with our sales team prior to purchase.",4,ANH20,,,False,False,False,A,True,,,2Wd,5,,,False,ANH20-8268064,Gray,QLD,02/13,,,,,,,,Yes,,,False,In_Stock,,,,,,,,,0,,,,,7
101209,Toyota,Prius,,,6ZZC0ZVW305487906,,2012,21123,Hatchback,Silver,1800,Auto,Hybrid,"Power Window,Power Steering,Air Condition,Alloy Wheels,Push Start,Reverse Camera,ABS Rrakes",,"Welcome to NJ Japan Motors Australia<br />With nearly 25 years of experience in the automotive industry, NJ Japan Motors is proudly trusted across multiple countries for our outstanding customer service and quality vehicles. We specialise in a wide range of carefully selected, used Japanese-imported cars — all inspected and ready for Australian roads.<br /><br />🚗 This Vehicle is Currently IN TRANSIT<br />Enquire now to secure it before arrival.<br /><br />📍 Visit Us:<br />205 Ballarat Road, Maidstone, Victoria 3012<br />247 Boundary Road, Mordialloc VIC 3195<br />33 Randall St, Slacks Creek, QLD 4127<br /><br />📞 Call Us: +61 3 7044 8094 or +61 3 4329 0786<br />📧 Email: sales@njmotors.com.au<br />🌐 Browse Our Stock: www.njmotors.com.au<br /> <br />LMCT: 12702",1,ZVW30,,,False,False,False,A,True,,,2WD,5,4,,False,ZVW30-5487906,Gray,QLD,07/12,,,,,,,,Yes,,,False,On_Order,,,,,,,,,0,,,,,5
101210,Toyota,Estima,X,,6ZZC0AHR207062917,,2012,110830,Van,Black,2400,Auto,Hybrid,"Power Window,Power Steering,Air Condition,Reverse Camera,Push Start,Cruise Control,Power Mirror",,"Welcome to NJ Japan Motors Australia<br />With nearly 25 years of experience in the automotive industry, NJ Japan Motors is proudly trusted across multiple countries for our outstanding customer service and quality vehicles. We specialise in a wide range of carefully selected, used Japanese-imported cars — all inspected and ready for Australian roads.<br /><br />🚗 This Vehicle is Currently IN TRANSIT<br />Enquire now to secure it before arrival.<br /><br />📍 Visit Us:<br />205 Ballarat Road, Maidstone, Victoria 3012<br />247 Boundary Road, Mordialloc VIC 3195<br />33 Randall St, Slacks Creek, QLD 4127<br /><br />📞 Call Us: +61 3 7044 8094 or +61 3 4329 0786<br />📧 Email: sales@njmotors.com.au<br />🌐 Browse Our Stock: www.njmotors.com.au<br /> <br />LMCT: 12702",4,AHR20,,,False,False,False,A,True,,,4WD,5,4,,False,AHR20-7062917,Beige,QLD,03/12,,,,,,,,Yes,,,False,On_Order,,,,,,,,,0,,,,,8
101211,Toyota,Crown,STANDARD PACKAGE PAGE,,6ZZ9GWS2040014490,,2009,77293,Sedan,Pearl White,3500,Auto,Hybrid,"Power window,Power Steering,Air Condition,ABS Brakes,Fog Lights,Reverse Camera,Push Start,Power Mirror",,"Welcome to NJ Japan Motors Australia<br />With nearly 25 years of experience in the automotive industry, NJ Japan Motors is proudly trusted across multiple countries for our outstanding customer service and quality vehicles. We specialise in a wide range of carefully selected, used Japanese-imported cars — all inspected and ready for Australian roads.<br /><br />🚗 This Vehicle is Currently IN TRANSIT<br />Enquire now to secure it before arrival.<br /><br />📍 Visit Us:<br />205 Ballarat Road, Maidstone, Victoria 3012<br />247 Boundary Road, Mordialloc VIC 3195<br />33 Randall St, Slacks Creek, QLD 4127<br /><br />📞 Call Us: +61 3 7044 8094 or +61 3 4329 0786<br />📧 Email: sales@njmotors.com.au<br />🌐 Browse Our Stock: www.njmotors.com.au<br /> <br />LMCT: 12702",4,GWS204,,,False,False,False,A,True,,,2WD,4,6,,False,GWS204-0014490,Gray,QLD,11/09,,,,,,,,Yes,,,False,On_Order,,,,,,,,,0,,,,,5
101212,Toyota,Crown,Standard Package,,6ZZ8GWS2040006926,,2008,99983,Sedan,Silver,3500,Auto,Hybrid,"Power Windo,Power Steering,Alloy Wheels,Leather Seats,Power Mirror,Reverse Camera,Push Start,Cruise Control,Air Condition,ABS Brakes",,"Welcome to NJ Japan Motors Australia<br />With nearly 25 years of experience in the automotive industry, NJ Japan Motors is proudly trusted across multiple countries for our outstanding customer service and quality vehicles. We specialise in a wide range of carefully selected, used Japanese-imported cars — all inspected and ready for Australian roads.<br /><br />🚗 This Vehicle is Currently IN TRANSIT<br />Enquire now to secure it before arrival.<br /><br />📍 Visit Us:<br />205 Ballarat Road, Maidstone, Victoria 3012<br />247 Boundary Road, Mordialloc VIC 3195<br />33 Randall St, Slacks Creek, QLD 4127<br /><br />📞 Call Us: +61 3 7044 8094 or +61 3 4329 0786<br />📧 Email: sales@njmotors.com.au<br />🌐 Browse Our Stock: www.njmotors.com.au<br /> <br />LMCT: 12702",2,GWS204,,,False,False,False,A,True,,,2WD,4,6,,False,GWS204-0006926,Gray,QLD,09/08,,,,,,,,Yes,,,False,On_Order,,,,,,,,,0,,,,,5
101213,Toyota,Crown,L PACKAGE,,6ZZBGWS2040021809,,2011,117512,Sedan,Blue,3500,Auto,Hybrid,"Power Window,power Steering,Air Condition,Power Mirror,Revere Camera,Cruise Control,Push Start",,"Welcome to NJ Japan Motors Australia<br />With nearly 25 years of experience in the automotive industry, NJ Japan Motors is proudly trusted across multiple countries for our outstanding customer service and quality vehicles. We specialise in a wide range of carefully selected, used Japanese-imported cars — all inspected and ready for Australian roads.<br /><br />🚗 This Vehicle is Currently IN TRANSIT<br />Enquire now to secure it before arrival.<br /><br />📍 Visit Us:<br />205 Ballarat Road, Maidstone, Victoria 3012<br />247 Boundary Road, Mordialloc VIC 3195<br />33 Randall St, Slacks Creek, QLD 4127<br /><br />📞 Call Us: +61 3 7044 8094 or +61 3 4329 0786<br />📧 Email: sales@njmotors.com.au<br />🌐 Browse Our Stock: www.njmotors.com.au<br /> <br />LMCT: 12702",4,GWS204,,,False,False,False,A,True,,,2WD,4,6,,False,GWS204-0021809,Gray,VIC,02/11,,,,,,,,Yes,,,False,On_Order,,,,,,,,,0,,,,,5
101214,Toyota,Crown,ROYAL SALOON,,6ZZCGRS2021011136,,2012,65073,Sedan,Silver,3000,Auto,Petrol,"Power WIndow,Power Steering,Air Condition,Power Mirror,Push Start",,"Welcome to NJ Japan Motors Australia<br />With nearly 25 years of experience in the automotive industry, NJ Japan Motors is proudly trusted across multiple countries for our outstanding customer service and quality vehicles. We specialise in a wide range of carefully selected, used Japanese-imported cars — all inspected and ready for Australian roads.<br /><br />🚗 This Vehicle is Currently IN TRANSIT<br />Enquire now to secure it before arrival.<br /><br />📍 Visit Us:<br />205 Ballarat Road, Maidstone, Victoria 3012<br />247 Boundary Road, Mordialloc VIC 3195<br />33 Randall St, Slacks Creek, QLD 4127<br /><br />📞 Call Us: +61 3 7044 8094 or +61 3 4329 0786<br />📧 Email: sales@njmotors.com.au<br />🌐 Browse Our Stock: www.njmotors.com.au<br /> <br />LMCT: 12702",4,GRS202,,,False,False,False,A,True,,,2WD,4,6,,False,GRS202-1011136,Gray,QLD,03/12,,,,,,,,Yes,,,False,On_Order,,,,,,,,,0,,,,,5
101215,Toyota,Estima,G,,6ZZA0AHR207049330,,2010,117563,Van,Silver,2400,Auto,Petrol,"Power WIndow,Power Steering,Power Slide Doors,Air Condition,Push Start,Cruise Control,Power Mirror,Alloy Wheels",,"Welcome to NJ Japan Motors Australia<br />With nearly 25 years of experience in the automotive industry, NJ Japan Motors is proudly trusted across multiple countries for our outstanding customer service and quality vehicles. We specialise in a wide range of carefully selected, used Japanese-imported cars — all inspected and ready for Australian roads.<br /><br />🚗 This Vehicle is Currently IN TRANSIT<br />Enquire now to secure it before arrival.<br /><br />📍 Visit Us:<br />205 Ballarat Road, Maidstone, Victoria 3012<br />247 Boundary Road, Mordialloc VIC 3195<br />33 Randall St, Slacks Creek, QLD 4127<br /><br />📞 Call Us: +61 3 7044 8094 or +61 3 4329 0786<br />📧 Email: sales@njmotors.com.au<br />🌐 Browse Our Stock: www.njmotors.com.au<br /> <br />LMCT: 12702",4,AHR20,,,False,False,False,A,True,,,4wd,5,4,,False,AHR20-7049330,Beige,QLD,06/10,,,,,,,,Yes,,,False,On_Order,,,,,,,,,0,,,,,7
101216,Toyota,Estima,2.4 AERAS G EDITION,,6ZZA0ACR550024329,,2010,112203,Van,Silver,2400,Auto,Petrol,"Power WIndow,Power Steering,Air Condition,ABS Brakes,Reverse Camera,Push Start,Power SLide Doors,Alloy Wheels",,"Welcome to NJ Japan Motors Australia<br />With nearly 25 years of experience in the automotive industry, NJ Japan Motors is proudly trusted across multiple countries for our outstanding customer service and quality vehicles. We specialise in a wide range of carefully selected, used Japanese-imported cars — all inspected and ready for Australian roads.<br /><br />🚗 This Vehicle is Currently IN TRANSIT<br />Enquire now to secure it before arrival.<br /><br />📍 Visit Us:<br />205 Ballarat Road, Maidstone, Victoria 3012<br />247 Boundary Road, Mordialloc VIC 3195<br />33 Randall St, Slacks Creek, QLD 4127<br /><br />📞 Call Us: +61 3 7044 8094 or +61 3 4329 0786<br />📧 Email: sales@njmotors.com.au<br />🌐 Browse Our Stock: www.njmotors.com.au<br /> <br />LMCT: 12702",2,ACR55,,,False,False,False,A,True,,,4WD,5,4,,False,ACR55-0024329,Gray,VIC,06/10,,,,,,,,Yes,,,False,On_Order,,,,,,,,,0,,,,,7
101217,Honda,Odyssey,Hybrid Absolute EX Honda Sensing,,6ZZH000RC41150806,,2017,100869,Van,Black,2000,Auto,Hybrid,"Power Window,Power Steering,Air Condition,ABS Brakes,Power Slide Doors,Reverse Camera,Push Start",,"Welcome to NJ Japan Motors Australia<br />With nearly 25 years of experience in the automotive industry, NJ Japan Motors is proudly trusted across multiple countries for our outstanding customer service and quality vehicles. We specialise in a wide range of carefully selected, used Japanese-imported cars — all inspected and ready for Australian roads.<br /><br />🚗 This Vehicle is Currently IN TRANSIT<br />Enquire now to secure it before arrival.<br /><br />📍 Visit Us:<br />205 Ballarat Road, Maidstone, Victoria 3012<br />247 Boundary Road, Mordialloc VIC 3195<br />33 Randall St, Slacks Creek, QLD 4127<br /><br />📞 Call Us: +61 3 7044 8094 or +61 3 4329 0786<br />📧 Email: sales@njmotors.com.au<br />🌐 Browse Our Stock: www.njmotors.com.au<br /> <br />LMCT: 12702",2,RC4,,,False,False,False,A,True,,,2WD,5,4,,False,RC4-1150806,Gray,VIC,11/17,,,,,,,,Yes,,,False,On_Order,,,,,,,,,0,,,,,7
101218,Honda,Odyssey,Absolute Honda Sensing,,6ZZG000RC41007451,,2016,140932,Van,Pearl White,2000,Auto,Hybrid,"Power Window,Power Steering,Power Mirror,Power slide Doors,Air Condition,Reverse Camera",,"Welcome to NJ Japan Motors Australia<br />With nearly 25 years of experience in the automotive industry, NJ Japan Motors is proudly trusted across multiple countries for our outstanding customer service and quality vehicles. We specialise in a wide range of carefully selected, used Japanese-imported cars — all inspected and ready for Australian roads.<br /><br />🚗 This Vehicle is Currently IN TRANSIT<br />Enquire now to secure it before arrival.<br /><br />📍 Visit Us:<br />205 Ballarat Road, Maidstone, Victoria 3012<br />247 Boundary Road, Mordialloc VIC 3195<br />33 Randall St, Slacks Creek, QLD 4127<br /><br />📞 Call Us: +61 3 7044 8094 or +61 3 4329 0786<br />📧 Email: sales@njmotors.com.au<br />🌐 Browse Our Stock: www.njmotors.com.au<br /> <br />LMCT: 12702",4,RC4,,,False,False,False,A,True,,,2WD,5,4,,False,RC4-1007451,Gray,QLD,04/16,,,,,,,,Yes,,,False,On_Order,,,,,,,,,0,,,,,7
101219,Subaru,Impreza XV,Hybrid 2.0i EyeSight,,6ZZE0000GPE016570,,2014,70230,SUV,Desert Khaki,2000,Auto,Hybrid,"Power Widnow,Power Steering,Air Condition,Power Mirror,Push Start,ABS Brakes,Alloy Wheels",,"Welcome to NJ Japan Motors Australia<br />With nearly 25 years of experience in the automotive industry, NJ Japan Motors is proudly trusted across multiple countries for our outstanding customer service and quality vehicles. We specialise in a wide range of carefully selected, used Japanese-imported cars — all inspected and ready for Australian roads.<br /><br />🚗 This Vehicle is Currently IN TRANSIT<br />Enquire now to secure it before arrival.<br /><br />📍 Visit Us:<br />205 Ballarat Road, Maidstone, Victoria 3012<br />247 Boundary Road, Mordialloc VIC 3195<br />33 Randall St, Slacks Creek, QLD 4127<br /><br />📞 Call Us: +61 3 7044 8094 or +61 3 4329 0786<br />📧 Email: sales@njmotors.com.au<br />🌐 Browse Our Stock: www.njmotors.com.au<br /> <br />LMCT: 12702",2,GPE,,,False,False,False,A,True,,,4WD,5,4,,False,GPE-016570,Gray,VIC,04/14,,,,,,,,Yes,,,False,On_Order,,,,,,,,,0,,,,,5
101220,Toyota,Esquire,Hybrid GI,,6ZZJ0ZWR800331755,,2018,123500,Van,Black,1800,Auto,Hybrid,"Power Window,Power Steering,Air Condition,Alloy Wheels,Power Mirror,Reverse Camera,Push Start,Power Slide Doors",,"Welcome to NJ Japan Motors Australia<br />With nearly 25 years of experience in the automotive industry, NJ Japan Motors is proudly trusted across multiple countries for our outstanding customer service and quality vehicles. We specialise in a wide range of carefully selected, used Japanese-imported cars — all inspected and ready for Australian roads.<br /><br />🚗 This Vehicle is Currently IN TRANSIT<br />Enquire now to secure it before arrival.<br /><br />📍 Visit Us:<br />205 Ballarat Road, Maidstone, Victoria 3012<br />247 Boundary Road, Mordialloc VIC 3195<br />33 Randall St, Slacks Creek, QLD 4127<br /><br />📞 Call Us: +61 3 7044 8094 or +61 3 4329 0786<br />📧 Email: sales@njmotors.com.au<br />🌐 Browse Our Stock: www.njmotors.com.au<br /> <br />LMCT: 12702",4,ZWR80,,,False,False,False,A,True,,,2WD,5,4,,False,ZWR80-0331755,Black,QLD,05/18,,,,,,,,Yes,,,False,On_Order,,,,,,,,,0,,,,,7
101221,Honda,Vezel,HYBRID X,,6ZZG000RU31131207,,2016,96884,SUV,Black,1500,Auto,Hybrid,"Power Window,Power Steering,Air Condition,Power Mirror,Push Start,Reverse Camera,Cruise Control",,"Welcome to NJ Japan Motors Australia<br />With nearly 25 years of experience in the automotive industry, NJ Japan Motors is proudly trusted across multiple countries for our outstanding customer service and quality vehicles. We specialise in a wide range of carefully selected, used Japanese-imported cars — all inspected and ready for Australian roads.<br /><br />🚗 This Vehicle is Currently IN TRANSIT<br />Enquire now to secure it before arrival.<br /><br />📍 Visit Us:<br />205 Ballarat Road, Maidstone, Victoria 3012<br />247 Boundary Road, Mordialloc VIC 3195<br />33 Randall St, Slacks Creek, QLD 4127<br /><br />📞 Call Us: +61 3 7044 8094 or +61 3 4329 0786<br />📧 Email: sales@njmotors.com.au<br />🌐 Browse Our Stock: www.njmotors.com.au<br /> <br />LMCT: 12702",1,RU3,,,False,False,False,A,True,,,2WD,5,4,,False,RU3-1131207,Gray,VIC,02/16,,,,,,,,Yes,,,False,On_Order,,216,,,,,,,0,,,,,5
101222,Nissan,Elgrand,350 HIGHWAY STAR,,6ZZD000PE52040257,,2013,67340,Van,Black,3500,Auto,Petrol,"Power Window,Power Steering,Air Condition,Push Start,Alloy Wheels",,"Nissan Elgrand 2013  <br />Stock No: 101222<br />Mileage: 67,340 km<br /><br />Looking for a reliable, high-quality vehicle? This carefully selected Japanese import offers excellent value, comfort, and practicality.<br /><br />Every vehicle is sourced directly from Japan and selected to meet our high standards of quality and condition.<br /><br />Odometer Verified<br /><br />The odometer reading is verified through official Japanese Auction Sheets and Import Documentation, available for your reference and peace of mind.<br /><br />Price Includes:<br /><br />Roadworthy Certificate (RWC)<br />Registration<br />Transfer Fees<br /><br />Additional Services Available:<br /><br />Video Walkaround Inspections<br />Finance & Car Loan Options<br />GST Invoice Available<br />1-5 Year Extended Warranty<br />Australia-Wide Delivery Available<br /><br />Why Buy From UKA Japan Motors?<br /><br />Trusted Japanese Import Specialists<br />Quality Vehicles Direct from Japan<br />Verified Odometer Readings<br />Competitive Finance Solutions<br />Extended Warranty Options<br />Friendly & Experienced Team<br /><br /><br /><br />Mordialloc Yard<br />247 Boundary Road, Mordialloc VIC 3195<br />Phone: 03 7065 6403<br />sales.mordialloc@ukajapan.com.au<br />View Stock: www.ukajapan.com.au<br /><br />LMCT: 0012708<br /><br />Note: Vehicle specifications and features may be automatically generated by third-party platforms. Please confirm all features, options, and specifications with our sales team prior to purchase.",4,PE52,,,False,False,False,A,True,,,2WD,5,4,,False,PE52-040257,Black,QLD,01/13,,,,,,,,Yes,,,False,In_Stock,,,,,,,,,0,,,,,7
101223,Honda,Fit,L HONDA SENSING,,6ZZK000GP51345001,,2019,65270,Hatchback,Red,1500,Auto,Hybrid,"Power Window,Power Steering,Air Condition,Power Mirror,Reverse Camera,Push Start",,"Welcome to NJ Japan Motors Australia<br />With nearly 25 years of experience in the automotive industry, NJ Japan Motors is proudly trusted across multiple countries for our outstanding customer service and quality vehicles. We specialise in a wide range of carefully selected, used Japanese-imported cars — all inspected and ready for Australian roads.<br /><br />🚗 This Vehicle is Currently IN TRANSIT<br />Enquire now to secure it before arrival.<br /><br />📍 Visit Us:<br />205 Ballarat Road, Maidstone, Victoria 3012<br />247 Boundary Road, Mordialloc VIC 3195<br />33 Randall St, Slacks Creek, QLD 4127<br /><br />📞 Call Us: +61 3 7044 8094 or +61 3 4329 0786<br />📧 Email: sales@njmotors.com.au<br />🌐 Browse Our Stock: www.njmotors.com.au<br /> <br />LMCT: 12702",4,GP5,,,False,False,False,A,True,,,2WD,5,4,,False,GP5-1345001,Black,QLD,01/19,,,,,,,,Yes,,,False,On_Order,,,,,,,,,0,,,,,5
101224,Subaru,Impreza XV,2.0I-L EYESIGHT,,,,2014,100355,SUV,Beige,2000,Auto,Hybrid,,,"Welcome to NJ Japan Motors Australia<br />With nearly 25 years of experience in the automotive industry, NJ Japan Motors is proudly trusted across multiple countries for our outstanding customer service and quality vehicles. We specialise in a wide range of carefully selected, used Japanese-imported cars — all inspected and ready for Australian roads.<br /><br />🚗 This Vehicle is Currently IN TRANSIT<br />Enquire now to secure it before arrival.<br /><br />📍 Visit Us:<br />205 Ballarat Road, Maidstone, Victoria 3012<br />247 Boundary Road, Mordialloc VIC 3195<br />33 Randall St, Slacks Creek, QLD 4127<br /><br />📞 Call Us: +61 3 7044 8094 or +61 3 4329 0786<br />📧 Email: sales@njmotors.com.au<br />🌐 Browse Our Stock: www.njmotors.com.au<br /> <br />LMCT: 12702",2,GPE,,,False,False,False,A,True,,,2WD,5,4,,False,GPE-016365,Gray,VIC,04/14,,,,,,,,Yes,,,False,On_Order,,,,,,,,,0,,,,,5
101225,Nissan,Serena,HIGHWAY STAR V SELECTION Ⅱ,,6ZZJ00GFC27138253,,2018,95293,Van,Blue,2000,Auto,Hybrid,"Power Window,Power Steering,Air Condition,ABS Brakes,Push Start,Power Slide Doors,Alloy Wheels",,"Welcome to NJ Japan Motors Australia<br />With nearly 25 years of experience in the automotive industry, NJ Japan Motors is proudly trusted across multiple countries for our outstanding customer service and quality vehicles. We specialise in a wide range of carefully selected, used Japanese-imported cars — all inspected and ready for Australian roads.<br /><br />🚗 This Vehicle is Currently IN TRANSIT<br />Enquire now to secure it before arrival.<br /><br />📍 Visit Us:<br />205 Ballarat Road, Maidstone, Victoria 3012<br />247 Boundary Road, Mordialloc VIC 3195<br />33 Randall St, Slacks Creek, QLD 4127<br /><br />📞 Call Us: +61 3 7044 8094 or +61 3 4329 0786<br />📧 Email: sales@njmotors.com.au<br />🌐 Browse Our Stock: www.njmotors.com.au<br /> <br />LMCT: 12702",2,GFC27,,,False,False,False,A,True,,,2WD,5,4,,False,GFC27-138253,Black & White,VIC,09/18,,,,,,,,Yes,,,False,On_Order,,,,,,,,,0,,,,,8
101232,Honda,Fit,BASIC,,6ZZM000GR31200124,,2021,64783,Hatchback,Silver,1500,Auto,Hybrid,"Power Steering,Power Window,Air Condition,Push Start",,"Welcome to NJ Japan Motors Australia<br />With nearly 25 years of experience in the automotive industry, NJ Japan Motors is proudly trusted across multiple countries for our outstanding customer service and quality vehicles. We specialise in a wide range of carefully selected, used Japanese-imported cars — all inspected and ready for Australian roads.<br /><br />🚗 This Vehicle is Currently IN TRANSIT<br />Enquire now to secure it before arrival.<br /><br />📍 Visit Us:<br />205 Ballarat Road, Maidstone, Victoria 3012<br />247 Boundary Road, Mordialloc VIC 3195<br />33 Randall St, Slacks Creek, QLD 4127<br /><br />📞 Call Us: +61 3 7044 8094 or +61 3 4329 0786<br />📧 Email: sales@njmotors.com.au<br />🌐 Browse Our Stock: www.njmotors.com.au<br /> <br />LMCT: 12702",2,GR3,,,False,False,False,A,True,,,2WD,5,4,,False,GR3-1200124,Black,VIC,05/21,,,,,,,,Yes,,,False,On_Order,,,,,,,,,0,,,,,5
101233,Suzuki,Xbee,MX LED PACKAGE,,6ZZJ00MN71S119913,,2018,73576,SUV,Brown,1000,Auto,Hybrid,"Power Window,Power Steering,Reverse Camera,Heated Seats",,"Welcome to NJ Japan Motors Australia<br />With nearly 25 years of experience in the automotive industry, NJ Japan Motors is proudly trusted across multiple countries for our outstanding customer service and quality vehicles. We specialise in a wide range of carefully selected, used Japanese-imported cars — all inspected and ready for Australian roads.<br /><br />🚗 This Vehicle is Currently IN TRANSIT<br />Enquire now to secure it before arrival.<br /><br />📍 Visit Us:<br />205 Ballarat Road, Maidstone, Victoria 3012<br />247 Boundary Road, Mordialloc VIC 3195<br />33 Randall St, Slacks Creek, QLD 4127<br /><br />📞 Call Us: +61 3 7044 8094 or +61 3 4329 0786<br />📧 Email: sales@njmotors.com.au<br />🌐 Browse Our Stock: www.njmotors.com.au<br /> <br />LMCT: 12702",2,MN71S,,,False,False,False,A,True,,,2WD,5,3,,False,MN71S-119913,Gray,VIC,06/18,,,,,,,,Yes,,,False,On_Order,,,,,,,,,0,,,,,5
101234,Toyota,Aqua,HYBRID,,6ZZMMXPK102000345,,2021,94439,Hatchback,Silver,1500,Auto,Hybrid,"Power Window,Power Steering,Air Condition,Push Start",,"Welcome to NJ Japan Motors Australia<br />With nearly 25 years of experience in the automotive industry, NJ Japan Motors is proudly trusted across multiple countries for our outstanding customer service and quality vehicles. We specialise in a wide range of carefully selected, used Japanese-imported cars — all inspected and ready for Australian roads.<br /><br />🚗 This Vehicle is Currently IN TRANSIT<br />Enquire now to secure it before arrival.<br /><br />📍 Visit Us:<br />205 Ballarat Road, Maidstone, Victoria 3012<br />247 Boundary Road, Mordialloc VIC 3195<br />33 Randall St, Slacks Creek, QLD 4127<br /><br />📞 Call Us: +61 3 7044 8094 or +61 3 4329 0786<br />📧 Email: sales@njmotors.com.au<br />🌐 Browse Our Stock: www.njmotors.com.au<br /> <br />LMCT: 12702",2,MXPK10,,,False,False,False,A,True,,,2WD,5,4,,False,MXPK10-2000345,Black,VIC,08/21,,,,,,,,Yes,,,False,On_Order,,,,,,,,,0,,,,,5
101235,Toyota,Estima,X,,6ZZB0AHR207058477,,2011,92223,Sedan,Pearl White,2400,Auto,Petrol,"Power Window,Power Steering,Power Slide Doors,Air Condition,ABS Brakes,Push Start,Power Mirror",,"Welcome to NJ Japan Motors Australia<br />With nearly 25 years of experience in the automotive industry, NJ Japan Motors is proudly trusted across multiple countries for our outstanding customer service and quality vehicles. We specialise in a wide range of carefully selected, used Japanese-imported cars — all inspected and ready for Australian roads.<br /><br />🚗 This Vehicle is Currently IN TRANSIT<br />Enquire now to secure it before arrival.<br /><br />📍 Visit Us:<br />205 Ballarat Road, Maidstone, Victoria 3012<br />247 Boundary Road, Mordialloc VIC 3195<br />33 Randall St, Slacks Creek, QLD 4127<br /><br />📞 Call Us: +61 3 7044 8094 or +61 3 4329 0786<br />📧 Email: sales@njmotors.com.au<br />🌐 Browse Our Stock: www.njmotors.com.au<br /> <br />LMCT: 12702",4,AHR20,,,False,False,False,A,True,,,4WD,5,4,,False,AHR20-7058477,Gray,QLD,10/11,,,,,,,,Yes,,,False,On_Order,,,,,,,,,0,,,,,7
101236,Toyota,Crown,HYBRID STANDARD PACKAGE,,6ZZ9GWS2040010628,,2009,93367,Sedan,Silver,3500,Auto,Hybrid,"Power Window,Power Steering,Power Mirror,ABS Brakes,Reverse Camera,Push Start,Fog Lights",,"Welcome to NJ Japan Motors Australia<br />With nearly 25 years of experience in the automotive industry, NJ Japan Motors is proudly trusted across multiple countries for our outstanding customer service and quality vehicles. We specialise in a wide range of carefully selected, used Japanese-imported cars — all inspected and ready for Australian roads.<br /><br />🚗 This Vehicle is Currently IN TRANSIT<br />Enquire now to secure it before arrival.<br /><br />📍 Visit Us:<br />205 Ballarat Road, Maidstone, Victoria 3012<br />247 Boundary Road, Mordialloc VIC 3195<br />33 Randall St, Slacks Creek, QLD 4127<br /><br />📞 Call Us: +61 3 7044 8094 or +61 3 4329 0786<br />📧 Email: sales@njmotors.com.au<br />🌐 Browse Our Stock: www.njmotors.com.au<br /> <br />LMCT: 12702",1,GWS204,,,False,False,False,A,True,,,2WD,4,6,,False,GWS204-0010628,Gray,VIC,04/09,,,,,,,,Yes,,,False,On_Order,,,,,,,,,0,,,,,5
101237,Lexus,LS,Version L,,6ZZD0USF455019136,,2013,136410,Sedan,White,4600,Auto,Petrol,"Power Window,Power Steering,Push Start,Air Condition,ABS Brakes,Power Mirror,Fog Lights,Reverse Camera",,"Welcome to NJ Japan Motors Australia<br />With nearly 25 years of experience in the automotive industry, NJ Japan Motors is proudly trusted across multiple countries for our outstanding customer service and quality vehicles. We specialise in a wide range of carefully selected, used Japanese-imported cars — all inspected and ready for Australian roads.<br /><br />🚗 This Vehicle is Currently IN TRANSIT<br />Enquire now to secure it before arrival.<br /><br />📍 Visit Us:<br />205 Ballarat Road, Maidstone, Victoria 3012<br />247 Boundary Road, Mordialloc VIC 3195<br />33 Randall St, Slacks Creek, QLD 4127<br /><br />📞 Call Us: +61 3 7044 8094 or +61 3 4329 0786<br />📧 Email: sales@njmotors.com.au<br />🌐 Browse Our Stock: www.njmotors.com.au<br /> <br />LMCT: 12702",4,USF45,,,False,False,False,A,True,,,4WD,4,8,,False,USF45-5019136,Beige,QLD,07/13,,,,,,,,Yes,,,False,On_Order,,,,,,,,,0,,,,,5
101238,Toyota,Crown Majesta,Majesta A Type,,6ZZBURS2061005579,,2011,81806,Sedan,Pearl White,4600,Auto,Petrol,"Power Window,Power Steering,Air Condition,Alloy Wheels,Winker Mirror",,"Welcome to NJ Japan Motors Australia<br />With nearly 25 years of experience in the automotive industry, NJ Japan Motors is proudly trusted across multiple countries for our outstanding customer service and quality vehicles. We specialise in a wide range of carefully selected, used Japanese-imported cars — all inspected and ready for Australian roads.<br /><br />🚗 This Vehicle is Currently IN TRANSIT<br />Enquire now to secure it before arrival.<br /><br />📍 Visit Us:<br />205 Ballarat Road, Maidstone, Victoria 3012<br />247 Boundary Road, Mordialloc VIC 3195<br />33 Randall St, Slacks Creek, QLD 4127<br /><br />📞 Call Us: +61 3 7044 8094 or +61 3 4329 0786<br />📧 Email: sales@njmotors.com.au<br />🌐 Browse Our Stock: www.njmotors.com.au<br /> <br />LMCT: 12702",2,URS206,,,False,False,False,A,True,,,2WD,4,8,,False,URS206-1005579,Gray,QLD,06/11,,,,,,,,Yes,,,False,On_Order,,,,,,,,,0,,,,,5
101239,Honda,Vezel,HYBRID Z HONDA SENSING,,6ZZJ000RU31304733,,2018,81637,SUV,Black,1500,Auto,Hybrid,"Power Window,Power Steering,Air Condition,Push Start,Heated Seats",,"Welcome to NJ Japan Motors Australia<br />With nearly 25 years of experience in the automotive industry, NJ Japan Motors is proudly trusted across multiple countries for our outstanding customer service and quality vehicles. We specialise in a wide range of carefully selected, used Japanese-imported cars — all inspected and ready for Australian roads.<br /><br />🚗 This Vehicle is Currently IN TRANSIT<br />Enquire now to secure it before arrival.<br /><br />📍 Visit Us:<br />205 Ballarat Road, Maidstone, Victoria 3012<br />247 Boundary Road, Mordialloc VIC 3195<br />33 Randall St, Slacks Creek, QLD 4127<br /><br />📞 Call Us: +61 3 7044 8094 or +61 3 4329 0786<br />📧 Email: sales@njmotors.com.au<br />🌐 Browse Our Stock: www.njmotors.com.au<br /> <br />LMCT: 12702",2,RU3,,,False,False,False,A,True,,,2WD,5,4,,False,RU3-1304733,Gray,VIC,02/18,,,,,,,,Yes,,,False,On_Order,,,,,,,,,0,,,,,5
101240,Toyota,Hiace,DX,,6ZZKTRH2000306100,,2019,50745,Van,Silver,2000,Auto,Petrol,"Power Window,Power Steering,Air Condition",,"Welcome to NJ Japan Motors Australia<br />With nearly 25 years of experience in the automotive industry, NJ Japan Motors is proudly trusted across multiple countries for our outstanding customer service and quality vehicles. We specialise in a wide range of carefully selected, used Japanese-imported cars — all inspected and ready for Australian roads.<br /><br />🚗 This Vehicle is Currently IN TRANSIT<br />Enquire now to secure it before arrival.<br /><br />📍 Visit Us:<br />205 Ballarat Road, Maidstone, Victoria 3012<br />247 Boundary Road, Mordialloc VIC 3195<br />33 Randall St, Slacks Creek, QLD 4127<br /><br />📞 Call Us: +61 3 7044 8094 or +61 3 4329 0786<br />📧 Email: sales@njmotors.com.au<br />🌐 Browse Our Stock: www.njmotors.com.au<br /> <br />LMCT: 12702",2,TRH200,,,False,False,False,A,True,,,2WD,5,4,,False,TRH200-0306100,Gray,VIC,07/19,,,,,,,,Yes,,,False,On_Order_With_Offer,,,,,,,,,0,,,,,3
101241,Subaru,Impreza XV,_,,6ZZE0000GPE021568,,2014,65918,SUV,Black,2000,Auto,Hybrid,"Power Window,Power Steering,Air Condition,Push Start,Power Mirror",,"Welcome to NJ Japan Motors Australia<br />With nearly 25 years of experience in the automotive industry, NJ Japan Motors is proudly trusted across multiple countries for our outstanding customer service and quality vehicles. We specialise in a wide range of carefully selected, used Japanese-imported cars — all inspected and ready for Australian roads.<br /><br />🚗 This Vehicle is Currently IN TRANSIT<br />Enquire now to secure it before arrival.<br /><br />📍 Visit Us:<br />205 Ballarat Road, Maidstone, Victoria 3012<br />247 Boundary Road, Mordialloc VIC 3195<br />33 Randall St, Slacks Creek, QLD 4127<br /><br />📞 Call Us: +61 3 7044 8094 or +61 3 4329 0786<br />📧 Email: sales@njmotors.com.au<br />🌐 Browse Our Stock: www.njmotors.com.au<br /> <br />LMCT: 12702",1,GPE,,,False,False,False,A,True,,,4WD,5,4,,False,GPE-021568,Gray,VIC,12/14,,,,,,,,Yes,,,False,On_Order,,,,,,,,,0,,,,,5
101242,Honda,Vezel,X HONDA SENSING,,6ZZJ000RU31306685,,2018,73600,SUV,Pearl White,1500,Auto,Hybrid,"Power Window,Power Steering,Air Condition,Winker Mirror,Alloy Wheels",,"Welcome to NJ Japan Motors Australia<br />With nearly 25 years of experience in the automotive industry, NJ Japan Motors is proudly trusted across multiple countries for our outstanding customer service and quality vehicles. We specialise in a wide range of carefully selected, used Japanese-imported cars — all inspected and ready for Australian roads.<br /><br />🚗 This Vehicle is Currently IN TRANSIT<br />Enquire now to secure it before arrival.<br /><br />📍 Visit Us:<br />205 Ballarat Road, Maidstone, Victoria 3012<br />247 Boundary Road, Mordialloc VIC 3195<br />33 Randall St, Slacks Creek, QLD 4127<br /><br />📞 Call Us: +61 3 7044 8094 or +61 3 4329 0786<br />📧 Email: sales@njmotors.com.au<br />🌐 Browse Our Stock: www.njmotors.com.au<br /> <br />LMCT: 12702",2,SPECIFICATIONS,,,False,False,False,A,True,,,2WD,5,4,,False,RU3-1306685,Black,VIC,03/18,,,,,,,,Yes,,,False,On_Order,,,,,,,,,0,,,,,5
101243,Toyota,C-HR,G,,6ZZJ0ZYX102158946,,2018,97869,SUV,Pearl White,1800,Auto,Hybrid,"Power Window,Power Steering,Air Condition,Winker Mirror,Alloy Wheels",,"Welcome to NJ Japan Motors Australia<br />With nearly 25 years of experience in the automotive industry, NJ Japan Motors is proudly trusted across multiple countries for our outstanding customer service and quality vehicles. We specialise in a wide range of carefully selected, used Japanese-imported cars — all inspected and ready for Australian roads.<br /><br />🚗 This Vehicle is Currently IN TRANSIT<br />Enquire now to secure it before arrival.<br /><br />📍 Visit Us:<br />205 Ballarat Road, Maidstone, Victoria 3012<br />247 Boundary Road, Mordialloc VIC 3195<br />33 Randall St, Slacks Creek, QLD 4127<br /><br />📞 Call Us: +61 3 7044 8094 or +61 3 4329 0786<br />📧 Email: sales@njmotors.com.au<br />🌐 Browse Our Stock: www.njmotors.com.au<br /> <br />LMCT: 12702",2,ZYX10,,,False,False,False,A,True,,,2WD,5,4,,False,ZYX10-2158946,Black,VIC,11/18,,,,,,,,Yes,,,False,On_Order,,,,,,,,,0,,,,,5
101244,Suzuki,XBEE,HYBRID MZ,,6ZZL00MN71S163711,,2020,20824,SUV,Red,1000,Auto,Hybrid,"Power Window,Power Steering,Air Condition,PushStart",,"Welcome to NJ Japan Motors Australia<br />With nearly 25 years of experience in the automotive industry, NJ Japan Motors is proudly trusted across multiple countries for our outstanding customer service and quality vehicles. We specialise in a wide range of carefully selected, used Japanese-imported cars — all inspected and ready for Australian roads.<br /><br />🚗 This Vehicle is Currently IN TRANSIT<br />Enquire now to secure it before arrival.<br /><br />📍 Visit Us:<br />205 Ballarat Road, Maidstone, Victoria 3012<br />247 Boundary Road, Mordialloc VIC 3195<br />33 Randall St, Slacks Creek, QLD 4127<br /><br />📞 Call Us: +61 3 7044 8094 or +61 3 4329 0786<br />📧 Email: sales@njmotors.com.au<br />🌐 Browse Our Stock: www.njmotors.com.au<br /> <br />LMCT: 12702",2,MN71S,,,False,False,False,A,True,,,2WD,5,3,,False,MN71S-163711,Black,VIC,09/20,,,,,,,,Yes,,,False,On_Order,,,,,,,,,0,,,,,5
101245,Subaru,XV,ADVANCE,,6ZZK0000GTE010963,,2019,94997,SUV,Black,2000,Auto,Hybrid,"Power Window,Power Steering,Air Condition,ABS Brakes,Alloy Wheels",,"Welcome to NJ Japan Motors Australia<br />With nearly 25 years of experience in the automotive industry, NJ Japan Motors is proudly trusted across multiple countries for our outstanding customer service and quality vehicles. We specialise in a wide range of carefully selected, used Japanese-imported cars — all inspected and ready for Australian roads.<br /><br />🚗 This Vehicle is Currently IN TRANSIT<br />Enquire now to secure it before arrival.<br /><br />📍 Visit Us:<br />205 Ballarat Road, Maidstone, Victoria 3012<br />247 Boundary Road, Mordialloc VIC 3195<br />33 Randall St, Slacks Creek, QLD 4127<br /><br />📞 Call Us: +61 3 7044 8094 or +61 3 4329 0786<br />📧 Email: sales@njmotors.com.au<br />🌐 Browse Our Stock: www.njmotors.com.au<br /> <br />LMCT: 12702",2,GTE,,,False,False,False,A,True,,,4WD,5,4,,False,GTE-010963,Black,VIC,11/19,,,,,,,,Yes,,,False,On_Order,,,,,,,,,0,,,,,5
101246,Toyota,Prius PHV,S SAFTY PACKAGE,,6ZZL0ZVW523153940,,2020,49358,Hatchback,Blue,1800,Auto,Hybrid,"Power Window,Power Steering,Air Condition,ABS Brakes,Alloy Wheels",,"Welcome to NJ Japan Motors Australia<br />With nearly 25 years of experience in the automotive industry, NJ Japan Motors is proudly trusted across multiple countries for our outstanding customer service and quality vehicles. We specialise in a wide range of carefully selected, used Japanese-imported cars — all inspected and ready for Australian roads.<br /><br />🚗 This Vehicle is Currently IN TRANSIT<br />Enquire now to secure it before arrival.<br /><br />📍 Visit Us:<br />205 Ballarat Road, Maidstone, Victoria 3012<br />247 Boundary Road, Mordialloc VIC 3195<br />33 Randall St, Slacks Creek, QLD 4127<br /><br />📞 Call Us: +61 3 7044 8094 or +61 3 4329 0786<br />📧 Email: sales@njmotors.com.au<br />🌐 Browse Our Stock: www.njmotors.com.au<br /> <br />LMCT: 12702",2,ZVW52,,,False,False,False,A,True,,,2WD,5,4,,False,ZVW52-3153940,Gray,VIC,02/20,,,,,,,,Yes,,,False,On_Order,,,,,,,,,0,,,,,5
101247,Toyota,Voxy,Pearl White,,6ZZH0ZRR800319946,,2017,119402,Van,Pearl White,2000,Auto,Petrol,"Power Window,Power Steering,Air Condition,Winker Mirror,Alloy Wheels",,"Welcome to NJ Japan Motors Australia<br />With nearly 25 years of experience in the automotive industry, NJ Japan Motors is proudly trusted across multiple countries for our outstanding customer service and quality vehicles. We specialise in a wide range of carefully selected, used Japanese-imported cars — all inspected and ready for Australian roads.<br /><br />🚗 This Vehicle is Currently IN TRANSIT<br />Enquire now to secure it before arrival.<br /><br />📍 Visit Us:<br />205 Ballarat Road, Maidstone, Victoria 3012<br />247 Boundary Road, Mordialloc VIC 3195<br />33 Randall St, Slacks Creek, QLD 4127<br /><br />📞 Call Us: +61 3 7044 8094 or +61 3 4329 0786<br />📧 Email: sales@njmotors.com.au<br />🌐 Browse Our Stock: www.njmotors.com.au<br /> <br />LMCT: 12702",2,ZRR80,,,False,False,False,A,True,,,2WD,5,4,,False,ZRR80-0319946,Gray,VIC,05/17,,,,,,,,Yes,,,False,On_Order,,,,,,,,,0,,,,,8
101248,Toyota,C-HR,G LED EDITION,,6ZZJ0ZYX102119327,,2018,96846,SUV,Silver,1800,Auto,Hybrid,"Power Window,Steering,Air Condition,Alloy WHeels,Rear Spoiler",,"Welcome to NJ Japan Motors Australia<br />With nearly 25 years of experience in the automotive industry, NJ Japan Motors is proudly trusted across multiple countries for our outstanding customer service and quality vehicles. We specialise in a wide range of carefully selected, used Japanese-imported cars — all inspected and ready for Australian roads.<br /><br />🚗 This Vehicle is Currently IN TRANSIT<br />Enquire now to secure it before arrival.<br /><br />📍 Visit Us:<br />205 Ballarat Road, Maidstone, Victoria 3012<br />247 Boundary Road, Mordialloc VIC 3195<br />33 Randall St, Slacks Creek, QLD 4127<br /><br />📞 Call Us: +61 3 7044 8094 or +61 3 4329 0786<br />📧 Email: sales@njmotors.com.au<br />🌐 Browse Our Stock: www.njmotors.com.au<br /> <br />LMCT: 12702",2,ZYX10,,,False,False,False,A,True,,,2WD,5,4,,False,ZYX10-2119327,Gray,VIC,03/18,,,,,,,,Yes,,,False,On_Order,,,,,,,,,0,,,,,5
101249,Honda,Vezel,HYBRID X,,6ZZJ000RU31324273,,2018,99025,SUV,Red,1500,Auto,Hybrid,"Power Window,power Steering,Air Condition,Rear Spoiler",,"Welcome to NJ Japan Motors Australia<br />With nearly 25 years of experience in the automotive industry, NJ Japan Motors is proudly trusted across multiple countries for our outstanding customer service and quality vehicles. We specialise in a wide range of carefully selected, used Japanese-imported cars — all inspected and ready for Australian roads.<br /><br />🚗 This Vehicle is Currently IN TRANSIT<br />Enquire now to secure it before arrival.<br /><br />📍 Visit Us:<br />205 Ballarat Road, Maidstone, Victoria 3012<br />247 Boundary Road, Mordialloc VIC 3195<br />33 Randall St, Slacks Creek, QLD 4127<br /><br />📞 Call Us: +61 3 7044 8094 or +61 3 4329 0786<br />📧 Email: sales@njmotors.com.au<br />🌐 Browse Our Stock: www.njmotors.com.au<br /> <br />LMCT: 12702",2,RU3,,,False,False,False,A,True,,,2WD,5,4,,False,RU3-1324273,Gray,VIC,09/18,,,,,,,,Yes,,,False,On_Order,,,,,,,,,0,,,,,5
101250,Toyota,C-HR,S,,6ZZJ0ZYX102143025,,2019,59629,SUV,Black,1800,Auto,Hybrid,"Power Window,Power Steering,Air Condition,Rear Spoiler,Winker MIrror",,"Welcome to NJ Japan Motors Australia<br />With nearly 25 years of experience in the automotive industry, NJ Japan Motors is proudly trusted across multiple countries for our outstanding customer service and quality vehicles. We specialise in a wide range of carefully selected, used Japanese-imported cars — all inspected and ready for Australian roads.<br /><br />🚗 This Vehicle is Currently IN TRANSIT<br />Enquire now to secure it before arrival.<br /><br />📍 Visit Us:<br />205 Ballarat Road, Maidstone, Victoria 3012<br />247 Boundary Road, Mordialloc VIC 3195<br />33 Randall St, Slacks Creek, QLD 4127<br /><br />📞 Call Us: +61 3 7044 8094 or +61 3 4329 0786<br />📧 Email: sales@njmotors.com.au<br />🌐 Browse Our Stock: www.njmotors.com.au<br /> <br />LMCT: 12702",2,ZYX10,,,False,False,False,A,True,,,2WD,5,4,,False,ZYX10-2143025,Gray,VIC,08/18,,,,,,,,Yes,,,False,On_Order,,,,,,,,,0,,,,,5
101251,Toyota,Noah,HYBRID SI WXB,,6ZZJ0ZWR800342968,,2018,102795,Van,Black,1800,Auto,Hybrid,"Power Window,Power Steering,Air Condition,Winker Mirror",,"Welcome to NJ Japan Motors Australia<br />With nearly 25 years of experience in the automotive industry, NJ Japan Motors is proudly trusted across multiple countries for our outstanding customer service and quality vehicles. We specialise in a wide range of carefully selected, used Japanese-imported cars — all inspected and ready for Australian roads.<br /><br />🚗 This Vehicle is Currently IN TRANSIT<br />Enquire now to secure it before arrival.<br /><br />📍 Visit Us:<br />205 Ballarat Road, Maidstone, Victoria 3012<br />247 Boundary Road, Mordialloc VIC 3195<br />33 Randall St, Slacks Creek, QLD 4127<br /><br />📞 Call Us: +61 3 7044 8094 or +61 3 4329 0786<br />📧 Email: sales@njmotors.com.au<br />🌐 Browse Our Stock: www.njmotors.com.au<br /> <br />LMCT: 12702",2,ZWR80,,,False,False,False,A,True,,,2WD,5,4,,False,ZWR80-0342968,Gray,VIC,08/18,,,,,,,,Yes,,,False,On_Order,,,,,,,,,0,,,,,7
101252,Honda,Odyssey,HYBRID ABSOLUTE HONDA SENSING,,6ZZG000RC41000234,,2016,133049,Van,Pearl White,2000,Auto,Hybrid,"Power Window,Power Steering,Air Condition,Winker Mirror",,"Welcome to NJ Japan Motors Australia<br />With nearly 25 years of experience in the automotive industry, NJ Japan Motors is proudly trusted across multiple countries for our outstanding customer service and quality vehicles. We specialise in a wide range of carefully selected, used Japanese-imported cars — all inspected and ready for Australian roads.<br /><br />🚗 This Vehicle is Currently IN TRANSIT<br />Enquire now to secure it before arrival.<br /><br />📍 Visit Us:<br />205 Ballarat Road, Maidstone, Victoria 3012<br />247 Boundary Road, Mordialloc VIC 3195<br />33 Randall St, Slacks Creek, QLD 4127<br /><br />📞 Call Us: +61 3 7044 8094 or +61 3 4329 0786<br />📧 Email: sales@njmotors.com.au<br />🌐 Browse Our Stock: www.njmotors.com.au<br /> <br />LMCT: 12702",2,RC4,,,False,False,False,A,True,,,2WD,5,4,,False,RC4-1000234,Gray,VIC,01/16,,,,,,,,Yes,,,False,On_Order,,,,,,,,,0,,,,,7
101253,Toyota,Noah,XV Package,,6ZZF0ZRR800166824,,2015,92667,Van,Purple,,Auto,Petrol,"Power Window,Power Steering,Air Condition,Reverse Camera,Power Slide Doors",,"Welcome to NJ Japan Motors Australia<br />With nearly 25 years of experience in the automotive industry, NJ Japan Motors is proudly trusted across multiple countries for our outstanding customer service and quality vehicles. We specialise in a wide range of carefully selected, used Japanese-imported cars — all inspected and ready for Australian roads.<br /><br />🚗 This Vehicle is Currently IN TRANSIT<br />Enquire now to secure it before arrival.<br /><br />📍 Visit Us:<br />205 Ballarat Road, Maidstone, Victoria 3012<br />247 Boundary Road, Mordialloc VIC 3195<br />33 Randall St, Slacks Creek, QLD 4127<br /><br />📞 Call Us: +61 3 7044 8094 or +61 3 4329 0786<br />📧 Email: sales@njmotors.com.au<br />🌐 Browse Our Stock: www.njmotors.com.au<br /> <br />LMCT: 12702",1,ZRR80,,,False,False,False,A,True,,,2WD,5,4,,False,ZRR80-0166824,Gray,VIC,10/15,,,2,,,,,Yes,,,False,On_Order,,,,,,,,,0,,,,,7
101254,Toyota,Noah,SI,,6ZZE0ZRR800074879,,2014,108400,Van,Purple,2000,Auto,Petrol,"Power Window,Power Steering,Air Condition,Reverse Camera,Push Start,Power Slide Doors,Power Mirror",,"Welcome to NJ Japan Motors Australia<br />With nearly 25 years of experience in the automotive industry, NJ Japan Motors is proudly trusted across multiple countries for our outstanding customer service and quality vehicles. We specialise in a wide range of carefully selected, used Japanese-imported cars — all inspected and ready for Australian roads.<br /><br />🚗 This Vehicle is Currently IN TRANSIT<br />Enquire now to secure it before arrival.<br /><br />📍 Visit Us:<br />205 Ballarat Road, Maidstone, Victoria 3012<br />247 Boundary Road, Mordialloc VIC 3195<br />33 Randall St, Slacks Creek, QLD 4127<br /><br />📞 Call Us: +61 3 7044 8094 or +61 3 4329 0786<br />📧 Email: sales@njmotors.com.au<br />🌐 Browse Our Stock: www.njmotors.com.au<br /> <br />LMCT: 12702",4,ZRR80,,,False,False,False,A,True,,,2WD,5,4,,False,ZRR80-0074879,Gray,QLD,10/14,,,,,,,,Yes,,,False,On_Order,,,,,,,,,0,,,,,8
101257,Honda,Odyssey,HYBRID ABSOLUTE HONDA SENSING,,6ZZG000RC41011731,,2016,134119,Van,Gray,2000,Auto,Hybrid,"Power Window,Power Steering,ABS Brakes,Air Condition",,"Welcome to NJ Japan Motors Australia<br />With nearly 25 years of experience in the automotive industry, NJ Japan Motors is proudly trusted across multiple countries for our outstanding customer service and quality vehicles. We specialise in a wide range of carefully selected, used Japanese-imported cars — all inspected and ready for Australian roads.<br /><br />🚗 This Vehicle is Currently IN TRANSIT<br />Enquire now to secure it before arrival.<br /><br />📍 Visit Us:<br />205 Ballarat Road, Maidstone, Victoria 3012<br />247 Boundary Road, Mordialloc VIC 3195<br />33 Randall St, Slacks Creek, QLD 4127<br /><br />📞 Call Us: +61 3 7044 8094 or +61 3 4329 0786<br />📧 Email: sales@njmotors.com.au<br />🌐 Browse Our Stock: www.njmotors.com.au<br /> <br />LMCT: 12702",2,RC4,,,False,False,False,A,True,,,2WD,5,4,,False,RC4-1011731,Gray,VIC,06/16,,,,,,,,Yes,,,False,On_Order,,,,,,,,,0,,,,,7
101258,Toyota,Aqua,X,,6ZZNMXPK112074169,,2022,87902,Hatchback,Blue,1500,Auto,Hybrid,"Power Window,Power Steering,Air Condition,Winker Mirror",,"Welcome to NJ Japan Motors Australia<br />With nearly 25 years of experience in the automotive industry, NJ Japan Motors is proudly trusted across multiple countries for our outstanding customer service and quality vehicles. We specialise in a wide range of carefully selected, used Japanese-imported cars — all inspected and ready for Australian roads.<br /><br />🚗 This Vehicle is Currently IN TRANSIT<br />Enquire now to secure it before arrival.<br /><br />📍 Visit Us:<br />205 Ballarat Road, Maidstone, Victoria 3012<br />247 Boundary Road, Mordialloc VIC 3195<br />33 Randall St, Slacks Creek, QLD 4127<br /><br />📞 Call Us: +61 3 7044 8094 or +61 3 4329 0786<br />📧 Email: sales@njmotors.com.au<br />🌐 Browse Our Stock: www.njmotors.com.au<br /> <br />LMCT: 12702",2,MXPK11,,,False,False,False,A,True,,,2WD,5,4,,False,MXPK11-2074169,Gray,VIC,07/22,,,,,,,,Yes,,,False,On_Order,,,,,,,,,0,,,,,5
101259,Toyota,Vellfire,,,6ZZE0ATH208042802,,2014,109956,Van,Silver,3456,Auto,Petrol - Premium ULP,"Power Window,Power Steering,Air Condition,Alloy Wheel,Winker Mirror,ABS Brakes",,"Welcome to NJ Japan Motors Australia<br />With nearly 25 years of experience in the automotive industry, NJ Japan Motors is proudly trusted across multiple countries for our outstanding customer service and quality vehicles. We specialise in a wide range of carefully selected, used Japanese-imported cars — all inspected and ready for Australian roads.<br /><br />🚗 This Vehicle is Currently IN TRANSIT<br />Enquire now to secure it before arrival.<br /><br />📍 Visit Us:<br />205 Ballarat Road, Maidstone, Victoria 3012<br />247 Boundary Road, Mordialloc VIC 3195<br />33 Randall St, Slacks Creek, QLD 4127<br /><br />📞 Call Us: +61 3 7044 8094 or +61 3 4329 0786<br />📧 Email: sales@njmotors.com.au<br />🌐 Browse Our Stock: www.njmotors.com.au<br /> <br />LMCT: 12702",2,ATH20,,,False,False,False,A,True,,,Front Wheel Drive,5,6,,False,ATH20-8042802,Gray,VIC,04/14,,0,0,0,,,,,,,False,On_Order,,6,209,209,280.06,,,,0,,,,,7
101262,Toyota,C-HR,G LED EDITION,,6ZZJ0ZYX102114765,,2018,81447,Hatchback,Black,1800,Auto,Hybrid,"Power Window,Power Steering,Air Condition,Leather Seats",,"Welcome to NJ Japan Motors Australia<br />With nearly 25 years of experience in the automotive industry, NJ Japan Motors is proudly trusted across multiple countries for our outstanding customer service and quality vehicles. We specialise in a wide range of carefully selected, used Japanese-imported cars — all inspected and ready for Australian roads.<br /><br />🚗 This Vehicle is Currently IN TRANSIT<br />Enquire now to secure it before arrival.<br /><br />📍 Visit Us:<br />205 Ballarat Road, Maidstone, Victoria 3012<br />247 Boundary Road, Mordialloc VIC 3195<br />33 Randall St, Slacks Creek, QLD 4127<br /><br />📞 Call Us: +61 3 7044 8094 or +61 3 4329 0786<br />📧 Email: sales@njmotors.com.au<br />🌐 Browse Our Stock: www.njmotors.com.au<br /> <br />LMCT: 12702",2,ZYX10,,,False,False,False,A,True,,,2wd,5,4,,False,ZYX10-2114765,Black,VIC,03/18,,,,,,,,Yes,,,False,On_Order,,,,,,,,,0,,,,,5
101263,Toyota,Voxy,ZS Type,,6ZZJ0ZWR800323508,,2018,125044,Van,Black,1800,Auto,Hybrid,"Power Window,Steering,Air Condition,Rear Spoiler,Alloy Wheels",,"Welcome to NJ Japan Motors Australia<br />With nearly 25 years of experience in the automotive industry, NJ Japan Motors is proudly trusted across multiple countries for our outstanding customer service and quality vehicles. We specialise in a wide range of carefully selected, used Japanese-imported cars — all inspected and ready for Australian roads.<br /><br />🚗 This Vehicle is Currently IN TRANSIT<br />Enquire now to secure it before arrival.<br /><br />📍 Visit Us:<br />205 Ballarat Road, Maidstone, Victoria 3012<br />247 Boundary Road, Mordialloc VIC 3195<br />33 Randall St, Slacks Creek, QLD 4127<br /><br />📞 Call Us: +61 3 7044 8094 or +61 3 4329 0786<br />📧 Email: sales@njmotors.com.au<br />🌐 Browse Our Stock: www.njmotors.com.au<br /> <br />LMCT: 12702",2,ZWR80,,,False,False,False,A,True,,,2WD,5,4,,False,ZWR80-0323508,Gray,VIC,04/18,,,,,,,,Yes,,,False,On_Order,,,,,,,,,0,,,,,7
101264,Honda,Fit,HEV,,6ZZM000GR31203387,,2021,71000,Hatchback,Silver,1500,Auto,Hybrid,"Power Window,Power Steering,Air Condition,Alloy Wheels",,"Welcome to NJ Japan Motors Australia<br />With nearly 25 years of experience in the automotive industry, NJ Japan Motors is proudly trusted across multiple countries for our outstanding customer service and quality vehicles. We specialise in a wide range of carefully selected, used Japanese-imported cars — all inspected and ready for Australian roads.<br /><br />🚗 This Vehicle is Currently IN TRANSIT<br />Enquire now to secure it before arrival.<br /><br />📍 Visit Us:<br />205 Ballarat Road, Maidstone, Victoria 3012<br />247 Boundary Road, Mordialloc VIC 3195<br />33 Randall St, Slacks Creek, QLD 4127<br /><br />📞 Call Us: +61 3 7044 8094 or +61 3 4329 0786<br />📧 Email: sales@njmotors.com.au<br />🌐 Browse Our Stock: www.njmotors.com.au<br /> <br />LMCT: 12702",2,GR3,,,False,False,False,A,True,,,2WD,5,4,,False,GR3-1203387,Gray,VIC,08/21,,,,,,,,Yes,,,False,On_Order,,,,,,,,,0,,,,,5
101265,Honda,Odyssey,HYBRID ABUSOLUTE EX,,6ZZH000RC41025218,,2017,114740,Van,Black,2000,Auto,Hybrid,"Power Window,Power Steering,Air Condition,Rear Spoiler,Winker Mirror",,"Welcome to NJ Japan Motors Australia<br />With nearly 25 years of experience in the automotive industry, NJ Japan Motors is proudly trusted across multiple countries for our outstanding customer service and quality vehicles. We specialise in a wide range of carefully selected, used Japanese-imported cars — all inspected and ready for Australian roads.<br /><br />🚗 This Vehicle is Currently IN TRANSIT<br />Enquire now to secure it before arrival.<br /><br />📍 Visit Us:<br />205 Ballarat Road, Maidstone, Victoria 3012<br />247 Boundary Road, Mordialloc VIC 3195<br />33 Randall St, Slacks Creek, QLD 4127<br /><br />📞 Call Us: +61 3 7044 8094 or +61 3 4329 0786<br />📧 Email: sales@njmotors.com.au<br />🌐 Browse Our Stock: www.njmotors.com.au<br /> <br />LMCT: 12702",2,RC4,,,False,False,False,A,True,,,4WD,5,4,,False,RC4-1025218,Gray,VIC,04/17,,,,,,,,Yes,,,False,On_Order,,,,,,,,,0,,,,,8
101266,Toyota,Vellfire,3.5Z,,,,2014,97266,Van,Pearl White,3500,Auto,Petrol,"Power window,Power Steering,Air Condition,Power Mirror,Reverse Camera,Push Start,Power SLide Doors,ABS Brakes",,"Welcome to NJ Japan Motors Australia<br />With nearly 25 years of experience in the automotive industry, NJ Japan Motors is proudly trusted across multiple countries for our outstanding customer service and quality vehicles. We specialise in a wide range of carefully selected, used Japanese-imported cars — all inspected and ready for Australian roads.<br /><br />🚗 This Vehicle is Currently IN TRANSIT<br />Enquire now to secure it before arrival.<br /><br />📍 Visit Us:<br />205 Ballarat Road, Maidstone, Victoria 3012<br />247 Boundary Road, Mordialloc VIC 3195<br />33 Randall St, Slacks Creek, QLD 4127<br /><br />📞 Call Us: +61 3 7044 8094 or +61 3 4329 0786<br />📧 Email: sales@njmotors.com.au<br />🌐 Browse Our Stock: www.njmotors.com.au<br /> <br />LMCT: 12702",4,GGH20,,,False,False,False,A,True,,,2WD,5,4,,False,GGH20-8092718,Gray,QLD,08/14,,,,,,,,Yes,,,False,On_Order,,,,,,,,,0,,,,,7
101267,Toyota,Hiace,DX,,6ZZHTRH2000264936,,2017,109158,Van,White,2000,Auto,Petrol,"Power Window,Power Steering,Air Condition",,"Welcome to NJ Japan Motors Australia<br />With nearly 25 years of experience in the automotive industry, NJ Japan Motors is proudly trusted across multiple countries for our outstanding customer service and quality vehicles. We specialise in a wide range of carefully selected, used Japanese-imported cars — all inspected and ready for Australian roads.<br /><br />🚗 This Vehicle is Currently IN TRANSIT<br />Enquire now to secure it before arrival.<br /><br />📍 Visit Us:<br />205 Ballarat Road, Maidstone, Victoria 3012<br />247 Boundary Road, Mordialloc VIC 3195<br />33 Randall St, Slacks Creek, QLD 4127<br /><br />📞 Call Us: +61 3 7044 8094 or +61 3 4329 0786<br />📧 Email: sales@njmotors.com.au<br />🌐 Browse Our Stock: www.njmotors.com.au<br /> <br />LMCT: 12702",2,TRH200,,,False,False,False,A,True,,,2WD,5,4,,False,TRH200-0264936,Gray,VIC,06/17,,,,,,,,Yes,,,False,On_Order,,,,,,,,,0,,,,,3
101268,Lexus,LS,LS460L PACKAGE,,6ZZ60USF405018534,,2006,82601,Sedan,White,4600,Auto,Petrol,"Power Window,Power Steering,Air Condition",,"Welcome to NJ Japan Motors Australia<br />With nearly 25 years of experience in the automotive industry, NJ Japan Motors is proudly trusted across multiple countries for our outstanding customer service and quality vehicles. We specialise in a wide range of carefully selected, used Japanese-imported cars — all inspected and ready for Australian roads.<br /><br />🚗 This Vehicle is Currently IN TRANSIT<br />Enquire now to secure it before arrival.<br /><br />📍 Visit Us:<br />205 Ballarat Road, Maidstone, Victoria 3012<br />247 Boundary Road, Mordialloc VIC 3195<br />33 Randall St, Slacks Creek, QLD 4127<br /><br />📞 Call Us: +61 3 7044 8094 or +61 3 4329 0786<br />📧 Email: sales@njmotors.com.au<br />🌐 Browse Our Stock: www.njmotors.com.au<br /> <br />LMCT: 12702",2,USF40,,,False,False,False,A,True,,,2WD,4,8,,False,USF40-5018534,Beige,VIC,12/06,,,,,,,,Yes,,,False,On_Order,,,,,,,,,0,,,,,5
101269,Toyota,Vellfire,2.4Z,,,,2013,96000,Van,Black,2400,Auto,Petrol,"Power WIndow,Power Steering,Alloy Wheel,Air Condition,Push Start,Power Slide Doors,Power Mirror",,"Welcome to NJ Japan Motors Australia<br />With nearly 25 years of experience in the automotive industry, NJ Japan Motors is proudly trusted across multiple countries for our outstanding customer service and quality vehicles. We specialise in a wide range of carefully selected, used Japanese-imported cars — all inspected and ready for Australian roads.<br /><br />🚗 This Vehicle is Currently IN TRANSIT<br />Enquire now to secure it before arrival.<br /><br />📍 Visit Us:<br />205 Ballarat Road, Maidstone, Victoria 3012<br />247 Boundary Road, Mordialloc VIC 3195<br />33 Randall St, Slacks Creek, QLD 4127<br /><br />📞 Call Us: +61 3 7044 8094 or +61 3 4329 0786<br />📧 Email: sales@njmotors.com.au<br />🌐 Browse Our Stock: www.njmotors.com.au<br /> <br />LMCT: 12702",4,ANH20,,,False,False,False,A,True,,,2WD,5,4,,False,ANH20-8305984,Gray,QLD,10/13,,,,,,,,Yes,,,False,On_Order,,,,,,,,,0,,,,,8
101270,Nissan,Elgrand,250 HIGHWAY STAR,,6ZZD000TE52056170,,2013,76423,Van,Black,2500,Auto,Petrol,"Power Window,Power Steering,Air Condition,ABS Brakes,Power Slide Doors",,"Welcome to NJ Japan Motors Australia<br />With nearly 25 years of experience in the automotive industry, NJ Japan Motors is proudly trusted across multiple countries for our outstanding customer service and quality vehicles. We specialise in a wide range of carefully selected, used Japanese-imported cars — all inspected and ready for Australian roads.<br /><br />🚗 This Vehicle is Currently IN TRANSIT<br />Enquire now to secure it before arrival.<br /><br />📍 Visit Us:<br />205 Ballarat Road, Maidstone, Victoria 3012<br />247 Boundary Road, Mordialloc VIC 3195<br />33 Randall St, Slacks Creek, QLD 4127<br /><br />📞 Call Us: +61 3 7044 8094 or +61 3 4329 0786<br />📧 Email: sales@njmotors.com.au<br />🌐 Browse Our Stock: www.njmotors.com.au<br /> <br />LMCT: 12702",2,TE52,,,False,False,False,A,True,,,2WD,5,4,,False,TE52-056170,Gray,VIC,09/13,,,,,,,,Yes,,,False,On_Order,,,,,,,,,0,,,,,7
101271,Lexus,LS,Version U-I,,6ZZA0USF455008187,,2010,128286,Sedan,Black,4600,Auto,Petrol,"Power Window,Power Steering,Air Condition,Push Start,ABS Brakes",,"Welcome to NJ Japan Motors Australia<br />With nearly 25 years of experience in the automotive industry, NJ Japan Motors is proudly trusted across multiple countries for our outstanding customer service and quality vehicles. We specialise in a wide range of carefully selected, used Japanese-imported cars — all inspected and ready for Australian roads.<br /><br />🚗 This Vehicle is Currently IN TRANSIT<br />Enquire now to secure it before arrival.<br /><br />📍 Visit Us:<br />205 Ballarat Road, Maidstone, Victoria 3012<br />247 Boundary Road, Mordialloc VIC 3195<br />33 Randall St, Slacks Creek, QLD 4127<br /><br />📞 Call Us: +61 3 7044 8094 or +61 3 4329 0786<br />📧 Email: sales@njmotors.com.au<br />🌐 Browse Our Stock: www.njmotors.com.au<br /> <br />LMCT: 12702",2,USF46,,,False,False,False,A,True,,,2WD,4,8,,False,USF45-5008187,Gray,VIC,07/01,,,,,,,,Yes,,,False,On_Order,,,,,,,,,0,,,,,5
101272,Lexus,LS,LS460,,,,2006,105752,Sedan,Pearl White,4600,Auto,Petrol,"Power Window,Power Steering,Air Condition,Winker Mirror,Leather Seats",,"Welcome to NJ Japan Motors Australia<br />With nearly 25 years of experience in the automotive industry, NJ Japan Motors is proudly trusted across multiple countries for our outstanding customer service and quality vehicles. We specialise in a wide range of carefully selected, used Japanese-imported cars — all inspected and ready for Australian roads.<br /><br />🚗 This Vehicle is Currently IN TRANSIT<br />Enquire now to secure it before arrival.<br /><br />📍 Visit Us:<br />205 Ballarat Road, Maidstone, Victoria 3012<br />247 Boundary Road, Mordialloc VIC 3195<br />33 Randall St, Slacks Creek, QLD 4127<br /><br />📞 Call Us: +61 3 7044 8094 or +61 3 4329 0786<br />📧 Email: sales@njmotors.com.au<br />🌐 Browse Our Stock: www.njmotors.com.au<br /> <br />LMCT: 12702",2,USF40,,,False,False,False,A,True,,,2WD,4,8,,False,USF40-5016371,Black,VIC,11/26,,,,,,,,Yes,,,False,On_Order,,,,,,,,,0,,,,,5
101273,Toyota,C-HR,G MODE NERO,,6ZZK0ZYX102175442,,2019,94919,SUV,Silver,1800,Auto,Hybrid,"Power Window,Power Steering,Air COndition,Rear Spoiler",,"Welcome to NJ Japan Motors Australia<br />With nearly 25 years of experience in the automotive industry, NJ Japan Motors is proudly trusted across multiple countries for our outstanding customer service and quality vehicles. We specialise in a wide range of carefully selected, used Japanese-imported cars — all inspected and ready for Australian roads.<br /><br />🚗 This Vehicle is Currently IN TRANSIT<br />Enquire now to secure it before arrival.<br /><br />📍 Visit Us:<br />205 Ballarat Road, Maidstone, Victoria 3012<br />247 Boundary Road, Mordialloc VIC 3195<br />33 Randall St, Slacks Creek, QLD 4127<br /><br />📞 Call Us: +61 3 7044 8094 or +61 3 4329 0786<br />📧 Email: sales@njmotors.com.au<br />🌐 Browse Our Stock: www.njmotors.com.au<br /> <br />LMCT: 12702",2,ZYX10,,,False,False,False,A,True,,,2WD,5,4,,False,ZYX10-2175442,Gray,VIC,03/19,,,,,,,,Yes,,,False,On_Order,,,,,,,,,0,,,,,5
101274,Toyota,Vellfire,HYBRID X,,,,2012,95430,Van,White,2400,Auto,Hybrid,"Power Window,Power Steering,Air Condition,Rear Spoiler,Parking Sensor",,"Welcome to NJ Japan Motors Australia<br />With nearly 25 years of experience in the automotive industry, NJ Japan Motors is proudly trusted across multiple countries for our outstanding customer service and quality vehicles. We specialise in a wide range of carefully selected, used Japanese-imported cars — all inspected and ready for Australian roads.<br /><br />🚗 This Vehicle is Currently IN TRANSIT<br />Enquire now to secure it before arrival.<br /><br />📍 Visit Us:<br />205 Ballarat Road, Maidstone, Victoria 3012<br />247 Boundary Road, Mordialloc VIC 3195<br />33 Randall St, Slacks Creek, QLD 4127<br /><br />📞 Call Us: +61 3 7044 8094 or +61 3 4329 0786<br />📧 Email: sales@njmotors.com.au<br />🌐 Browse Our Stock: www.njmotors.com.au<br /> <br />LMCT: 12702",2,ATH20,,,False,False,False,A,True,,,4WD,5,4,,False,ATH20-8012241,Beige,VIC,04/12,,,,,,,,Yes,,,False,On_Order,,,,,,,,,0,,,,,7
101275,Toyota,Estima,X,,,,2010,119627,Van,White,2400,Auto,Hybrid,"Power Window,Power Steering,Air Condition",,"Welcome to NJ Japan Motors Australia<br />With nearly 25 years of experience in the automotive industry, NJ Japan Motors is proudly trusted across multiple countries for our outstanding customer service and quality vehicles. We specialise in a wide range of carefully selected, used Japanese-imported cars — all inspected and ready for Australian roads.<br /><br />🚗 This Vehicle is Currently IN TRANSIT<br />Enquire now to secure it before arrival.<br /><br />📍 Visit Us:<br />205 Ballarat Road, Maidstone, Victoria 3012<br />247 Boundary Road, Mordialloc VIC 3195<br />33 Randall St, Slacks Creek, QLD 4127<br /><br />📞 Call Us: +61 3 7044 8094 or +61 3 4329 0786<br />📧 Email: sales@njmotors.com.au<br />🌐 Browse Our Stock: www.njmotors.com.au<br /> <br />LMCT: 12702",2,AHR20,,,False,False,False,A,True,,,4WD,5,4,,False,AHR20-7046218,Beige,VIC,02/10,,,,,,,,Yes,,,False,On_Order,,,,,,,,,0,,,,,7
101276,Toyota,Vellfire,HYBRID V,,,,2013,115960,Van,White,2400,Auto,Hybrid,"Power Window,Power Steering,Air Condition",,"Welcome to NJ Japan Motors Australia<br />With nearly 25 years of experience in the automotive industry, NJ Japan Motors is proudly trusted across multiple countries for our outstanding customer service and quality vehicles. We specialise in a wide range of carefully selected, used Japanese-imported cars — all inspected and ready for Australian roads.<br /><br />🚗 This Vehicle is Currently IN TRANSIT<br />Enquire now to secure it before arrival.<br /><br />📍 Visit Us:<br />205 Ballarat Road, Maidstone, Victoria 3012<br />247 Boundary Road, Mordialloc VIC 3195<br />33 Randall St, Slacks Creek, QLD 4127<br /><br />📞 Call Us: +61 3 7044 8094 or +61 3 4329 0786<br />📧 Email: sales@njmotors.com.au<br />🌐 Browse Our Stock: www.njmotors.com.au<br /> <br />LMCT: 12702",2,ATH20,,,False,False,False,A,True,,,4WD,5,4,,False,ATH20-8034308,Beige,VIC,09/13,,,,,,,,Yes,,,False,On_Order,,,,,,,,,0,,,,,7
101277,Toyota,Alphard,G,,,,2012,115373,Van,Silver,2400,Auto,Hybrid,"Power WIndow,Power Steering,Air Condition,Winker Mirror",,"Welcome to NJ Japan Motors Australia<br />With nearly 25 years of experience in the automotive industry, NJ Japan Motors is proudly trusted across multiple countries for our outstanding customer service and quality vehicles. We specialise in a wide range of carefully selected, used Japanese-imported cars — all inspected and ready for Australian roads.<br /><br />🚗 This Vehicle is Currently IN TRANSIT<br />Enquire now to secure it before arrival.<br /><br />📍 Visit Us:<br />205 Ballarat Road, Maidstone, Victoria 3012<br />247 Boundary Road, Mordialloc VIC 3195<br />33 Randall St, Slacks Creek, QLD 4127<br /><br />📞 Call Us: +61 3 7044 8094 or +61 3 4329 0786<br />📧 Email: sales@njmotors.com.au<br />🌐 Browse Our Stock: www.njmotors.com.au<br /> <br />LMCT: 12702",2,ATH20,,,False,False,False,A,True,,,4WD,5,4,,False,ATH20-8016388,Beige,VIC,06/12,,,,,,,,Yes,,,False,On_Order,,,,,,,,,0,,,,,7
101278,Nissan,LEAF,E+X,,,,2019,55642,Hatchback,Pearl White,,Auto,Electric,"Power Window,Power Steering,Air Condition,Power Mirror,Reverse Camera,Push Start",,"Welcome to NJ Japan Motors Australia<br />With nearly 25 years of experience in the automotive industry, NJ Japan Motors is proudly trusted across multiple countries for our outstanding customer service and quality vehicles. We specialise in a wide range of carefully selected, used Japanese-imported cars — all inspected and ready for Australian roads.<br /><br />🚗 This Vehicle is Currently IN TRANSIT<br />Enquire now to secure it before arrival.<br /><br />📍 Visit Us:<br />205 Ballarat Road, Maidstone, Victoria 3012<br />247 Boundary Road, Mordialloc VIC 3195<br />33 Randall St, Slacks Creek, QLD 4127<br /><br />📞 Call Us: +61 3 7044 8094 or +61 3 4329 0786<br />📧 Email: sales@njmotors.com.au<br />🌐 Browse Our Stock: www.njmotors.com.au<br /> <br />LMCT: 12702",4,ZE1,,,False,False,False,A,True,,,2WD,5,,,False,ZE1-064264,Beige,QLD,09/19,,,,,,,,Yes,,,False,On_Order,,,,,,,,,0,,,,,5
101279,Toyota,Crown,3.0 Royal Saloon Anniversary Edition,,,,2009,92674,Sedan,Pearl White,3000,Auto,Petrol,"Power Window,Power Steering,Air Condition,Alloy Wheels,Reverse Camera,Push Start,Power Mirror",,"Welcome to NJ Japan Motors Australia<br />With nearly 25 years of experience in the automotive industry, NJ Japan Motors is proudly trusted across multiple countries for our outstanding customer service and quality vehicles. We specialise in a wide range of carefully selected, used Japanese-imported cars — all inspected and ready for Australian roads.<br /><br />🚗 This Vehicle is Currently IN TRANSIT<br />Enquire now to secure it before arrival.<br /><br />📍 Visit Us:<br />205 Ballarat Road, Maidstone, Victoria 3012<br />247 Boundary Road, Mordialloc VIC 3195<br />33 Randall St, Slacks Creek, QLD 4127<br /><br />📞 Call Us: +61 3 7044 8094 or +61 3 4329 0786<br />📧 Email: sales@njmotors.com.au<br />🌐 Browse Our Stock: www.njmotors.com.au<br /> <br />LMCT: 12702",4,GRS202,,,False,False,False,A,True,,,2WD,4,6,,False,GRS202-1002683,Beige,QLD,07/09,,,,,,,,Yes,,,False,On_Order,,,,,,,,,0,,,,,5
101280,Toyota,Crown,Royal Saloon,,,,2010,99017,Sedan,Pearl White,3000,Auto,Petrol,"Power Window,Power Steering,Air Condition,Power Mirror,Push Start",,"Welcome to NJ Japan Motors Australia<br />With nearly 25 years of experience in the automotive industry, NJ Japan Motors is proudly trusted across multiple countries for our outstanding customer service and quality vehicles. We specialise in a wide range of carefully selected, used Japanese-imported cars — all inspected and ready for Australian roads.<br /><br />🚗 This Vehicle is Currently IN TRANSIT<br />Enquire now to secure it before arrival.<br /><br />📍 Visit Us:<br />205 Ballarat Road, Maidstone, Victoria 3012<br />247 Boundary Road, Mordialloc VIC 3195<br />33 Randall St, Slacks Creek, QLD 4127<br /><br />📞 Call Us: +61 3 7044 8094 or +61 3 4329 0786<br />📧 Email: sales@njmotors.com.au<br />🌐 Browse Our Stock: www.njmotors.com.au<br /> <br />LMCT: 12702",1,GRS202,,,False,False,False,A,True,,,2WD,4,6,,False,GRS202-1006757,Beige,VIC,10/10,,,,,,,,Yes,,,False,On_Order,,,,,,,,,0,,,,,5
101281,Toyota,Voxy,HYBRID V,,6ZZJ0ZWR800308165,,2018,83865,Van,Black,1800,Auto,Hybrid,"Power Window,Power Steering,Air Condition,Winker Mirror",,"Welcome to NJ Japan Motors Australia<br />With nearly 25 years of experience in the automotive industry, NJ Japan Motors is proudly trusted across multiple countries for our outstanding customer service and quality vehicles. We specialise in a wide range of carefully selected, used Japanese-imported cars — all inspected and ready for Australian roads.<br /><br />🚗 This Vehicle is Currently IN TRANSIT<br />Enquire now to secure it before arrival.<br /><br />📍 Visit Us:<br />205 Ballarat Road, Maidstone, Victoria 3012<br />247 Boundary Road, Mordialloc VIC 3195<br />33 Randall St, Slacks Creek, QLD 4127<br /><br />📞 Call Us: +61 3 7044 8094 or +61 3 4329 0786<br />📧 Email: sales@njmotors.com.au<br />🌐 Browse Our Stock: www.njmotors.com.au<br /> <br />LMCT: 12702",2,ZWR80,,,False,False,False,A,True,,,2WD,5,4,,False,ZWR80-0308165,Gray,VIC,01/18,,,,,,,,Yes,,,False,On_Order,,,,,,,,,0,,,,,7
101282,Toyota,C-HR,S LED PACKAGE,,,,2019,129945,SUV,Black,1800,Auto,Hybrid,"Power Window,Power Steering,Air Condition,Rear Spoiler,Alloy Wheels",,"Welcome to NJ Japan Motors Australia<br />With nearly 25 years of experience in the automotive industry, NJ Japan Motors is proudly trusted across multiple countries for our outstanding customer service and quality vehicles. We specialise in a wide range of carefully selected, used Japanese-imported cars — all inspected and ready for Australian roads.<br /><br />🚗 This Vehicle is Currently IN TRANSIT<br />Enquire now to secure it before arrival.<br /><br />📍 Visit Us:<br />205 Ballarat Road, Maidstone, Victoria 3012<br />247 Boundary Road, Mordialloc VIC 3195<br />33 Randall St, Slacks Creek, QLD 4127<br /><br />📞 Call Us: +61 3 7044 8094 or +61 3 4329 0786<br />📧 Email: sales@njmotors.com.au<br />🌐 Browse Our Stock: www.njmotors.com.au<br /> <br />LMCT: 12702",2,ZYX10,,,False,False,False,A,True,,,2WD,5,4,,False,ZYX10-2173293,Gray,VIC,03/19,,,,,,,,Yes,,,False,On_Order,,,,,,,,,0,,,,,5
101283,Mercedes-Benz,S Class,HV S400,,,,2014,75908,Sedan,Silver,3500,Auto,Hybrid,"Power Window,Power Steering,Air COndition,Alloy Wheels",,"Welcome to NJ Japan Motors Australia<br />With nearly 25 years of experience in the automotive industry, NJ Japan Motors is proudly trusted across multiple countries for our outstanding customer service and quality vehicles. We specialise in a wide range of carefully selected, used Japanese-imported cars — all inspected and ready for Australian roads.<br /><br />🚗 This Vehicle is Currently IN TRANSIT<br />Enquire now to secure it before arrival.<br /><br />📍 Visit Us:<br />205 Ballarat Road, Maidstone, Victoria 3012<br />247 Boundary Road, Mordialloc VIC 3195<br />33 Randall St, Slacks Creek, QLD 4127<br /><br />📞 Call Us: +61 3 7044 8094 or +61 3 4329 0786<br />📧 Email: sales@njmotors.com.au<br />🌐 Browse Our Stock: www.njmotors.com.au<br /> <br />LMCT: 12702",2,WD222,,,False,False,False,A,True,,,2WD,4,6,,False,WDD2220572A061077,Gray,VIC,05/14,,,,,,,,Yes,,,False,On_Order,,,,,,,,,0,,,,,5
101284,Honda,Vezel,RS HONDA SENSING,,,,2018,67782,SUV,Pearl White,1500,Auto,Hybrid,"Power Window,Power Steering,Air Condition,Winker Mirror",,"Welcome to NJ Japan Motors Australia<br />With nearly 25 years of experience in the automotive industry, NJ Japan Motors is proudly trusted across multiple countries for our outstanding customer service and quality vehicles. We specialise in a wide range of carefully selected, used Japanese-imported cars — all inspected and ready for Australian roads.<br /><br />🚗 This Vehicle is Currently IN TRANSIT<br />Enquire now to secure it before arrival.<br /><br />📍 Visit Us:<br />205 Ballarat Road, Maidstone, Victoria 3012<br />247 Boundary Road, Mordialloc VIC 3195<br />33 Randall St, Slacks Creek, QLD 4127<br /><br />📞 Call Us: +61 3 7044 8094 or +61 3 4329 0786<br />📧 Email: sales@njmotors.com.au<br />🌐 Browse Our Stock: www.njmotors.com.au<br /> <br />LMCT: 12702",2,RU3,,,False,False,False,A,True,,,2WD,5,4,,False,RU3-1318323,Gray,VIC,06/18,,,,,,,,Yes,,,False,On_Order,,,,,,,,,0,,,,,5
101285,Toyota,Corolla Touring,WXB,,,,2021,70642,Station Wagon,Black,1800,Auto,Hybrid,"Power Window,Power Steering,Air Condition,Rear Spoiler",,"Welcome to NJ Japan Motors Australia<br />With nearly 25 years of experience in the automotive industry, NJ Japan Motors is proudly trusted across multiple countries for our outstanding customer service and quality vehicles. We specialise in a wide range of carefully selected, used Japanese-imported cars — all inspected and ready for Australian roads.<br /><br />🚗 This Vehicle is Currently IN TRANSIT<br />Enquire now to secure it before arrival.<br /><br />📍 Visit Us:<br />205 Ballarat Road, Maidstone, Victoria 3012<br />247 Boundary Road, Mordialloc VIC 3195<br />33 Randall St, Slacks Creek, QLD 4127<br /><br />📞 Call Us: +61 3 7044 8094 or +61 3 4329 0786<br />📧 Email: sales@njmotors.com.au<br />🌐 Browse Our Stock: www.njmotors.com.au<br /> <br />LMCT: 12702",2,ZWE211,,,False,False,False,A,True,,,2WD,5,4,,False,ZWE211-6083164,Gray,VIC,07/21,,,,,,,,Yes,,,False,On_Order,,,,,,,,,0,,,,,5
101286,Toyota,Voxy,ZS,,,,2018,115197,Van,Black,1800,Auto,Hybrid,"Power Window,Power Steering,Air Condition,Winker Mirror",,"Welcome to NJ Japan Motors Australia<br />With nearly 25 years of experience in the automotive industry, NJ Japan Motors is proudly trusted across multiple countries for our outstanding customer service and quality vehicles. We specialise in a wide range of carefully selected, used Japanese-imported cars — all inspected and ready for Australian roads.<br /><br />🚗 This Vehicle is Currently IN TRANSIT<br />Enquire now to secure it before arrival.<br /><br />📍 Visit Us:<br />205 Ballarat Road, Maidstone, Victoria 3012<br />247 Boundary Road, Mordialloc VIC 3195<br />33 Randall St, Slacks Creek, QLD 4127<br /><br />📞 Call Us: +61 3 7044 8094 or +61 3 4329 0786<br />📧 Email: sales@njmotors.com.au<br />🌐 Browse Our Stock: www.njmotors.com.au<br /> <br />LMCT: 12702",2,ZWR80,,,False,False,False,A,True,,,2WD,5,4,,False,ZWR80-0320335,Gray,VIC,03/18,,,,,,,,Yes,,,False,On_Order,,,,,,,,,0,,,,,5
101287,Toyota,Hiace,DX,,,,2020,106618,Van,White,2000,Auto,Petrol,"Power Window,Power Steering,Air Condition,Power Mirror,Power Slide Doors",,"Welcome to NJ Japan Motors Australia<br />With nearly 25 years of experience in the automotive industry, NJ Japan Motors is proudly trusted across multiple countries for our outstanding customer service and quality vehicles. We specialise in a wide range of carefully selected, used Japanese-imported cars — all inspected and ready for Australian roads.<br /><br />🚗 This Vehicle is Currently IN TRANSIT<br />Enquire now to secure it before arrival.<br /><br />📍 Visit Us:<br />205 Ballarat Road, Maidstone, Victoria 3012<br />247 Boundary Road, Mordialloc VIC 3195<br />33 Randall St, Slacks Creek, QLD 4127<br /><br />📞 Call Us: +61 3 7044 8094 or +61 3 4329 0786<br />📧 Email: sales@njmotors.com.au<br />🌐 Browse Our Stock: www.njmotors.com.au<br /> <br />LMCT: 12702",1,TRH200,,,False,False,False,A,True,,,2WD,5,4,,False,TRH200-0316023,Gray,VIC,01/20,,,,,,,,Yes,,,False,On_Order,,,,,,,,,0,,,,,3
101289,Lexus,LS,LS600H,,,,2007,91530,Sedan,Black,5000,Auto,Hybrid,"Power Window,Power Steering,Air OCndiiton,Sunroof,Reverse Camera,Push Start,Cruise Control",,"Welcome to NJ Japan Motors Australia<br />With nearly 25 years of experience in the automotive industry, NJ Japan Motors is proudly trusted across multiple countries for our outstanding customer service and quality vehicles. We specialise in a wide range of carefully selected, used Japanese-imported cars — all inspected and ready for Australian roads.<br /><br />🚗 This Vehicle is Currently IN TRANSIT<br />Enquire now to secure it before arrival.<br /><br />📍 Visit Us:<br />205 Ballarat Road, Maidstone, Victoria 3012<br />247 Boundary Road, Mordialloc VIC 3195<br />33 Randall St, Slacks Creek, QLD 4127<br /><br />📞 Call Us: +61 3 7044 8094 or +61 3 4329 0786<br />📧 Email: sales@njmotors.com.au<br />🌐 Browse Our Stock: www.njmotors.com.au<br /> <br />LMCT: 12702",1,UVF45,,,False,False,False,A,True,,,4WD,4,6,,False,UVF45-5002509,Gray,VIC,08/07,,,,,,,,Yes,,,False,On_Order,,,,,,,,,0,,,,,5
101290,Toyota,Hiace,LONG DX,,,,2020,89977,Van,Gray,2000,Auto,Petrol,"Power Window,Power Steering,Air Condition,ABS Brakes,Power Slide Doors",,"Welcome to NJ Japan Motors Australia<br />With nearly 25 years of experience in the automotive industry, NJ Japan Motors is proudly trusted across multiple countries for our outstanding customer service and quality vehicles. We specialise in a wide range of carefully selected, used Japanese-imported cars — all inspected and ready for Australian roads.<br /><br />🚗 This Vehicle is Currently IN TRANSIT<br />Enquire now to secure it before arrival.<br /><br />📍 Visit Us:<br />205 Ballarat Road, Maidstone, Victoria 3012<br />247 Boundary Road, Mordialloc VIC 3195<br />33 Randall St, Slacks Creek, QLD 4127<br /><br />📞 Call Us: +61 3 7044 8094 or +61 3 4329 0786<br />📧 Email: sales@njmotors.com.au<br />🌐 Browse Our Stock: www.njmotors.com.au<br /> <br />LMCT: 12702",4,TRH200,,,False,False,False,A,True,,,2WD,5,4,,False,TRH200-5044111,Gray,QLD,05/20,,,,,,,,Yes,,,False,On_Order,,,,,,,,,0,,,,,3
101291,Toyota,Hiace,LONG DX,,,,2020,95095,Van,Pearl White,2000,Auto,Petrol,"Power Window,Power Steering,Air Condition,ABS Brakes,Power Slide doors",,"Welcome to NJ Japan Motors Australia<br />With nearly 25 years of experience in the automotive industry, NJ Japan Motors is proudly trusted across multiple countries for our outstanding customer service and quality vehicles. We specialise in a wide range of carefully selected, used Japanese-imported cars — all inspected and ready for Australian roads.<br /><br />🚗 This Vehicle is Currently IN TRANSIT<br />Enquire now to secure it before arrival.<br /><br />📍 Visit Us:<br />205 Ballarat Road, Maidstone, Victoria 3012<br />247 Boundary Road, Mordialloc VIC 3195<br />33 Randall St, Slacks Creek, QLD 4127<br /><br />📞 Call Us: +61 3 7044 8094 or +61 3 4329 0786<br />📧 Email: sales@njmotors.com.au<br />🌐 Browse Our Stock: www.njmotors.com.au<br /> <br />LMCT: 12702",1,TRH200,,,False,False,False,A,True,,,2WD,5,4,,False,TRH200-0321919,Gray,VIC,05/20,,,,,,,,Yes,,,False,On_Order,,,,,,,,,0,,,,,3
101292,Toyota,Vellfire,2.4Z GOLDEN EYES,,,,2014,102366,Van,Pearl White,2400,Auto,Petrol,"Power Window,Power Steering,Air COndition,ABS Brakes,Reverse Camera,Push Start",,"Welcome to NJ Japan Motors Australia<br />With nearly 25 years of experience in the automotive industry, NJ Japan Motors is proudly trusted across multiple countries for our outstanding customer service and quality vehicles. We specialise in a wide range of carefully selected, used Japanese-imported cars — all inspected and ready for Australian roads.<br /><br />🚗 This Vehicle is Currently IN TRANSIT<br />Enquire now to secure it before arrival.<br /><br />📍 Visit Us:<br />205 Ballarat Road, Maidstone, Victoria 3012<br />247 Boundary Road, Mordialloc VIC 3195<br />33 Randall St, Slacks Creek, QLD 4127<br /><br />📞 Call Us: +61 3 7044 8094 or +61 3 4329 0786<br />📧 Email: sales@njmotors.com.au<br />🌐 Browse Our Stock: www.njmotors.com.au<br /> <br />LMCT: 12702",4,ANH20,,,False,False,False,A,True,,,2WD,5,4,,False,ANH20-8330569,Gray,QLD,03/14,,,,,,,,Yes,,,False,On_Order,,,,,,,,,0,,,,,7
101293,Lexus,LS,LS460 VERSION C I PACKAGE,,,,2011,127910,Sedan,Pearl White,4600,Auto,Petrol,"Power Window,Power Steering,Air Condition,Power Mirror,Push Start,Cruise Control",,"Welcome to NJ Japan Motors Australia<br />With nearly 25 years of experience in the automotive industry, NJ Japan Motors is proudly trusted across multiple countries for our outstanding customer service and quality vehicles. We specialise in a wide range of carefully selected, used Japanese-imported cars — all inspected and ready for Australian roads.<br /><br />🚗 This Vehicle is Currently IN TRANSIT<br />Enquire now to secure it before arrival.<br /><br />📍 Visit Us:<br />205 Ballarat Road, Maidstone, Victoria 3012<br />247 Boundary Road, Mordialloc VIC 3195<br />33 Randall St, Slacks Creek, QLD 4127<br /><br />📞 Call Us: +61 3 7044 8094 or +61 3 4329 0786<br />📧 Email: sales@njmotors.com.au<br />🌐 Browse Our Stock: www.njmotors.com.au<br /> <br />LMCT: 12702",1,USF45,,,False,False,False,A,True,,,4WD,4,6,,False,USF45-5011382,Black,VIC,06/11,,,,,,,,Yes,,,False,On_Order,,,,,,,,,0,,,,,5
101294,Honda,Fit,,,,,2020,31434,Hatchback,Silver,1500,Auto,Hybrid,"Power Steering,Power Window,Air Condition,ABS Brakes,Reverse Camera,Push Start,Power Mirror",,"Welcome to NJ Japan Motors Australia<br />With nearly 25 years of experience in the automotive industry, NJ Japan Motors is proudly trusted across multiple countries for our outstanding customer service and quality vehicles. We specialise in a wide range of carefully selected, used Japanese-imported cars — all inspected and ready for Australian roads.<br /><br />🚗 This Vehicle is Currently IN TRANSIT<br />Enquire now to secure it before arrival.<br /><br />📍 Visit Us:<br />205 Ballarat Road, Maidstone, Victoria 3012<br />247 Boundary Road, Mordialloc VIC 3195<br />33 Randall St, Slacks Creek, QLD 4127<br /><br />📞 Call Us: +61 3 7044 8094 or +61 3 4329 0786<br />📧 Email: sales@njmotors.com.au<br />🌐 Browse Our Stock: www.njmotors.com.au<br /> <br />LMCT: 12702",1,GR3,,,False,False,False,A,True,,,2WD,5,4,,False,GR3-1052256,Gray,VIC,12/20,,,,,,,,Yes,,,False,On_Order,,,,,,,,,0,,,,,5
101295,Toyota,Aqua,X,,,,2022,88383,Hatchback,Silver,1500,Auto,Hybrid,"Power Window,Power Steering,Air Condition,ABS Brakes,Power Mirror,Reverse Camera,Push Start",,"Welcome to NJ Japan Motors Australia<br />With nearly 25 years of experience in the automotive industry, NJ Japan Motors is proudly trusted across multiple countries for our outstanding customer service and quality vehicles. We specialise in a wide range of carefully selected, used Japanese-imported cars — all inspected and ready for Australian roads.<br /><br />🚗 This Vehicle is Currently IN TRANSIT<br />Enquire now to secure it before arrival.<br /><br />📍 Visit Us:<br />205 Ballarat Road, Maidstone, Victoria 3012<br />247 Boundary Road, Mordialloc VIC 3195<br />33 Randall St, Slacks Creek, QLD 4127<br /><br />📞 Call Us: +61 3 7044 8094 or +61 3 4329 0786<br />📧 Email: sales@njmotors.com.au<br />🌐 Browse Our Stock: www.njmotors.com.au<br /> <br />LMCT: 12702",4,MXPK11,,,False,False,False,A,True,,,2WD,5,4,,False,MXPK11-2065756,Gray,QLD,05/22,,,,,,,,Yes,,,False,On_Order,,,,,,,,,0,,,,,5
101296,Toyota,Vellfire,2.4V,,,,2013,119955,Van,Pearl White,2400,Auto,Petrol,"Power Window,Power Steering,Air Condition,ABS Brakes,Push Start,Power Slide Doors",,"Welcome to NJ Japan Motors Australia<br />With nearly 25 years of experience in the automotive industry, NJ Japan Motors is proudly trusted across multiple countries for our outstanding customer service and quality vehicles. We specialise in a wide range of carefully selected, used Japanese-imported cars — all inspected and ready for Australian roads.<br /><br />🚗 This Vehicle is Currently IN TRANSIT<br />Enquire now to secure it before arrival.<br /><br />📍 Visit Us:<br />205 Ballarat Road, Maidstone, Victoria 3012<br />247 Boundary Road, Mordialloc VIC 3195<br />33 Randall St, Slacks Creek, QLD 4127<br /><br />📞 Call Us: +61 3 7044 8094 or +61 3 4329 0786<br />📧 Email: sales@njmotors.com.au<br />🌐 Browse Our Stock: www.njmotors.com.au<br /> <br />LMCT: 12702",4,ANH20,,,False,False,False,A,True,,,2WD,5,4,,False,ANH20-8281826,Gray,QLD,05/13,,,,,,,,Yes,,,False,On_Order,,,,,,,,,0,,,,,7
101297,Toyota,Corolla Touring,WXB,,,,2019,80323,Station Wagon,Black,1800,Auto,Hybrid,"Power Window,Power Steering,Air Condition,Power Mirror,Reverse Camera",,"Welcome to NJ Japan Motors Australia<br />With nearly 25 years of experience in the automotive industry, NJ Japan Motors is proudly trusted across multiple countries for our outstanding customer service and quality vehicles. We specialise in a wide range of carefully selected, used Japanese-imported cars — all inspected and ready for Australian roads.<br /><br />🚗 This Vehicle is Currently IN TRANSIT<br />Enquire now to secure it before arrival.<br /><br />📍 Visit Us:<br />205 Ballarat Road, Maidstone, Victoria 3012<br />247 Boundary Road, Mordialloc VIC 3195<br />33 Randall St, Slacks Creek, QLD 4127<br /><br />📞 Call Us: +61 3 7044 8094 or +61 3 4329 0786<br />📧 Email: sales@njmotors.com.au<br />🌐 Browse Our Stock: www.njmotors.com.au<br /> <br />LMCT: 12702",1,ZWE211,,,False,False,False,A,True,,,2WD,5,4,,False,ZWE211-6010079,Gray,VIC,10/19,,,,,,,,Yes,,,False,On_Order,,,,,,,,,0,,,,,5
101298,Toyota,C-HR,G,,,,2018,87446,SUV,Black,1800,Auto,Hybrid,"Power Window,Power Steering,Air Condition,Reverse Camera,Cruise Control,Power Mirror",,"Welcome to NJ Japan Motors Australia<br />With nearly 25 years of experience in the automotive industry, NJ Japan Motors is proudly trusted across multiple countries for our outstanding customer service and quality vehicles. We specialise in a wide range of carefully selected, used Japanese-imported cars — all inspected and ready for Australian roads.<br /><br />🚗 This Vehicle is Currently IN TRANSIT<br />Enquire now to secure it before arrival.<br /><br />📍 Visit Us:<br />205 Ballarat Road, Maidstone, Victoria 3012<br />247 Boundary Road, Mordialloc VIC 3195<br />33 Randall St, Slacks Creek, QLD 4127<br /><br />📞 Call Us: +61 3 7044 8094 or +61 3 4329 0786<br />📧 Email: sales@njmotors.com.au<br />🌐 Browse Our Stock: www.njmotors.com.au<br /> <br />LMCT: 12702",4,ZYX10,,,False,False,False,A,True,,,2WD,5,4,,False,ZYX10-2144026,Gray,QLD,08/18,,,,,,,,Yes,,,False,On_Order,,,,,,,,,0,,,,,5
101299,Subaru,XV,ADVANCE,,,,2019,82589,SUV,Sky Blue,2000,Auto,Hybrid,"Power Window,Power Steering,Air Condition,ABS Brakes,Push Start",,"Welcome to NJ Japan Motors Australia<br />With nearly 25 years of experience in the automotive industry, NJ Japan Motors is proudly trusted across multiple countries for our outstanding customer service and quality vehicles. We specialise in a wide range of carefully selected, used Japanese-imported cars — all inspected and ready for Australian roads.<br /><br />🚗 This Vehicle is Currently IN TRANSIT<br />Enquire now to secure it before arrival.<br /><br />📍 Visit Us:<br />205 Ballarat Road, Maidstone, Victoria 3012<br />247 Boundary Road, Mordialloc VIC 3195<br />33 Randall St, Slacks Creek, QLD 4127<br /><br />📞 Call Us: +61 3 7044 8094 or +61 3 4329 0786<br />📧 Email: sales@njmotors.com.au<br />🌐 Browse Our Stock: www.njmotors.com.au<br /> <br />LMCT: 12702",2,GTE,,,False,False,False,A,True,,,4WD,5,4,,False,GTE-004598,Gray,VIC,02/19,,,,,,,,Yes,,,False,On_Order,,,,,,,,,0,,,,,5
101300,Toyota,Estima,AERAS,,,,2013,107700,Van,Dark Purple,2400,Auto,Hybrid,"Power Window,Power Steering,Air Condition,Alloy Wheels,Leather Seats,Power Mirror,Power Slide Doors,Cruise Control",,"Welcome to NJ Japan Motors Australia<br />With nearly 25 years of experience in the automotive industry, NJ Japan Motors is proudly trusted across multiple countries for our outstanding customer service and quality vehicles. We specialise in a wide range of carefully selected, used Japanese-imported cars — all inspected and ready for Australian roads.<br /><br />🚗 This Vehicle is Currently IN TRANSIT<br />Enquire now to secure it before arrival.<br /><br />📍 Visit Us:<br />205 Ballarat Road, Maidstone, Victoria 3012<br />247 Boundary Road, Mordialloc VIC 3195<br />33 Randall St, Slacks Creek, QLD 4127<br /><br />📞 Call Us: +61 3 7044 8094 or +61 3 4329 0786<br />📧 Email: sales@njmotors.com.au<br />🌐 Browse Our Stock: www.njmotors.com.au<br /> <br />LMCT: 12702",4,AHR20,,,False,False,False,A,True,,,4WD,5,4,,False,AHR20-7072928,Black,QLD,04/13,,,,,,,,Yes,,,False,On_Order,,,,,,,,,0,,,,,7
101301,Toyota,Hiace,DX,,,,2019,97813,Van,White,2000,Auto,Petrol,"power Window,Power Steering,Air Condiiton,ABS Brakes,Power Slide Doors,Power Mirror",,"Welcome to NJ Japan Motors Australia<br />With nearly 25 years of experience in the automotive industry, NJ Japan Motors is proudly trusted across multiple countries for our outstanding customer service and quality vehicles. We specialise in a wide range of carefully selected, used Japanese-imported cars — all inspected and ready for Australian roads.<br /><br />🚗 This Vehicle is Currently IN TRANSIT<br />Enquire now to secure it before arrival.<br /><br />📍 Visit Us:<br />205 Ballarat Road, Maidstone, Victoria 3012<br />247 Boundary Road, Mordialloc VIC 3195<br />33 Randall St, Slacks Creek, QLD 4127<br /><br />📞 Call Us: +61 3 7044 8094 or +61 3 4329 0786<br />📧 Email: sales@njmotors.com.au<br />🌐 Browse Our Stock: www.njmotors.com.au<br /> <br />LMCT: 12702",1,TRH200,,,False,False,False,A,True,,,2WD,5,4,,False,TRH200-0305641,Gray,VIC,07/19,,,,,,,,Yes,,,False,On_Order,,,,,,,,,0,,,,,3
101302,Toyota,Estima,Aeras,,,,2016,119933,Van,Silver,2400,Auto,Petrol,"Power Window,Power Steering,Air Condition,ABS Brakes,Push Start,Power Slide Doors",,"Welcome to NJ Japan Motors Australia<br />With nearly 25 years of experience in the automotive industry, NJ Japan Motors is proudly trusted across multiple countries for our outstanding customer service and quality vehicles. We specialise in a wide range of carefully selected, used Japanese-imported cars — all inspected and ready for Australian roads.<br /><br />🚗 This Vehicle is Currently IN TRANSIT<br />Enquire now to secure it before arrival.<br /><br />📍 Visit Us:<br />205 Ballarat Road, Maidstone, Victoria 3012<br />247 Boundary Road, Mordialloc VIC 3195<br />33 Randall St, Slacks Creek, QLD 4127<br /><br />📞 Call Us: +61 3 7044 8094 or +61 3 4329 0786<br />📧 Email: sales@njmotors.com.au<br />🌐 Browse Our Stock: www.njmotors.com.au<br /> <br />LMCT: 12702",1,ACR55,,,False,False,False,A,True,,,4WD,5,4,,False,ACR55-0039030,Black,VIC,01/16,,,,,,,,Yes,,,False,On_Order,,,,,,,,,0,,,,,3
101303,Toyota,Aqua,X,,,,2022,99763,Hatchback,Beige,1500,Auto,Hybrid,"Power Window,Power Steering,Air Condition,ABS Brakes,Push Start",,"Welcome to NJ Japan Motors Australia<br />With nearly 25 years of experience in the automotive industry, NJ Japan Motors is proudly trusted across multiple countries for our outstanding customer service and quality vehicles. We specialise in a wide range of carefully selected, used Japanese-imported cars — all inspected and ready for Australian roads.<br /><br />🚗 This Vehicle is Currently IN TRANSIT<br />Enquire now to secure it before arrival.<br /><br />📍 Visit Us:<br />205 Ballarat Road, Maidstone, Victoria 3012<br />247 Boundary Road, Mordialloc VIC 3195<br />33 Randall St, Slacks Creek, QLD 4127<br /><br />📞 Call Us: +61 3 7044 8094 or +61 3 4329 0786<br />📧 Email: sales@njmotors.com.au<br />🌐 Browse Our Stock: www.njmotors.com.au<br /> <br />LMCT: 12702",1,MXPK11,,,False,False,False,A,True,,,2WD,5,4,,False,MXPK11-2067685,Gray,VIC,06/22,,,,,,,,Yes,,,False,On_Order,,,,,,,,,0,,,,,5
101304,Toyota,Vellfire,2.4V,,,,2013,118181,Van,Pearl White,2400,Auto,Petrol,"Power Window,Power Steering,Air Condition,Power Mirror,Push Start,Power Slide Doors",,"Welcome to NJ Japan Motors Australia<br />With nearly 25 years of experience in the automotive industry, NJ Japan Motors is proudly trusted across multiple countries for our outstanding customer service and quality vehicles. We specialise in a wide range of carefully selected, used Japanese-imported cars — all inspected and ready for Australian roads.<br /><br />🚗 This Vehicle is Currently IN TRANSIT<br />Enquire now to secure it before arrival.<br /><br />📍 Visit Us:<br />205 Ballarat Road, Maidstone, Victoria 3012<br />247 Boundary Road, Mordialloc VIC 3195<br />33 Randall St, Slacks Creek, QLD 4127<br /><br />📞 Call Us: +61 3 7044 8094 or +61 3 4329 0786<br />📧 Email: sales@njmotors.com.au<br />🌐 Browse Our Stock: www.njmotors.com.au<br /> <br />LMCT: 12702",1,ANH20,,,False,False,False,A,True,,,2WD,5,4,,False,ANH20-8308747,Beige,VIC,11/13,,,,,,,,Yes,,,False,On_Order,,,,,,,,,0,,,,,7
101305,Nissan,Serena,HIGHWAY STAR V-SELECTION,,,,2018,98554,Van,Red,2000,Auto,Hybrid,"Power Window,power Steering,Air Condition,Push Start,Power Slid Doors,Power Mirror",,"Welcome to NJ Japan Motors Australia<br />With nearly 25 years of experience in the automotive industry, NJ Japan Motors is proudly trusted across multiple countries for our outstanding customer service and quality vehicles. We specialise in a wide range of carefully selected, used Japanese-imported cars — all inspected and ready for Australian roads.<br /><br />🚗 This Vehicle is Currently IN TRANSIT<br />Enquire now to secure it before arrival.<br /><br />📍 Visit Us:<br />205 Ballarat Road, Maidstone, Victoria 3012<br />247 Boundary Road, Mordialloc VIC 3195<br />33 Randall St, Slacks Creek, QLD 4127<br /><br />📞 Call Us: +61 3 7044 8094 or +61 3 4329 0786<br />📧 Email: sales@njmotors.com.au<br />🌐 Browse Our Stock: www.njmotors.com.au<br /> <br />LMCT: 12702",4,GFC27,,,False,False,False,A,True,,,2WD,5,4,,False,GFC27-089851,Gray,QLD,02/18,,,,,,,,Yes,,,False,On_Order,,,,,,,,,0,,,,,8
101306,Toyota,Crown,Base Grade,,,,2009,92819,Sedan,Silver,3500,Auto,HybridPetrol,"Power Window,Power Steering,Air Condition,Power Mirror,Push Start",,"Welcome to NJ Japan Motors Australia<br />With nearly 25 years of experience in the automotive industry, NJ Japan Motors is proudly trusted across multiple countries for our outstanding customer service and quality vehicles. We specialise in a wide range of carefully selected, used Japanese-imported cars — all inspected and ready for Australian roads.<br /><br />🚗 This Vehicle is Currently IN TRANSIT<br />Enquire now to secure it before arrival.<br /><br />📍 Visit Us:<br />205 Ballarat Road, Maidstone, Victoria 3012<br />247 Boundary Road, Mordialloc VIC 3195<br />33 Randall St, Slacks Creek, QLD 4127<br /><br />📞 Call Us: +61 3 7044 8094 or +61 3 4329 0786<br />📧 Email: sales@njmotors.com.au<br />🌐 Browse Our Stock: www.njmotors.com.au<br /> <br />LMCT: 12702",1,GWS204,,,False,False,False,A,True,,,2Wd,4,6,,False,GWS204-0011945,Gray,VIC,07/09,,,,,,,,Yes,,,False,On_Order,,,,,,,,,0,,,,,5
101307,Toyota,Crown,C TYPE,,,,2009,78489,Sedan,Silver,4600,Auto,Petrol,"Power Window,power Steering,Air COndition,Reverse Camera,Cruise Control,Push Start",,"Welcome to NJ Japan Motors Australia<br />With nearly 25 years of experience in the automotive industry, NJ Japan Motors is proudly trusted across multiple countries for our outstanding customer service and quality vehicles. We specialise in a wide range of carefully selected, used Japanese-imported cars — all inspected and ready for Australian roads.<br /><br />🚗 This Vehicle is Currently IN TRANSIT<br />Enquire now to secure it before arrival.<br /><br />📍 Visit Us:<br />205 Ballarat Road, Maidstone, Victoria 3012<br />247 Boundary Road, Mordialloc VIC 3195<br />33 Randall St, Slacks Creek, QLD 4127<br /><br />📞 Call Us: +61 3 7044 8094 or +61 3 4329 0786<br />📧 Email: sales@njmotors.com.au<br />🌐 Browse Our Stock: www.njmotors.com.au<br /> <br />LMCT: 12702",4,URS206,,,False,False,False,A,True,,,2WD,4,8,,False,URS206-1005616,Gray,QLD,12/11,,,,,,,,Yes,,,False,On_Order,,,,,,,,,0,,,,,5
101308,Toyota,Crown,HYBRID STANDARD PACKAGE,,,,2008,73514,Sedan,Pearl White,3500,AUto,Hybrid,"Power Window,Power Steering,Air Condition,Push Start,Reverse Camera,Power Mirror",,"Welcome to NJ Japan Motors Australia<br />With nearly 25 years of experience in the automotive industry, NJ Japan Motors is proudly trusted across multiple countries for our outstanding customer service and quality vehicles. We specialise in a wide range of carefully selected, used Japanese-imported cars — all inspected and ready for Australian roads.<br /><br />🚗 This Vehicle is Currently IN TRANSIT<br />Enquire now to secure it before arrival.<br /><br />📍 Visit Us:<br />205 Ballarat Road, Maidstone, Victoria 3012<br />247 Boundary Road, Mordialloc VIC 3195<br />33 Randall St, Slacks Creek, QLD 4127<br /><br />📞 Call Us: +61 3 7044 8094 or +61 3 4329 0786<br />📧 Email: sales@njmotors.com.au<br />🌐 Browse Our Stock: www.njmotors.com.au<br /> <br />LMCT: 12702",4,GWS204,,,False,False,False,A,True,,,2WD,4,6,,False,GWS204-0009744,Beige,QLD,06/08,,,,,,,,Yes,,,False,On_Order,,,,,,,,,0,,,,,5
101309,Nissan,Elgrand,350 Highway Star Premium,,,,2011,79589,Van,Black,3500,Auto,Petrol,"Power Window,Power Steering,Air Condition,Push Start,Power Slide Doors,ABS Brakes,Alloy Wheels,Sunroof",,"Welcome to NJ Japan Motors Australia<br />With nearly 25 years of experience in the automotive industry, NJ Japan Motors is proudly trusted across multiple countries for our outstanding customer service and quality vehicles. We specialise in a wide range of carefully selected, used Japanese-imported cars — all inspected and ready for Australian roads.<br /><br />🚗 This Vehicle is Currently IN TRANSIT<br />Enquire now to secure it before arrival.<br /><br />📍 Visit Us:<br />205 Ballarat Road, Maidstone, Victoria 3012<br />247 Boundary Road, Mordialloc VIC 3195<br />33 Randall St, Slacks Creek, QLD 4127<br /><br />📞 Call Us: +61 3 7044 8094 or +61 3 4329 0786<br />📧 Email: sales@njmotors.com.au<br />🌐 Browse Our Stock: www.njmotors.com.au<br /> <br />LMCT: 12702",1,PE52,,,False,False,False,A,True,,,2WD,5,4,,False,PE52-006459,Gray,VIC,06/11,,,,,,,,Yes,,,False,On_Order,,,,,,,,,0,,,,,7
101312,Toyota,Mark X,Premium Type,,,,2012,88514,Sedan,Silver,3500,Auto,Petrol,"Power Window,Power Steering,Air Condition,Alloy Wheels",,"Welcome to NJ Japan Motors Australia<br />With nearly 25 years of experience in the automotive industry, NJ Japan Motors is proudly trusted across multiple countries for our outstanding customer service and quality vehicles. We specialise in a wide range of carefully selected, used Japanese-imported cars — all inspected and ready for Australian roads.<br /><br />🚗 This Vehicle is Currently IN TRANSIT<br />Enquire now to secure it before arrival.<br /><br />📍 Visit Us:<br />205 Ballarat Road, Maidstone, Victoria 3012<br />247 Boundary Road, Mordialloc VIC 3195<br />33 Randall St, Slacks Creek, QLD 4127<br /><br />📞 Call Us: +61 3 7044 8094 or +61 3 4329 0786<br />📧 Email: sales@njmotors.com.au<br />🌐 Browse Our Stock: www.njmotors.com.au<br /> <br />LMCT: 12702",2,GRX133,,,False,False,False,A,True,,,2WD,4,6,,False,GRX133-6002785,Gray,VIC,02/12,,,,,,,,Yes,,,False,On_Order,,,,,,,,,0,,,,,5
101313,Mercedes-Benz,S Class,S 400 HV AMG SPORT PKG,,,,2014,75615,Sedan,Pearl White,3500,Auto,Petrol,"Power WIndow,Power Steering,Air Condition,ABS Brakes",,"Welcome to NJ Japan Motors Australia<br />With nearly 25 years of experience in the automotive industry, NJ Japan Motors is proudly trusted across multiple countries for our outstanding customer service and quality vehicles. We specialise in a wide range of carefully selected, used Japanese-imported cars — all inspected and ready for Australian roads.<br /><br />🚗 This Vehicle is Currently IN TRANSIT<br />Enquire now to secure it before arrival.<br /><br />📍 Visit Us:<br />205 Ballarat Road, Maidstone, Victoria 3012<br />247 Boundary Road, Mordialloc VIC 3195<br />33 Randall St, Slacks Creek, QLD 4127<br /><br />📞 Call Us: +61 3 7044 8094 or +61 3 4329 0786<br />📧 Email: sales@njmotors.com.au<br />🌐 Browse Our Stock: www.njmotors.com.au<br /> <br />LMCT: 12702",2,WDD222,,,False,False,False,A,True,,,2WD,4,6,,False,WDD2220572A044447,Gray,VIC,02/14,,,,,,,,Yes,,,False,On_Order,,,,,,,,,0,,,,,5
101314,Toyota,Crown,Majesta C Type,,,,2012,83709,Sedan,Silver,4600,Auto,Hybrid,"Power Window,Power Steering,Air COndition,ABS Brakes",,"Welcome to NJ Japan Motors Australia<br />With nearly 25 years of experience in the automotive industry, NJ Japan Motors is proudly trusted across multiple countries for our outstanding customer service and quality vehicles. We specialise in a wide range of carefully selected, used Japanese-imported cars — all inspected and ready for Australian roads.<br /><br />🚗 This Vehicle is Currently IN TRANSIT<br />Enquire now to secure it before arrival.<br /><br />📍 Visit Us:<br />205 Ballarat Road, Maidstone, Victoria 3012<br />247 Boundary Road, Mordialloc VIC 3195<br />33 Randall St, Slacks Creek, QLD 4127<br /><br />📞 Call Us: +61 3 7044 8094 or +61 3 4329 0786<br />📧 Email: sales@njmotors.com.au<br />🌐 Browse Our Stock: www.njmotors.com.au<br /> <br />LMCT: 12702",2,URS206,,,False,False,False,A,True,,,2WD,4,4,,False,URS206-1006859,Gray,VIC,04/12,,,,,,,,Yes,,,False,On_Order,,,,,,,,,0,,,,,5
101315,Suzuki,Ignis,HYBRID MG,,,,2018,65356,Hatchback,Black,1200,Auto,Hybrid,"Power Window,Power Steering,Air Condition",,"Welcome to NJ Japan Motors Australia<br />With nearly 25 years of experience in the automotive industry, NJ Japan Motors is proudly trusted across multiple countries for our outstanding customer service and quality vehicles. We specialise in a wide range of carefully selected, used Japanese-imported cars — all inspected and ready for Australian roads.<br /><br />🚗 This Vehicle is Currently IN TRANSIT<br />Enquire now to secure it before arrival.<br /><br />📍 Visit Us:<br />205 Ballarat Road, Maidstone, Victoria 3012<br />247 Boundary Road, Mordialloc VIC 3195<br />33 Randall St, Slacks Creek, QLD 4127<br /><br />📞 Call Us: +61 3 7044 8094 or +61 3 4329 0786<br />📧 Email: sales@njmotors.com.au<br />🌐 Browse Our Stock: www.njmotors.com.au<br /> <br />LMCT: 12702",1,FF21S,,,False,False,False,A,True,,,2WD,5,4,,False,FF21S-140406,Gray,VIC,09/18,,,,,,,,Yes,,,False,On_Order,,,,,,,,,0,,,,,5
